ReturnID,SaleID,OrderID,ReturnDate,DaysAfterPurchase,ReturnReason,ReturnQuantity,RefundAmount,RestockingFee,ReturnStatus
R0000001,SL000000005,O00000003,2024-07-10,14,Late delivery,1,98.48,0.0,Completed
R0000002,SL000000034,O00000020,2023-12-19,26,Not as described,1,58.4,0.0,Completed
R0000003,SL000000047,O00000027,2024-09-28,8,Faulty product,3,57.71,0.0,Completed
R0000004,SL000000062,O00000037,2025-12-26,3,Size or fit issue,1,28.56,0.0,Completed
R0000005,SL000000102,O00000063,2025-02-12,15,Faulty product,1,11.44,0.0,Completed
R0000006,SL000000108,O00000067,2024-07-06,6,Not as described,4,165.42,0.0,Completed
R0000007,SL000000125,O00000075,2025-01-01,9,Not as described,1,2.91,0.0,Completed
R0000008,SL000000134,O00000082,2023-09-24,9,Damaged item,1,29.67,0.0,Completed
R0000009,SL000000221,O00000130,2023-10-04,7,Changed mind,1,88.74,0.0,Completed
R0000010,SL000000278,O00000164,2023-03-18,23,Damaged item,2,52.32,0.0,Completed
R0000011,SL000000292,O00000176,2024-04-24,4,Changed mind,1,98.53,0.0,Completed
R0000012,SL000000308,O00000186,2023-01-31,11,Faulty product,1,15.0,0.0,Completed
R0000013,SL000000377,O00000225,2024-08-02,7,Incorrect item,1,129.13,0.0,Completed
R0000014,SL000000389,O00000233,2023-07-17,4,Size or fit issue,1,39.91,0.0,Completed
R0000015,SL000000398,O00000240,2026-01-01,22,Faulty product,1,59.86,0.0,Completed
R0000016,SL000000422,O00000258,2025-06-21,24,Incorrect item,1,4.29,0.0,Completed
R0000017,SL000000451,O00000275,2023-11-23,6,Not as described,2,235.83,0.0,Completed
R0000018,SL000000462,O00000283,2024-07-11,3,Faulty product,2,56.64,0.0,Completed
R0000019,SL000000468,O00000286,2024-12-13,12,Damaged item,1,30.45,0.0,Completed
R0000020,SL000000471,O00000287,2023-03-13,3,Size or fit issue,1,7.76,0.0,Pending
R0000021,SL000000472,O00000287,2023-03-20,10,Incorrect item,1,783.0,0.0,Completed
R0000022,SL000000474,O00000289,2025-04-22,21,Damaged item,1,76.0,0.0,Completed
R0000023,SL000000481,O00000292,2024-03-15,26,Damaged item,1,192.71,0.0,Pending
R0000024,SL000000497,O00000303,2023-11-10,20,Size or fit issue,1,18.87,0.0,Completed
R0000025,SL000000502,O00000305,2023-01-24,8,Incorrect item,1,30.24,0.0,Completed
R0000026,SL000000509,O00000308,2023-12-18,4,Changed mind,1,52.0,0.0,Completed
R0000027,SL000000554,O00000334,2023-04-24,12,Incorrect item,1,20.09,0.0,Completed
R0000028,SL000000567,O00000339,2023-02-04,1,Faulty product,1,35.77,0.0,Pending
R0000029,SL000000570,O00000341,2023-05-14,4,Changed mind,1,249.99,0.0,Completed
R0000030,SL000000581,O00000347,2024-08-22,11,Changed mind,1,105.12,18.55,Completed
R0000031,SL000000584,O00000350,2025-11-07,7,Late delivery,1,275.89,0.0,Completed
R0000032,SL000000588,O00000352,2025-11-15,8,Changed mind,1,51.27,0.0,Completed
R0000033,SL000000595,O00000354,2024-02-23,1,Faulty product,1,166.0,0.0,Completed
R0000034,SL000000618,O00000369,2025-12-28,5,Not as described,1,69.09,0.0,Completed
R0000035,SL000000642,O00000386,2025-12-24,15,Incorrect item,1,11.08,0.0,Completed
R0000036,SL000000651,O00000391,2024-08-12,13,Incorrect item,1,133.03,0.0,Completed
R0000037,SL000000656,O00000394,2023-11-22,2,Not as described,1,221.02,0.0,Completed
R0000038,SL000000668,O00000399,2025-12-22,11,Faulty product,1,155.29,0.0,Completed
R0000039,SL000000684,O00000408,2023-11-03,7,Faulty product,1,17.93,0.0,Pending
R0000040,SL000000704,O00000417,2025-08-02,5,Damaged item,1,14.55,0.0,Completed
R0000041,SL000000725,O00000427,2023-06-21,10,Damaged item,1,76.12,0.0,Completed
R0000042,SL000000769,O00000450,2025-04-08,4,Damaged item,1,28.17,0.0,Completed
R0000043,SL000000771,O00000452,2023-12-31,26,Incorrect item,1,80.0,0.0,Completed
R0000044,SL000000786,O00000459,2023-10-31,19,Damaged item,1,60.7,0.0,Completed
R0000045,SL000000801,O00000468,2024-02-05,3,Late delivery,1,31.66,0.0,Completed
R0000046,SL000000824,O00000481,2023-10-02,20,Changed mind,1,15.46,0.0,Completed
R0000047,SL000000838,O00000491,2024-08-13,5,Changed mind,1,63.88,0.0,Completed
R0000048,SL000000874,O00000507,2025-05-11,7,Faulty product,2,262.82,0.0,Completed
R0000049,SL000000880,O00000510,2025-04-26,18,Changed mind,1,29.15,5.14,Completed
R0000050,SL000000885,O00000514,2025-08-23,17,Changed mind,4,143.07,0.0,Completed
R0000051,SL000000908,O00000530,2025-06-27,17,Faulty product,1,96.97,0.0,Completed
R0000052,SL000000920,O00000536,2024-11-05,15,Not as described,1,49.73,0.0,Completed
R0000053,SL000000958,O00000554,2023-07-03,30,Damaged item,3,24.93,0.0,Completed
R0000054,SL000000971,O00000561,2023-09-08,15,Size or fit issue,4,20.29,0.0,Completed
R0000055,SL000000998,O00000578,2025-07-25,11,Changed mind,2,20.2,3.56,Completed
R0000056,SL000001002,O00000581,2024-12-30,2,Changed mind,4,227.86,0.0,Completed
R0000057,SL000001030,O00000596,2025-11-27,2,Late delivery,1,11.66,0.0,Completed
R0000058,SL000001065,O00000611,2024-07-07,22,Late delivery,1,82.72,0.0,Completed
R0000059,SL000001082,O00000619,2024-07-27,3,Faulty product,1,176.71,0.0,Completed
R0000060,SL000001094,O00000626,2025-01-31,14,Damaged item,1,104.55,0.0,Completed
R0000061,SL000001103,O00000632,2023-04-29,15,Faulty product,1,213.83,0.0,Completed
R0000062,SL000001109,O00000636,2024-11-24,13,Changed mind,1,377.88,0.0,Completed
R0000063,SL000001124,O00000647,2025-03-21,3,Faulty product,1,86.97,0.0,Completed
R0000064,SL000001143,O00000660,2024-06-04,6,Incorrect item,1,79.2,0.0,Completed
R0000065,SL000001155,O00000668,2025-04-09,4,Changed mind,1,77.6,0.0,Completed
R0000066,SL000001206,O00000696,2025-07-23,14,Changed mind,4,40.49,7.15,Completed
R0000067,SL000001207,O00000696,2025-07-16,7,Changed mind,1,17.67,0.0,Completed
R0000068,SL000001218,O00000699,2024-05-30,14,Late delivery,1,45.75,0.0,Completed
R0000069,SL000001266,O00000723,2025-07-24,4,Not as described,2,69.3,0.0,Completed
R0000070,SL000001291,O00000738,2024-09-07,4,Damaged item,1,158.18,0.0,Completed
R0000071,SL000001316,O00000751,2025-02-14,6,Faulty product,2,65.8,0.0,Completed
R0000072,SL000001362,O00000777,2025-11-29,4,Faulty product,1,49.74,0.0,Completed
R0000073,SL000001388,O00000791,2023-06-27,4,Not as described,1,16.97,0.0,Completed
R0000074,SL000001421,O00000810,2025-09-30,2,Changed mind,1,125.25,22.1,Completed
R0000075,SL000001438,O00000818,2025-06-19,15,Faulty product,1,33.78,0.0,Completed
R0000076,SL000001468,O00000835,2025-06-13,4,Late delivery,1,39.83,0.0,Completed
R0000077,SL000001473,O00000840,2026-01-18,32,Late delivery,1,21.89,0.0,Completed
R0000078,SL000001541,O00000882,2024-03-23,4,Changed mind,2,58.31,10.29,Completed
R0000079,SL000001562,O00000895,2023-02-11,17,Incorrect item,4,114.96,0.0,Completed
R0000080,SL000001595,O00000909,2025-06-25,7,Damaged item,1,301.39,0.0,Completed
R0000081,SL000001603,O00000914,2025-11-02,24,Changed mind,1,42.34,7.47,Completed
R0000082,SL000001629,O00000932,2023-07-31,10,Faulty product,1,15.68,0.0,Completed
R0000083,SL000001708,O00000972,2025-05-03,19,Changed mind,1,394.54,0.0,Completed
R0000084,SL000001727,O00000982,2023-10-11,7,Damaged item,2,104.98,0.0,Pending
R0000085,SL000001728,O00000983,2026-01-01,31,Changed mind,1,148.86,0.0,Completed
R0000086,SL000001769,O00001001,2023-11-30,5,Incorrect item,1,25.9,0.0,Completed
R0000087,SL000001839,O00001040,2024-08-08,12,Changed mind,1,9.53,1.68,Completed
R0000088,SL000001880,O00001070,2023-11-27,3,Damaged item,2,12.16,0.0,Completed
R0000089,SL000001886,O00001072,2023-02-01,5,Damaged item,1,93.09,0.0,Completed
R0000090,SL000001974,O00001134,2025-04-30,21,Not as described,1,72.33,0.0,Completed
R0000091,SL000001994,O00001148,2024-12-30,8,Incorrect item,1,238.33,0.0,Completed
R0000092,SL000001996,O00001149,2025-01-18,6,Changed mind,1,330.04,0.0,Completed
R0000093,SL000002006,O00001154,2025-03-08,9,Faulty product,1,23.06,0.0,Completed
R0000094,SL000002011,O00001156,2023-08-11,11,Faulty product,1,16.78,0.0,Completed
R0000095,SL000002019,O00001159,2025-04-30,15,Changed mind,3,26.7,0.0,Completed
R0000096,SL000002020,O00001160,2025-06-20,17,Faulty product,1,64.53,0.0,Completed
R0000097,SL000002022,O00001161,2023-10-27,3,Incorrect item,2,107.22,0.0,Completed
R0000098,SL000002031,O00001165,2023-12-13,3,Not as described,1,151.68,0.0,Completed
R0000099,SL000002056,O00001178,2023-03-11,13,Late delivery,1,72.49,0.0,Completed
R0000100,SL000002093,O00001202,2024-12-23,19,Changed mind,1,13.55,2.39,Completed
R0000101,SL000002094,O00001203,2024-04-08,7,Not as described,1,77.67,0.0,Completed
R0000102,SL000002098,O00001205,2023-08-07,16,Not as described,1,272.54,0.0,Completed
R0000103,SL000002101,O00001205,2023-07-23,1,Changed mind,1,217.29,0.0,Completed
R0000104,SL000002108,O00001211,2023-05-18,1,Changed mind,4,121.53,21.45,Completed
R0000105,SL000002148,O00001238,2023-12-20,3,Faulty product,1,10.2,0.0,Completed
R0000106,SL000002164,O00001249,2025-05-02,3,Changed mind,1,38.09,6.72,Completed
R0000107,SL000002177,O00001258,2024-01-06,6,Changed mind,2,257.56,0.0,Completed
R0000108,SL000002220,O00001280,2025-08-31,20,Damaged item,1,232.65,0.0,Pending
R0000109,SL000002230,O00001284,2023-11-30,8,Incorrect item,2,27.5,0.0,Pending
R0000110,SL000002252,O00001297,2024-09-30,19,Changed mind,1,127.39,0.0,Completed
R0000111,SL000002261,O00001302,2024-04-15,7,Size or fit issue,1,35.0,0.0,Completed
R0000112,SL000002279,O00001311,2025-09-29,2,Changed mind,1,20.79,0.0,Completed
R0000113,SL000002286,O00001317,2025-09-22,13,Late delivery,1,25.27,0.0,Pending
R0000114,SL000002306,O00001328,2025-01-02,3,Faulty product,1,50.76,0.0,Pending
R0000115,SL000002315,O00001336,2025-06-15,13,Not as described,1,23.38,0.0,Completed
R0000116,SL000002337,O00001349,2023-12-23,20,Incorrect item,2,77.83,0.0,Completed
R0000117,SL000002391,O00001375,2025-03-25,7,Damaged item,1,50.24,0.0,Completed
R0000118,SL000002425,O00001399,2023-07-22,33,Damaged item,1,473.53,0.0,Completed
R0000119,SL000002452,O00001415,2023-12-12,5,Incorrect item,1,67.02,0.0,Completed
R0000120,SL000002453,O00001416,2024-10-01,15,Changed mind,1,63.59,0.0,Completed
R0000121,SL000002479,O00001428,2025-12-22,15,Changed mind,1,52.41,0.0,Completed
R0000122,SL000002487,O00001433,2023-09-19,14,Damaged item,3,26.45,0.0,Completed
R0000123,SL000002545,O00001473,2025-01-05,31,Changed mind,1,40.36,0.0,Completed
R0000124,SL000002561,O00001481,2025-02-01,32,Faulty product,3,56.51,0.0,Completed
R0000125,SL000002600,O00001504,2024-09-24,3,Late delivery,1,21.83,0.0,Completed
R0000126,SL000002630,O00001522,2023-10-13,5,Changed mind,1,395.06,0.0,Pending
R0000127,SL000002649,O00001531,2023-11-26,6,Damaged item,1,17.07,0.0,Completed
R0000128,SL000002653,O00001534,2023-05-11,6,Damaged item,3,69.18,0.0,Completed
R0000129,SL000002657,O00001536,2024-07-07,7,Changed mind,1,23.34,0.0,Completed
R0000130,SL000002700,O00001563,2023-12-31,10,Changed mind,1,80.0,0.0,Completed
R0000131,SL000002715,O00001574,2025-12-19,14,Damaged item,2,69.98,0.0,Completed
R0000132,SL000002720,O00001578,2024-11-19,6,Changed mind,1,10.1,1.78,Completed
R0000133,SL000002738,O00001591,2025-11-18,9,Incorrect item,4,200.48,0.0,Completed
R0000134,SL000002750,O00001595,2025-03-20,4,Changed mind,1,13.32,0.0,Completed
R0000135,SL000002787,O00001618,2025-11-14,11,Incorrect item,1,332.98,0.0,Completed
R0000136,SL000002791,O00001620,2024-07-29,29,Changed mind,4,34.53,0.0,Completed
R0000137,SL000002808,O00001631,2025-12-29,2,Changed mind,1,42.64,0.0,Completed
R0000138,SL000002835,O00001647,2023-12-29,7,Size or fit issue,1,76.0,0.0,Completed
R0000139,SL000002841,O00001652,2025-02-06,5,Changed mind,1,78.4,0.0,Completed
R0000140,SL000002878,O00001673,2023-03-10,2,Incorrect item,1,33.95,0.0,Completed
R0000141,SL000002885,O00001676,2024-07-27,8,Damaged item,1,69.63,0.0,Completed
R0000142,SL000002895,O00001681,2023-05-16,13,Faulty product,1,73.45,0.0,Completed
R0000143,SL000002897,O00001683,2023-11-30,4,Damaged item,1,124.12,0.0,Completed
R0000144,SL000002908,O00001690,2024-09-07,8,Incorrect item,3,61.59,0.0,Completed
R0000145,SL000002914,O00001691,2024-10-08,19,Changed mind,1,60.9,10.75,Completed
R0000146,SL000002916,O00001693,2025-08-09,16,Not as described,4,133.0,0.0,Completed
R0000147,SL000002933,O00001706,2023-04-03,7,Faulty product,1,146.7,0.0,Completed
R0000148,SL000002939,O00001710,2023-12-23,4,Changed mind,1,115.55,0.0,Completed
R0000149,SL000002946,O00001714,2025-07-23,9,Changed mind,1,36.48,0.0,Pending
R0000150,SL000002985,O00001735,2023-09-04,4,Changed mind,2,30.78,0.0,Pending
R0000151,SL000003018,O00001750,2025-02-10,2,Size or fit issue,1,52.9,0.0,Completed
R0000152,SL000003051,O00001771,2024-11-27,21,Damaged item,1,119.16,0.0,Completed
R0000153,SL000003067,O00001780,2023-09-26,6,Changed mind,2,27.78,0.0,Completed
R0000154,SL000003076,O00001783,2025-02-23,8,Damaged item,3,98.7,0.0,Completed
R0000155,SL000003084,O00001788,2023-11-19,6,Damaged item,1,156.37,0.0,Completed
R0000156,SL000003110,O00001804,2025-06-17,8,Changed mind,2,96.36,17.0,Completed
R0000157,SL000003153,O00001833,2023-10-27,14,Faulty product,3,65.72,0.0,Completed
R0000158,SL000003163,O00001838,2023-07-19,8,Faulty product,1,11.88,0.0,Completed
R0000159,SL000003203,O00001860,2024-03-11,6,Late delivery,1,15.22,0.0,Completed
R0000160,SL000003231,O00001875,2024-07-12,18,Faulty product,1,167.12,0.0,Completed
R0000161,SL000003236,O00001877,2026-01-18,28,Not as described,1,65.24,0.0,Completed
R0000162,SL000003267,O00001896,2023-05-23,12,Changed mind,1,32.2,0.0,Completed
R0000163,SL000003275,O00001902,2024-12-06,3,Late delivery,1,171.3,0.0,Completed
R0000164,SL000003282,O00001906,2023-12-13,3,Incorrect item,1,7.04,0.0,Completed
R0000165,SL000003325,O00001934,2025-11-24,6,Not as described,1,144.05,0.0,Completed
R0000166,SL000003333,O00001939,2025-07-04,6,Changed mind,1,16.01,0.0,Completed
R0000167,SL000003334,O00001940,2023-01-26,17,Incorrect item,1,90.12,0.0,Completed
R0000168,SL000003360,O00001960,2023-03-19,17,Faulty product,1,47.94,0.0,Completed
R0000169,SL000003362,O00001962,2024-11-28,7,Damaged item,1,33.62,0.0,Completed
R0000170,SL000003369,O00001965,2024-09-15,19,Faulty product,4,42.56,0.0,Completed
R0000171,SL000003380,O00001975,2023-05-09,34,Changed mind,1,11.64,0.0,Completed
R0000172,SL000003443,O00002016,2023-12-25,2,Damaged item,1,21.82,0.0,Completed
R0000173,SL000003461,O00002026,2024-12-04,31,Damaged item,2,156.8,0.0,Completed
R0000174,SL000003478,O00002039,2025-02-01,5,Changed mind,1,3.6,0.0,Completed
R0000175,SL000003501,O00002054,2024-06-17,11,Incorrect item,1,34.3,0.0,Completed
R0000176,SL000003531,O00002071,2024-08-15,18,Faulty product,4,205.08,0.0,Completed
R0000177,SL000003541,O00002076,2025-12-14,10,Damaged item,2,11.8,0.0,Completed
R0000178,SL000003592,O00002101,2024-01-14,30,Faulty product,2,171.17,0.0,Completed
R0000179,SL000003599,O00002106,2024-06-16,2,Changed mind,1,76.46,13.49,Completed
R0000180,SL000003606,O00002110,2024-04-11,19,Not as described,1,34.3,0.0,Completed
R0000181,SL000003610,O00002113,2025-12-21,12,Incorrect item,1,252.26,0.0,Completed
R0000182,SL000003650,O00002134,2025-08-04,10,Damaged item,1,11.52,0.0,Completed
R0000183,SL000003673,O00002150,2024-12-21,12,Damaged item,1,63.26,0.0,Completed
R0000184,SL000003678,O00002154,2024-03-17,12,Changed mind,1,34.65,0.0,Completed
R0000185,SL000003710,O00002175,2025-11-21,6,Not as described,1,177.96,0.0,Completed
R0000186,SL000003740,O00002197,2023-02-26,6,Incorrect item,1,68.07,0.0,Completed
R0000187,SL000003770,O00002210,2024-11-25,30,Changed mind,2,18.86,3.33,Completed
R0000188,SL000003811,O00002234,2023-11-30,9,Changed mind,1,20.02,0.0,Pending
R0000189,SL000003824,O00002244,2024-02-01,15,Changed mind,1,18.27,0.0,Pending
R0000190,SL000003825,O00002244,2024-01-28,11,Changed mind,1,370.25,0.0,Completed
R0000191,SL000003828,O00002246,2024-03-12,11,Faulty product,1,191.85,0.0,Completed
R0000192,SL000003830,O00002247,2025-10-28,22,Incorrect item,4,133.0,0.0,Completed
R0000193,SL000003833,O00002248,2024-02-25,2,Damaged item,1,113.45,0.0,Completed
R0000194,SL000003863,O00002266,2025-01-29,45,Changed mind,1,399.13,0.0,Pending
R0000195,SL000003876,O00002274,2023-10-26,15,Size or fit issue,2,82.08,0.0,Completed
R0000196,SL000003897,O00002284,2025-02-18,5,Changed mind,1,106.83,0.0,Completed
R0000197,SL000003903,O00002287,2025-03-05,22,Size or fit issue,1,44.81,0.0,Completed
R0000198,SL000003915,O00002291,2024-10-13,14,Damaged item,1,252.57,0.0,Completed
R0000199,SL000003940,O00002309,2025-02-17,20,Not as described,1,206.39,0.0,Completed
R0000200,SL000004059,O00002381,2023-09-17,5,Changed mind,1,29.15,5.14,Completed
R0000201,SL000004104,O00002406,2025-01-08,8,Not as described,1,157.69,0.0,Completed
R0000202,SL000004111,O00002410,2024-01-08,16,Size or fit issue,1,30.8,0.0,Completed
R0000203,SL000004129,O00002421,2025-03-16,10,Damaged item,1,19.22,0.0,Completed
R0000204,SL000004157,O00002441,2025-11-02,14,Late delivery,1,68.22,0.0,Completed
R0000205,SL000004158,O00002441,2025-10-30,11,Not as described,2,51.58,0.0,Completed
R0000206,SL000004160,O00002441,2025-11-19,31,Not as described,1,275.89,0.0,Completed
R0000207,SL000004246,O00002493,2026-01-10,40,Faulty product,2,119.76,0.0,Completed
R0000208,SL000004258,O00002498,2024-05-30,19,Changed mind,1,82.42,14.55,Completed
R0000209,SL000004269,O00002504,2024-06-23,8,Changed mind,1,30.82,5.44,Completed
R0000210,SL000004294,O00002519,2025-02-25,12,Faulty product,1,28.84,0.0,Completed
R0000211,SL000004320,O00002535,2023-12-17,6,Faulty product,1,16.77,0.0,Completed
R0000212,SL000004324,O00002538,2025-12-28,8,Faulty product,1,553.55,0.0,Completed
R0000213,SL000004338,O00002546,2023-12-18,11,Size or fit issue,1,10.48,0.0,Completed
R0000214,SL000004361,O00002558,2023-12-21,11,Faulty product,1,194.22,0.0,Completed
R0000215,SL000004372,O00002567,2023-12-08,17,Changed mind,1,17.3,0.0,Completed
R0000216,SL000004377,O00002569,2023-04-12,1,Incorrect item,4,47.04,0.0,Completed
R0000217,SL000004380,O00002572,2025-11-29,17,Faulty product,1,63.92,0.0,Completed
R0000218,SL000004394,O00002581,2024-06-12,25,Not as described,1,85.88,0.0,Completed
R0000219,SL000004396,O00002583,2025-12-12,2,Changed mind,1,155.29,0.0,Completed
R0000220,SL000004412,O00002591,2023-09-04,4,Damaged item,2,300.23,0.0,Completed
R0000221,SL000004445,O00002607,2025-11-30,3,Faulty product,1,50.41,0.0,Completed
R0000222,SL000004471,O00002618,2025-11-22,3,Damaged item,1,13.61,0.0,Completed
R0000223,SL000004492,O00002634,2024-02-11,17,Changed mind,1,131.41,0.0,Completed
R0000224,SL000004507,O00002648,2025-09-29,3,Size or fit issue,1,200.23,0.0,Completed
R0000225,SL000004514,O00002652,2025-05-30,9,Not as described,4,53.26,0.0,Completed
R0000226,SL000004549,O00002673,2024-12-04,17,Changed mind,1,72.38,0.0,Completed
R0000227,SL000004552,O00002675,2023-12-25,6,Changed mind,2,129.21,22.8,Completed
R0000228,SL000004573,O00002692,2024-12-27,10,Incorrect item,1,62.59,0.0,Completed
R0000229,SL000004583,O00002698,2025-09-17,24,Changed mind,1,45.97,0.0,Completed
R0000230,SL000004598,O00002706,2024-11-25,29,Faulty product,1,49.73,0.0,Completed
R0000231,SL000004608,O00002712,2025-10-09,5,Faulty product,1,63.88,0.0,Completed
R0000232,SL000004645,O00002732,2024-12-29,8,Faulty product,1,151.72,0.0,Completed
R0000233,SL000004646,O00002733,2025-09-20,42,Faulty product,1,50.59,0.0,Completed
R0000234,SL000004683,O00002758,2025-12-17,2,Damaged item,1,15.62,0.0,Completed
R0000235,SL000004731,O00002792,2024-11-28,8,Size or fit issue,1,22.34,0.0,Completed
R0000236,SL000004773,O00002817,2023-07-24,18,Faulty product,1,17.27,0.0,Completed
R0000237,SL000004784,O00002826,2025-11-09,15,Late delivery,1,78.51,0.0,Completed
R0000238,SL000004811,O00002844,2024-08-25,13,Changed mind,1,57.36,10.12,Completed
R0000239,SL000004817,O00002846,2025-01-19,2,Not as described,1,131.41,0.0,Completed
R0000240,SL000004828,O00002849,2025-12-13,26,Changed mind,1,7.55,1.33,Completed
R0000241,SL000004862,O00002868,2024-12-09,1,Changed mind,1,192.77,34.02,Completed
R0000242,SL000004876,O00002876,2024-03-28,6,Changed mind,1,24.55,0.0,Completed
R0000243,SL000004885,O00002880,2023-10-20,4,Changed mind,1,34.65,0.0,Pending
R0000244,SL000004890,O00002884,2025-07-29,3,Late delivery,2,260.19,0.0,Completed
R0000245,SL000004934,O00002905,2025-02-09,4,Incorrect item,1,51.96,0.0,Completed
R0000246,SL000004938,O00002907,2024-12-15,20,Size or fit issue,4,51.12,0.0,Completed
R0000247,SL000004942,O00002910,2024-12-27,24,Changed mind,1,24.48,0.0,Completed
R0000248,SL000005004,O00002949,2024-11-18,5,Damaged item,1,219.22,0.0,Completed
R0000249,SL000005033,O00002969,2025-07-17,42,Faulty product,1,25.54,0.0,Completed
R0000250,SL000005053,O00002981,2023-11-01,3,Faulty product,1,5.98,0.0,Pending
R0000251,SL000005085,O00003002,2024-01-23,10,Not as described,1,170.2,0.0,Completed
R0000252,SL000005165,O00003050,2024-12-24,4,Changed mind,1,381.7,0.0,Completed
R0000253,SL000005169,O00003054,2025-02-09,2,Not as described,1,14.03,0.0,Completed
R0000254,SL000005202,O00003071,2025-05-21,4,Faulty product,1,23.38,0.0,Completed
R0000255,SL000005246,O00003097,2023-12-05,11,Damaged item,1,56.91,0.0,Completed
R0000256,SL000005249,O00003098,2023-03-30,7,Damaged item,4,114.96,0.0,Completed
R0000257,SL000005250,O00003099,2024-04-22,18,Changed mind,4,137.2,0.0,Completed
R0000258,SL000005274,O00003111,2025-10-29,6,Incorrect item,4,73.92,0.0,Completed
R0000259,SL000005296,O00003124,2023-07-29,22,Damaged item,1,17.95,0.0,Completed
R0000260,SL000005307,O00003129,2024-12-01,11,Faulty product,1,305.46,0.0,Completed
R0000261,SL000005312,O00003132,2025-03-13,7,Incorrect item,2,9.08,0.0,Completed
R0000262,SL000005379,O00003173,2023-08-11,4,Changed mind,4,123.97,21.88,Completed
R0000263,SL000005411,O00003192,2025-09-26,13,Damaged item,1,18.25,0.0,Completed
R0000264,SL000005432,O00003205,2025-11-23,14,Incorrect item,1,373.18,0.0,Completed
R0000265,SL000005472,O00003225,2023-05-18,28,Faulty product,2,103.65,0.0,Pending
R0000266,SL000005504,O00003242,2024-02-01,8,Changed mind,2,130.72,23.07,Completed
R0000267,SL000005519,O00003252,2024-02-22,29,Faulty product,1,88.47,0.0,Completed
R0000268,SL000005554,O00003273,2025-08-29,21,Size or fit issue,1,19.89,0.0,Completed
R0000269,SL000005564,O00003281,2025-01-23,13,Incorrect item,2,83.52,0.0,Completed
R0000270,SL000005632,O00003323,2023-08-21,6,Size or fit issue,1,196.23,0.0,Completed
R0000271,SL000005640,O00003329,2025-01-09,2,Incorrect item,1,11.21,0.0,Completed
R0000272,SL000005641,O00003330,2025-08-23,9,Changed mind,1,29.75,5.25,Completed
R0000273,SL000005667,O00003346,2023-12-10,8,Damaged item,1,29.75,0.0,Completed
R0000274,SL000005693,O00003361,2023-11-12,15,Changed mind,1,374.07,0.0,Completed
R0000275,SL000005704,O00003368,2025-04-30,2,Late delivery,1,93.09,0.0,Completed
R0000276,SL000005725,O00003381,2023-07-30,1,Incorrect item,4,175.57,0.0,Completed
R0000277,SL000005729,O00003383,2023-03-31,27,Changed mind,1,74.6,0.0,Completed
R0000278,SL000005737,O00003386,2024-08-06,20,Changed mind,1,68.24,0.0,Completed
R0000279,SL000005756,O00003398,2024-08-22,20,Size or fit issue,1,66.11,0.0,Completed
R0000280,SL000005774,O00003407,2025-12-19,27,Late delivery,1,95.06,0.0,Completed
R0000281,SL000005783,O00003413,2024-09-22,36,Faulty product,1,329.59,0.0,Completed
R0000282,SL000005795,O00003420,2023-02-14,9,Incorrect item,1,135.8,0.0,Completed
R0000283,SL000005804,O00003424,2024-03-06,17,Late delivery,1,10.93,0.0,Completed
R0000284,SL000005817,O00003434,2024-12-06,20,Changed mind,1,51.25,0.0,Completed
R0000285,SL000005831,O00003443,2025-01-25,28,Late delivery,1,24.19,0.0,Completed
R0000286,SL000005838,O00003447,2023-10-17,14,Faulty product,1,96.0,0.0,Completed
R0000287,SL000005869,O00003467,2024-07-13,33,Faulty product,2,180.63,0.0,Completed
R0000288,SL000005910,O00003497,2025-09-28,9,Size or fit issue,1,101.78,0.0,Completed
R0000289,SL000005947,O00003520,2023-06-25,8,Changed mind,1,26.6,0.0,Completed
R0000290,SL000005959,O00003526,2025-12-12,13,Damaged item,2,127.84,0.0,Completed
R0000291,SL000005967,O00003530,2024-02-17,1,Changed mind,1,154.81,0.0,Completed
R0000292,SL000005972,O00003532,2025-11-30,24,Faulty product,1,20.57,0.0,Completed
R0000293,SL000005986,O00003539,2024-01-09,11,Size or fit issue,1,127.21,0.0,Completed
R0000294,SL000005995,O00003544,2025-06-14,7,Changed mind,1,127.47,0.0,Completed
R0000295,SL000006011,O00003552,2026-01-03,20,Faulty product,1,65.96,0.0,Completed
R0000296,SL000006020,O00003557,2025-12-16,12,Faulty product,1,21.22,0.0,Completed
R0000297,SL000006036,O00003566,2024-07-31,5,Faulty product,1,78.4,0.0,Completed
R0000298,SL000006065,O00003586,2025-11-26,17,Changed mind,1,64.6,11.4,Completed
R0000299,SL000006071,O00003589,2023-02-01,5,Damaged item,3,35.64,0.0,Pending
R0000300,SL000006106,O00003607,2024-10-27,10,Faulty product,1,7.68,0.0,Completed
R0000301,SL000006110,O00003610,2023-03-25,20,Faulty product,1,33.6,0.0,Completed
R0000302,SL000006124,O00003619,2025-06-10,9,Faulty product,1,20.28,0.0,Completed
R0000303,SL000006157,O00003637,2023-06-07,7,Changed mind,2,99.11,0.0,Completed
R0000304,SL000006160,O00003638,2025-12-15,9,Size or fit issue,1,29.75,0.0,Completed
R0000305,SL000006161,O00003638,2025-12-09,3,Not as described,2,27.36,0.0,Completed
R0000306,SL000006162,O00003639,2024-12-26,11,Not as described,4,112.15,0.0,Completed
R0000307,SL000006209,O00003665,2024-06-22,26,Size or fit issue,1,34.65,0.0,Completed
R0000308,SL000006214,O00003668,2025-09-14,2,Faulty product,3,114.16,0.0,Completed
R0000309,SL000006253,O00003686,2024-10-22,9,Damaged item,1,95.03,0.0,Completed
R0000310,SL000006257,O00003686,2024-10-27,14,Faulty product,2,23.52,0.0,Completed
R0000311,SL000006263,O00003691,2024-06-03,19,Changed mind,1,29.15,5.14,Completed
R0000312,SL000006266,O00003691,2024-05-27,12,Faulty product,1,86.68,0.0,Completed
R0000313,SL000006270,O00003694,2023-09-17,14,Faulty product,1,188.82,0.0,Completed
R0000314,SL000006278,O00003698,2023-11-05,14,Changed mind,1,92.54,0.0,Completed
R0000315,SL000006291,O00003705,2025-05-24,8,Not as described,2,171.53,0.0,Completed
R0000316,SL000006294,O00003707,2025-12-30,11,Late delivery,1,155.63,0.0,Completed
R0000317,SL000006299,O00003710,2023-12-19,2,Changed mind,4,58.8,0.0,Completed
R0000318,SL000006323,O00003728,2024-06-09,11,Not as described,1,131.77,0.0,Completed
R0000319,SL000006340,O00003738,2023-05-19,19,Not as described,1,113.83,0.0,Completed
R0000320,SL000006347,O00003743,2025-08-05,23,Damaged item,3,125.27,0.0,Completed
R0000321,SL000006363,O00003753,2025-12-16,19,Changed mind,1,199.53,0.0,Completed
R0000322,SL000006392,O00003768,2025-12-02,3,Faulty product,2,70.0,0.0,Completed
R0000323,SL000006424,O00003790,2025-05-25,18,Changed mind,1,35.41,0.0,Completed
R0000324,SL000006465,O00003816,2024-07-24,7,Changed mind,1,4.87,0.0,Completed
R0000325,SL000006502,O00003839,2024-11-05,14,Not as described,1,18.16,0.0,Completed
R0000326,SL000006586,O00003887,2024-11-04,9,Faulty product,1,153.24,0.0,Completed
R0000327,SL000006615,O00003903,2025-03-05,8,Not as described,1,31.09,0.0,Completed
R0000328,SL000006631,O00003910,2024-08-27,1,Incorrect item,1,73.72,0.0,Completed
R0000329,SL000006655,O00003922,2025-10-22,12,Changed mind,2,55.54,0.0,Completed
R0000330,SL000006662,O00003924,2024-11-26,9,Late delivery,1,131.77,0.0,Completed
R0000331,SL000006732,O00003965,2025-01-09,9,Incorrect item,1,12.0,0.0,Completed
R0000332,SL000006743,O00003971,2024-09-16,11,Changed mind,2,97.06,0.0,Completed
R0000333,SL000006759,O00003978,2024-12-30,34,Damaged item,1,80.67,0.0,Completed
R0000334,SL000006799,O00004001,2024-03-14,6,Changed mind,1,87.55,0.0,Completed
R0000335,SL000006810,O00004007,2025-08-19,9,Incorrect item,1,68.07,0.0,Completed
R0000336,SL000006819,O00004010,2025-07-13,7,Incorrect item,1,39.43,0.0,Completed
R0000337,SL000006834,O00004019,2024-09-10,5,Changed mind,1,64.47,0.0,Completed
R0000338,SL000006876,O00004039,2024-06-15,21,Damaged item,1,11.44,0.0,Completed
R0000339,SL000006899,O00004055,2025-06-20,1,Changed mind,1,68.33,0.0,Pending
R0000340,SL000006924,O00004069,2023-04-15,18,Not as described,1,23.41,0.0,Completed
R0000341,SL000006966,O00004097,2025-12-07,8,Not as described,1,31.73,0.0,Completed
R0000342,SL000006991,O00004108,2023-12-25,7,Damaged item,4,81.48,0.0,Completed
R0000343,SL000006994,O00004110,2024-01-18,39,Changed mind,1,30.8,0.0,Completed
R0000344,SL000006999,O00004113,2023-06-26,10,Changed mind,1,263.13,0.0,Completed
R0000345,SL000007006,O00004118,2023-05-18,12,Incorrect item,1,44.52,0.0,Completed
R0000346,SL000007018,O00004127,2025-01-04,13,Not as described,1,194.22,0.0,Completed
R0000347,SL000007060,O00004151,2023-03-17,9,Changed mind,2,68.6,0.0,Completed
R0000348,SL000007062,O00004152,2024-07-20,7,Changed mind,1,238.33,0.0,Completed
R0000349,SL000007073,O00004159,2025-01-30,4,Changed mind,1,79.95,14.11,Completed
R0000350,SL000007113,O00004187,2024-12-15,5,Damaged item,1,6.48,0.0,Completed
R0000351,SL000007123,O00004190,2023-10-29,1,Changed mind,2,82.26,0.0,Completed
R0000352,SL000007132,O00004196,2025-02-08,4,Faulty product,4,36.61,0.0,Completed
R0000353,SL000007134,O00004198,2025-06-22,4,Damaged item,3,56.46,0.0,Completed
R0000354,SL000007146,O00004204,2024-05-23,15,Faulty product,1,32.5,0.0,Completed
R0000355,SL000007169,O00004218,2025-12-07,10,Changed mind,1,131.78,0.0,Completed
R0000356,SL000007178,O00004224,2025-09-28,16,Size or fit issue,1,149.39,0.0,Completed
R0000357,SL000007201,O00004238,2023-06-29,8,Faulty product,1,100.54,0.0,Completed
R0000358,SL000007216,O00004244,2025-04-12,9,Damaged item,1,189.91,0.0,Completed
R0000359,SL000007256,O00004272,2024-03-02,4,Changed mind,1,16.5,0.0,Completed
R0000360,SL000007261,O00004275,2024-01-24,2,Changed mind,1,25.59,4.52,Completed
R0000361,SL000007288,O00004293,2024-04-01,11,Not as described,1,92.16,0.0,Completed
R0000362,SL000007290,O00004293,2024-03-25,4,Changed mind,1,18.25,0.0,Completed
R0000363,SL000007300,O00004301,2024-12-27,2,Faulty product,1,120.4,0.0,Completed
R0000364,SL000007330,O00004318,2024-12-02,7,Changed mind,1,38.7,0.0,Completed
R0000365,SL000007359,O00004333,2025-12-21,27,Damaged item,1,75.68,0.0,Completed
R0000366,SL000007362,O00004335,2025-04-24,8,Faulty product,1,35.52,0.0,Completed
R0000367,SL000007365,O00004337,2024-04-09,16,Late delivery,4,194.82,0.0,Completed
R0000368,SL000007378,O00004345,2024-09-28,5,Changed mind,1,10.1,1.78,Completed
R0000369,SL000007389,O00004349,2025-11-28,1,Changed mind,1,49.58,0.0,Completed
R0000370,SL000007427,O00004365,2024-12-01,11,Changed mind,1,294.67,0.0,Completed
R0000371,SL000007435,O00004369,2023-02-10,7,Damaged item,1,124.12,0.0,Completed
R0000372,SL000007512,O00004412,2024-07-29,13,Incorrect item,2,193.56,0.0,Completed
R0000373,SL000007538,O00004426,2023-06-04,11,Changed mind,1,324.44,57.25,Completed
R0000374,SL000007540,O00004427,2024-12-27,5,Changed mind,1,10.83,0.0,Completed
R0000375,SL000007556,O00004438,2025-07-16,5,Faulty product,2,22.8,0.0,Completed
R0000376,SL000007561,O00004442,2025-07-24,12,Faulty product,1,73.79,0.0,Completed
R0000377,SL000007563,O00004443,2025-11-24,1,Changed mind,1,155.65,0.0,Completed
R0000378,SL000007582,O00004451,2023-05-18,7,Size or fit issue,1,11.76,0.0,Completed
R0000379,SL000007601,O00004459,2024-12-28,1,Damaged item,2,50.98,0.0,Completed
R0000380,SL000007604,O00004462,2025-05-07,5,Changed mind,1,20.33,0.0,Completed
R0000381,SL000007638,O00004484,2024-11-05,24,Damaged item,1,138.69,0.0,Completed
R0000382,SL000007648,O00004489,2024-09-22,20,Changed mind,1,331.41,0.0,Completed
R0000383,SL000007657,O00004496,2025-12-18,4,Incorrect item,1,18.25,0.0,Completed
R0000384,SL000007708,O00004527,2023-11-30,8,Changed mind,3,17.24,3.04,Completed
R0000385,SL000007769,O00004566,2025-04-26,9,Changed mind,1,65.4,11.54,Completed
R0000386,SL000007782,O00004574,2024-03-11,23,Incorrect item,1,18.53,0.0,Completed
R0000387,SL000007783,O00004574,2024-03-15,27,Changed mind,1,35.0,0.0,Completed
R0000388,SL000007786,O00004576,2024-11-08,9,Damaged item,1,186.66,0.0,Completed
R0000389,SL000007802,O00004583,2023-06-25,12,Changed mind,1,155.46,27.43,Completed
R0000390,SL000007814,O00004590,2024-11-05,2,Not as described,1,92.16,0.0,Completed
R0000391,SL000007826,O00004597,2024-10-13,5,Changed mind,1,11.28,0.0,Completed
R0000392,SL000007847,O00004609,2024-08-10,10,Damaged item,3,52.48,0.0,Pending
R0000393,SL000007854,O00004614,2025-07-20,11,Changed mind,1,3.54,0.63,Completed
R0000394,SL000007860,O00004616,2025-12-04,17,Changed mind,4,99.4,0.0,Completed
R0000395,SL000007865,O00004619,2023-12-12,14,Size or fit issue,1,171.99,0.0,Completed
R0000396,SL000007893,O00004630,2023-03-27,11,Changed mind,4,60.0,0.0,Completed
R0000397,SL000007909,O00004640,2025-12-02,12,Changed mind,2,34.77,6.13,Completed
R0000398,SL000007924,O00004649,2025-12-03,15,Changed mind,1,5.92,0.0,Completed
R0000399,SL000007940,O00004657,2024-06-26,6,Changed mind,1,15.0,0.0,Completed
R0000400,SL000007953,O00004668,2023-05-02,8,Late delivery,1,386.65,0.0,Completed
R0000401,SL000007964,O00004674,2023-09-08,2,Damaged item,1,252.21,0.0,Pending
R0000402,SL000007980,O00004683,2024-10-28,13,Late delivery,1,32.55,0.0,Completed
R0000403,SL000008117,O00004764,2023-11-29,11,Changed mind,1,102.08,0.0,Pending
R0000404,SL000008126,O00004768,2025-12-06,10,Changed mind,3,62.48,11.02,Completed
R0000405,SL000008190,O00004806,2024-10-02,28,Changed mind,1,183.79,32.43,Completed
R0000406,SL000008199,O00004813,2025-05-13,17,Incorrect item,1,4.09,0.0,Completed
R0000407,SL000008243,O00004836,2025-01-24,2,Incorrect item,1,14.25,0.0,Completed
R0000408,SL000008250,O00004842,2024-11-24,1,Not as described,2,54.33,0.0,Completed
R0000409,SL000008274,O00004855,2024-01-31,9,Incorrect item,1,17.2,0.0,Completed
R0000410,SL000008275,O00004856,2024-05-11,14,Faulty product,1,178.49,0.0,Completed
R0000411,SL000008277,O00004856,2024-05-02,5,Not as described,1,33.57,0.0,Completed
R0000412,SL000008279,O00004856,2024-05-12,15,Changed mind,1,332.16,0.0,Completed
R0000413,SL000008310,O00004876,2023-12-27,7,Incorrect item,1,19.89,0.0,Completed
R0000414,SL000008317,O00004881,2023-12-31,10,Changed mind,3,74.62,0.0,Completed
R0000415,SL000008326,O00004887,2025-06-01,6,Size or fit issue,2,43.66,0.0,Completed
R0000416,SL000008330,O00004888,2023-07-16,25,Incorrect item,4,114.8,0.0,Completed
R0000417,SL000008331,O00004889,2025-12-11,7,Faulty product,1,12.21,0.0,Completed
R0000418,SL000008393,O00004931,2023-08-29,5,Late delivery,3,119.83,0.0,Completed
R0000419,SL000008405,O00004936,2024-12-18,7,Incorrect item,1,8.31,0.0,Completed
R0000420,SL000008424,O00004946,2025-01-03,10,Changed mind,1,50.17,0.0,Completed
R0000421,SL000008452,O00004963,2023-01-25,5,Changed mind,2,15.13,2.67,Completed
R0000422,SL000008453,O00004964,2023-11-30,12,Not as described,1,92.12,0.0,Completed
R0000423,SL000008484,O00004986,2025-01-06,15,Incorrect item,1,51.83,0.0,Completed
R0000424,SL000008499,O00004994,2023-07-24,3,Changed mind,1,11.88,0.0,Completed
R0000425,SL000008508,O00005002,2024-01-11,4,Incorrect item,1,399.13,0.0,Completed
R0000426,SL000008528,O00005014,2024-06-07,5,Faulty product,1,18.25,0.0,Completed
R0000427,SL000008543,O00005022,2023-07-07,22,Changed mind,1,88.12,15.55,Pending
R0000428,SL000008553,O00005030,2023-02-05,2,Not as described,1,22.79,0.0,Completed
R0000429,SL000008571,O00005041,2024-06-08,2,Late delivery,1,336.38,0.0,Completed
R0000430,SL000008572,O00005041,2024-07-05,29,Damaged item,3,143.14,0.0,Completed
R0000431,SL000008602,O00005064,2024-11-03,16,Changed mind,2,71.54,0.0,Completed
R0000432,SL000008609,O00005068,2023-02-28,6,Faulty product,1,23.43,0.0,Completed
R0000433,SL000008612,O00005070,2024-12-06,19,Incorrect item,2,116.28,0.0,Completed
R0000434,SL000008616,O00005072,2023-11-20,17,Faulty product,1,11.4,0.0,Pending
R0000435,SL000008634,O00005084,2025-09-18,6,Changed mind,1,150.36,0.0,Completed
R0000436,SL000008717,O00005134,2023-08-20,8,Late delivery,1,207.31,0.0,Completed
R0000437,SL000008719,O00005136,2025-09-28,8,Changed mind,2,136.0,0.0,Completed
R0000438,SL000008742,O00005148,2023-06-04,8,Damaged item,1,269.78,0.0,Completed
R0000439,SL000008751,O00005156,2023-03-03,11,Damaged item,1,146.99,0.0,Completed
R0000440,SL000008757,O00005161,2024-08-12,21,Faulty product,1,145.3,0.0,Completed
R0000441,SL000008774,O00005170,2025-12-22,6,Late delivery,1,41.79,0.0,Completed
R0000442,SL000008779,O00005173,2023-02-10,15,Late delivery,1,46.39,0.0,Completed
R0000443,SL000008797,O00005181,2024-08-02,13,Changed mind,1,243.24,0.0,Completed
R0000444,SL000008798,O00005182,2023-09-03,2,Changed mind,1,101.05,0.0,Completed
R0000445,SL000008856,O00005213,2023-12-14,17,Damaged item,2,53.2,0.0,Completed
R0000446,SL000008886,O00005228,2023-08-26,8,Changed mind,1,26.65,0.0,Completed
R0000447,SL000008941,O00005256,2024-07-26,1,Late delivery,2,93.81,0.0,Completed
R0000448,SL000008942,O00005257,2024-11-16,7,Not as described,1,71.96,0.0,Completed
R0000449,SL000008951,O00005264,2023-06-10,2,Late delivery,2,112.82,0.0,Completed
R0000450,SL000008962,O00005271,2023-03-06,9,Not as described,1,382.7,0.0,Completed
R0000451,SL000009010,O00005301,2025-01-31,16,Damaged item,1,230.02,0.0,Completed
R0000452,SL000009011,O00005302,2025-12-31,7,Changed mind,1,65.02,0.0,Completed
R0000453,SL000009021,O00005309,2025-09-18,8,Faulty product,2,218.02,0.0,Completed
R0000454,SL000009029,O00005317,2025-07-08,3,Changed mind,2,204.67,36.12,Completed
R0000455,SL000009034,O00005319,2025-03-26,19,Changed mind,1,11.21,0.0,Completed
R0000456,SL000009049,O00005329,2023-03-16,2,Not as described,2,34.19,0.0,Completed
R0000457,SL000009052,O00005332,2025-09-01,26,Size or fit issue,3,140.09,0.0,Completed
R0000458,SL000009078,O00005350,2024-02-15,11,Incorrect item,1,573.8,0.0,Completed
R0000459,SL000009087,O00005353,2023-12-27,4,Changed mind,1,65.02,0.0,Completed
R0000460,SL000009146,O00005392,2024-03-08,7,Late delivery,2,68.6,0.0,Completed
R0000461,SL000009176,O00005413,2024-02-21,5,Faulty product,1,28.45,0.0,Completed
R0000462,SL000009235,O00005445,2024-12-16,6,Not as described,4,108.63,0.0,Completed
R0000463,SL000009239,O00005447,2025-01-08,2,Damaged item,2,239.65,0.0,Pending
R0000464,SL000009248,O00005453,2025-12-28,2,Changed mind,4,138.6,0.0,Completed
R0000465,SL000009272,O00005470,2024-01-24,12,Changed mind,1,14.55,0.0,Completed
R0000466,SL000009286,O00005477,2025-06-06,6,Damaged item,1,33.33,0.0,Completed
R0000467,SL000009294,O00005481,2025-12-25,12,Changed mind,1,6.72,0.0,Completed
R0000468,SL000009327,O00005499,2025-07-28,4,Faulty product,1,105.74,0.0,Completed
R0000469,SL000009336,O00005503,2024-04-13,5,Faulty product,1,38.01,0.0,Completed
R0000470,SL000009359,O00005515,2024-07-14,4,Late delivery,1,7.84,0.0,Completed
R0000471,SL000009368,O00005520,2025-08-22,8,Not as described,1,35.0,0.0,Completed
R0000472,SL000009373,O00005524,2023-05-25,9,Changed mind,1,16.92,0.0,Completed
R0000473,SL000009390,O00005538,2024-12-24,16,Not as described,4,123.44,0.0,Completed
R0000474,SL000009407,O00005548,2025-07-21,9,Size or fit issue,3,120.7,0.0,Completed
R0000475,SL000009451,O00005573,2025-02-16,7,Changed mind,1,17.67,0.0,Completed
R0000476,SL000009465,O00005579,2023-10-31,7,Incorrect item,2,113.95,0.0,Completed
R0000477,SL000009475,O00005585,2023-11-26,3,Changed mind,3,63.37,11.18,Completed
R0000478,SL000009484,O00005591,2025-02-07,1,Changed mind,1,29.05,0.0,Completed
R0000479,SL000009499,O00005598,2023-12-06,18,Faulty product,1,24.94,0.0,Completed
R0000480,SL000009562,O00005640,2023-03-27,5,Damaged item,2,133.5,0.0,Completed
R0000481,SL000009573,O00005648,2025-07-19,4,Changed mind,4,143.79,0.0,Completed
R0000482,SL000009577,O00005651,2023-07-20,6,Not as described,1,129.39,0.0,Completed
R0000483,SL000009578,O00005651,2023-08-08,25,Size or fit issue,1,61.26,0.0,Completed
R0000484,SL000009585,O00005656,2025-12-19,15,Faulty product,1,87.6,0.0,Completed
R0000485,SL000009589,O00005659,2024-05-06,7,Changed mind,1,205.19,0.0,Completed
R0000486,SL000009594,O00005663,2025-07-06,15,Damaged item,4,87.98,0.0,Completed
R0000487,SL000009595,O00005664,2024-08-18,5,Incorrect item,2,24.0,0.0,Completed
R0000488,SL000009629,O00005685,2023-12-23,13,Size or fit issue,2,23.21,0.0,Completed
R0000489,SL000009658,O00005700,2024-11-01,6,Late delivery,2,68.6,0.0,Completed
R0000490,SL000009664,O00005704,2025-07-12,2,Not as described,3,34.56,0.0,Completed
R0000491,SL000009696,O00005723,2025-06-16,17,Incorrect item,3,105.0,0.0,Pending
R0000492,SL000009715,O00005733,2025-07-31,11,Changed mind,1,49.2,0.0,Completed
R0000493,SL000009722,O00005737,2023-06-04,22,Damaged item,1,20.1,0.0,Completed
R0000494,SL000009756,O00005759,2024-12-17,13,Changed mind,2,252.86,0.0,Completed
R0000495,SL000009760,O00005760,2024-12-29,9,Late delivery,1,35.74,0.0,Completed
R0000496,SL000009805,O00005793,2023-09-27,6,Changed mind,1,8.0,0.0,Completed
R0000497,SL000009823,O00005804,2024-01-18,10,Faulty product,1,14.55,0.0,Completed
R0000498,SL000009825,O00005806,2023-06-01,5,Changed mind,1,17.15,0.0,Completed
R0000499,SL000009841,O00005814,2024-12-02,1,Changed mind,1,245.7,0.0,Completed
R0000500,SL000009865,O00005826,2024-12-21,5,Faulty product,1,49.48,0.0,Completed
R0000501,SL000009880,O00005833,2023-04-25,22,Late delivery,1,16.75,0.0,Completed
R0000502,SL000009924,O00005860,2025-03-30,3,Changed mind,1,297.25,0.0,Completed
R0000503,SL000009927,O00005861,2025-10-18,3,Incorrect item,2,104.98,0.0,Completed
R0000504,SL000009936,O00005867,2024-08-06,12,Incorrect item,1,45.5,0.0,Completed
R0000505,SL000009978,O00005890,2023-08-19,4,Damaged item,1,41.89,0.0,Completed
R0000506,SL000009994,O00005901,2023-09-23,6,Faulty product,1,167.78,0.0,Completed
R0000507,SL000010007,O00005907,2023-04-05,1,Damaged item,1,172.39,0.0,Completed
R0000508,SL000010015,O00005910,2024-09-19,4,Incorrect item,1,80.49,0.0,Completed
R0000509,SL000010022,O00005916,2024-10-08,10,Size or fit issue,1,120.31,0.0,Completed
R0000510,SL000010044,O00005929,2023-03-17,12,Size or fit issue,2,28.81,0.0,Completed
R0000511,SL000010079,O00005947,2024-11-10,20,Not as described,1,8.0,0.0,Completed
R0000512,SL000010104,O00005961,2023-06-20,4,Changed mind,1,60.02,10.59,Pending
R0000513,SL000010108,O00005964,2025-09-22,6,Not as described,1,15.75,0.0,Completed
R0000514,SL000010115,O00005968,2025-01-14,7,Changed mind,1,6.66,1.18,Completed
R0000515,SL000010125,O00005974,2024-12-18,8,Damaged item,1,46.14,0.0,Completed
R0000516,SL000010128,O00005977,2025-07-03,16,Changed mind,2,46.0,0.0,Completed
R0000517,SL000010214,O00006029,2023-03-14,16,Changed mind,2,58.75,0.0,Completed
R0000518,SL000010227,O00006037,2025-01-06,5,Not as described,1,15.0,0.0,Completed
R0000519,SL000010243,O00006048,2025-06-15,14,Size or fit issue,1,2.91,0.0,Completed
R0000520,SL000010259,O00006057,2023-06-15,4,Incorrect item,1,104.71,0.0,Completed
R0000521,SL000010278,O00006069,2023-08-11,10,Changed mind,1,634.56,0.0,Completed
R0000522,SL000010312,O00006093,2024-11-26,4,Damaged item,1,55.64,0.0,Completed
R0000523,SL000010324,O00006096,2024-03-31,7,Not as described,4,174.45,0.0,Completed
R0000524,SL000010403,O00006150,2023-11-20,15,Faulty product,1,68.17,0.0,Completed
R0000525,SL000010404,O00006151,2023-10-11,31,Faulty product,3,127.92,0.0,Completed
R0000526,SL000010418,O00006158,2023-07-13,9,Faulty product,2,23.76,0.0,Completed
R0000527,SL000010424,O00006161,2025-10-20,11,Incorrect item,1,170.1,0.0,Completed
R0000528,SL000010444,O00006171,2024-03-28,6,Damaged item,1,317.05,0.0,Completed
R0000529,SL000010455,O00006175,2023-11-04,6,Not as described,2,67.9,0.0,Completed
R0000530,SL000010459,O00006178,2023-03-16,9,Late delivery,1,71.65,0.0,Completed
R0000531,SL000010471,O00006183,2024-01-23,26,Size or fit issue,2,33.61,0.0,Completed
R0000532,SL000010528,O00006221,2025-02-18,3,Late delivery,1,11.33,0.0,Completed
R0000533,SL000010570,O00006242,2025-01-08,18,Faulty product,3,56.54,0.0,Completed
R0000534,SL000010571,O00006243,2025-11-25,1,Faulty product,1,12.96,0.0,Completed
R0000535,SL000010574,O00006244,2024-04-28,14,Not as described,1,233.41,0.0,Completed
R0000536,SL000010596,O00006256,2025-12-25,4,Incorrect item,3,92.58,0.0,Completed
R0000537,SL000010685,O00006313,2023-04-14,29,Not as described,3,118.71,0.0,Completed
R0000538,SL000010701,O00006326,2023-12-27,13,Late delivery,3,62.36,0.0,Completed
R0000539,SL000010719,O00006335,2023-08-19,9,Late delivery,1,77.67,0.0,Completed
R0000540,SL000010721,O00006336,2025-09-20,6,Size or fit issue,1,74.19,0.0,Completed
R0000541,SL000010730,O00006342,2024-11-11,8,Incorrect item,1,144.91,0.0,Completed
R0000542,SL000010764,O00006362,2024-10-09,11,Faulty product,1,77.72,0.0,Completed
R0000543,SL000010779,O00006370,2025-01-31,13,Faulty product,2,100.49,0.0,Completed
R0000544,SL000010821,O00006391,2023-06-28,2,Changed mind,2,19.44,0.0,Completed
R0000545,SL000010842,O00006406,2025-12-03,6,Incorrect item,1,66.36,0.0,Completed
R0000546,SL000010869,O00006421,2025-11-13,12,Changed mind,1,138.41,0.0,Completed
R0000547,SL000010886,O00006430,2025-11-12,15,Size or fit issue,1,33.25,0.0,Completed
R0000548,SL000010948,O00006466,2025-01-08,2,Late delivery,1,245.7,0.0,Completed
R0000549,SL000010952,O00006468,2023-11-14,6,Incorrect item,1,18.34,0.0,Completed
R0000550,SL000010967,O00006476,2025-11-24,5,Changed mind,1,30.98,5.47,Completed
R0000551,SL000010977,O00006481,2025-09-06,13,Changed mind,1,243.46,0.0,Pending
R0000552,SL000010978,O00006482,2025-05-20,6,Changed mind,1,134.17,0.0,Completed
R0000553,SL000010994,O00006490,2025-01-05,20,Changed mind,3,49.22,0.0,Completed
R0000554,SL000011039,O00006517,2024-11-23,16,Changed mind,1,62.1,10.96,Completed
R0000555,SL000011094,O00006548,2023-12-31,10,Changed mind,4,66.89,0.0,Completed
R0000556,SL000011101,O00006552,2024-06-10,3,Size or fit issue,2,126.56,0.0,Completed
R0000557,SL000011102,O00006553,2023-03-25,12,Damaged item,1,101.05,0.0,Completed
R0000558,SL000011140,O00006576,2025-06-13,24,Damaged item,1,46.44,0.0,Completed
R0000559,SL000011151,O00006583,2024-06-16,7,Changed mind,2,217.17,0.0,Completed
R0000560,SL000011189,O00006607,2024-12-21,9,Faulty product,1,381.7,0.0,Completed
R0000561,SL000011204,O00006617,2024-06-02,19,Changed mind,1,190.77,0.0,Completed
R0000562,SL000011247,O00006642,2023-11-19,10,Changed mind,2,79.65,0.0,Completed
R0000563,SL000011258,O00006646,2023-03-17,6,Faulty product,1,4.29,0.0,Completed
R0000564,SL000011262,O00006649,2025-11-04,1,Incorrect item,4,105.89,0.0,Completed
R0000565,SL000011277,O00006656,2023-08-28,14,Size or fit issue,1,130.71,0.0,Completed
R0000566,SL000011280,O00006658,2024-03-21,16,Incorrect item,1,373.18,0.0,Completed
R0000567,SL000011295,O00006668,2025-04-12,10,Not as described,1,64.53,0.0,Completed
R0000568,SL000011310,O00006678,2025-01-26,20,Changed mind,1,8.47,0.0,Completed
R0000569,SL000011336,O00006692,2025-08-08,13,Changed mind,4,153.2,27.03,Completed
R0000570,SL000011346,O00006698,2024-12-01,10,Faulty product,1,16.6,0.0,Pending
R0000571,SL000011348,O00006699,2024-12-26,8,Changed mind,1,8.0,0.0,Completed
R0000572,SL000011374,O00006715,2024-02-11,1,Not as described,1,244.83,0.0,Completed
R0000573,SL000011378,O00006716,2024-05-21,24,Damaged item,1,252.57,0.0,Completed
R0000574,SL000011396,O00006729,2025-09-29,13,Not as described,1,14.55,0.0,Completed
R0000575,SL000011397,O00006730,2025-03-29,5,Late delivery,1,102.26,0.0,Completed
R0000576,SL000011465,O00006772,2023-11-14,11,Not as described,4,138.01,0.0,Completed
R0000577,SL000011504,O00006788,2023-11-05,21,Damaged item,1,317.05,0.0,Completed
R0000578,SL000011513,O00006792,2023-06-27,21,Late delivery,2,40.97,0.0,Completed
R0000579,SL000011533,O00006804,2025-03-03,3,Faulty product,3,119.36,0.0,Pending
R0000580,SL000011538,O00006808,2024-07-10,17,Faulty product,3,86.23,0.0,Completed
R0000581,SL000011558,O00006819,2024-01-08,12,Damaged item,1,266.85,0.0,Completed
R0000582,SL000011561,O00006821,2025-04-20,13,Changed mind,1,60.47,0.0,Completed
R0000583,SL000011605,O00006844,2023-05-17,2,Changed mind,1,33.06,0.0,Completed
R0000584,SL000011608,O00006846,2024-12-30,8,Changed mind,1,153.24,0.0,Completed
R0000585,SL000011609,O00006847,2024-12-24,10,Size or fit issue,1,33.95,0.0,Completed
R0000586,SL000011610,O00006847,2025-01-04,21,Changed mind,1,8.0,0.0,Completed
R0000587,SL000011631,O00006862,2024-07-08,12,Changed mind,2,12.64,0.0,Completed
R0000588,SL000011640,O00006867,2025-09-25,10,Changed mind,1,38.31,6.76,Completed
R0000589,SL000011650,O00006872,2025-08-14,3,Changed mind,1,41.13,0.0,Completed
R0000590,SL000011661,O00006880,2025-01-08,10,Damaged item,1,29.43,0.0,Completed
R0000591,SL000011667,O00006884,2024-08-24,16,Not as described,1,131.41,0.0,Completed
R0000592,SL000011668,O00006884,2024-08-09,1,Changed mind,1,29.83,0.0,Completed
R0000593,SL000011687,O00006893,2024-12-04,12,Changed mind,1,113.85,0.0,Completed
R0000594,SL000011709,O00006909,2025-04-18,2,Damaged item,1,77.6,0.0,Completed
R0000595,SL000011739,O00006926,2023-03-10,6,Incorrect item,1,68.86,0.0,Completed
R0000596,SL000011769,O00006945,2023-08-15,30,Not as described,1,13.18,0.0,Completed
R0000597,SL000011787,O00006957,2023-03-14,12,Incorrect item,1,7.84,0.0,Completed
R0000598,SL000011797,O00006961,2023-04-22,7,Faulty product,1,80.0,0.0,Completed
R0000599,SL000011799,O00006963,2023-03-06,16,Damaged item,3,50.04,0.0,Completed
R0000600,SL000011850,O00006989,2024-01-13,13,Not as described,1,56.41,0.0,Completed
R0000601,SL000011863,O00006994,2024-02-02,4,Not as described,1,72.03,0.0,Completed
R0000602,SL000011866,O00006996,2025-07-16,13,Incorrect item,1,56.45,0.0,Completed
R0000603,SL000011917,O00007023,2024-12-15,8,Late delivery,1,231.29,0.0,Completed
R0000604,SL000011953,O00007048,2025-08-23,14,Damaged item,2,21.87,0.0,Completed
R0000605,SL000012012,O00007082,2024-01-20,14,Changed mind,1,101.38,0.0,Completed
R0000606,SL000012021,O00007087,2025-12-24,2,Not as described,2,32.81,0.0,Completed
R0000607,SL000012042,O00007098,2025-12-28,1,Incorrect item,1,241.03,0.0,Completed
R0000608,SL000012060,O00007110,2023-12-14,2,Damaged item,1,32.11,0.0,Completed
R0000609,SL000012130,O00007148,2023-12-06,1,Damaged item,1,7.54,0.0,Completed
R0000610,SL000012190,O00007182,2024-12-19,11,Faulty product,1,7.28,0.0,Completed
R0000611,SL000012211,O00007194,2024-06-04,10,Faulty product,1,32.9,0.0,Pending
R0000612,SL000012212,O00007194,2024-06-10,16,Size or fit issue,1,4.25,0.0,Completed
R0000613,SL000012230,O00007204,2025-04-23,23,Incorrect item,1,28.8,0.0,Completed
R0000614,SL000012269,O00007228,2024-03-14,5,Not as described,1,339.78,0.0,Completed
R0000615,SL000012274,O00007230,2025-11-16,22,Damaged item,1,82.53,0.0,Completed
R0000616,SL000012284,O00007234,2025-06-15,5,Faulty product,1,25.38,0.0,Completed
R0000617,SL000012302,O00007244,2024-06-07,10,Faulty product,1,35.41,0.0,Completed
R0000618,SL000012342,O00007269,2023-06-18,7,Damaged item,1,13.75,0.0,Completed
R0000619,SL000012344,O00007270,2024-06-01,15,Changed mind,1,20.25,3.57,Completed
R0000620,SL000012348,O00007273,2025-10-05,12,Damaged item,1,10.87,0.0,Completed
R0000621,SL000012379,O00007291,2025-08-23,12,Changed mind,1,66.84,0.0,Completed
R0000622,SL000012384,O00007295,2023-01-21,5,Size or fit issue,1,33.08,0.0,Completed
R0000623,SL000012385,O00007296,2025-08-28,16,Not as described,3,77.86,0.0,Completed
R0000624,SL000012405,O00007312,2023-11-19,4,Damaged item,1,130.71,0.0,Completed
R0000625,SL000012406,O00007312,2023-11-18,3,Faulty product,2,29.7,0.0,Completed
R0000626,SL000012410,O00007315,2025-12-06,3,Changed mind,4,96.6,0.0,Completed
R0000627,SL000012427,O00007320,2025-10-31,9,Size or fit issue,1,32.9,0.0,Completed
R0000628,SL000012435,O00007325,2025-02-21,11,Changed mind,1,176.71,0.0,Completed
R0000629,SL000012437,O00007326,2025-03-20,20,Faulty product,3,169.29,0.0,Completed
R0000630,SL000012438,O00007326,2025-03-04,4,Not as described,1,245.7,0.0,Pending
R0000631,SL000012441,O00007329,2024-07-31,2,Changed mind,1,42.36,7.48,Completed
R0000632,SL000012449,O00007333,2025-10-14,3,Changed mind,1,200.23,0.0,Pending
R0000633,SL000012452,O00007335,2023-01-22,3,Changed mind,1,51.54,9.09,Completed
R0000634,SL000012458,O00007339,2023-05-17,11,Incorrect item,1,65.43,0.0,Completed
R0000635,SL000012470,O00007344,2024-07-06,24,Damaged item,1,119.42,0.0,Completed
R0000636,SL000012482,O00007349,2024-11-04,45,Damaged item,1,19.03,0.0,Completed
R0000637,SL000012483,O00007349,2024-10-03,13,Changed mind,2,35.34,0.0,Completed
R0000638,SL000012495,O00007355,2024-09-14,10,Changed mind,2,147.46,0.0,Completed
R0000639,SL000012522,O00007368,2025-08-15,13,Changed mind,1,62.15,10.97,Completed
R0000640,SL000012538,O00007375,2025-06-27,9,Damaged item,1,16.83,0.0,Completed
R0000641,SL000012548,O00007380,2024-12-04,6,Faulty product,2,51.8,0.0,Completed
R0000642,SL000012553,O00007383,2024-03-28,24,Changed mind,2,66.66,0.0,Completed
R0000643,SL000012559,O00007387,2023-12-13,11,Changed mind,1,13.2,2.33,Completed
R0000644,SL000012561,O00007388,2024-08-13,2,Incorrect item,1,103.56,0.0,Completed
R0000645,SL000012580,O00007397,2025-07-09,9,Changed mind,1,6.16,0.0,Completed
R0000646,SL000012601,O00007407,2025-04-15,6,Not as described,1,11.76,0.0,Completed
R0000647,SL000012613,O00007413,2025-12-29,16,Changed mind,1,384.72,0.0,Completed
R0000648,SL000012619,O00007414,2023-01-20,15,Not as described,1,395.06,0.0,Completed
R0000649,SL000012641,O00007423,2025-11-20,5,Changed mind,1,35.0,0.0,Completed
R0000650,SL000012649,O00007428,2024-04-02,3,Changed mind,1,6.46,1.14,Completed
R0000651,SL000012650,O00007429,2024-04-13,32,Faulty product,1,28.84,0.0,Pending
R0000652,SL000012665,O00007437,2024-12-17,15,Changed mind,1,10.2,0.0,Completed
R0000653,SL000012667,O00007438,2023-10-20,11,Changed mind,1,17.93,0.0,Completed
R0000654,SL000012690,O00007453,2025-02-11,2,Not as described,1,77.6,0.0,Completed
R0000655,SL000012701,O00007459,2025-02-21,12,Changed mind,3,19.79,3.49,Completed
R0000656,SL000012722,O00007472,2023-03-27,11,Changed mind,1,137.89,0.0,Completed
R0000657,SL000012750,O00007490,2024-08-10,4,Changed mind,1,22.6,0.0,Completed
R0000658,SL000012757,O00007494,2024-12-02,8,Changed mind,2,34.29,0.0,Completed
R0000659,SL000012769,O00007500,2023-10-16,5,Not as described,4,71.54,0.0,Completed
R0000660,SL000012778,O00007505,2023-12-11,13,Faulty product,3,34.2,0.0,Completed
R0000661,SL000012795,O00007515,2024-11-15,4,Changed mind,1,17.49,0.0,Pending
R0000662,SL000012797,O00007515,2024-11-24,13,Not as described,1,232.65,0.0,Completed
R0000663,SL000012893,O00007579,2023-02-07,11,Changed mind,1,385.51,0.0,Completed
R0000664,SL000012895,O00007580,2023-12-13,23,Changed mind,1,164.64,0.0,Completed
R0000665,SL000012900,O00007583,2025-10-21,11,Changed mind,1,57.8,0.0,Completed
R0000666,SL000012904,O00007585,2024-04-13,2,Damaged item,1,131.41,0.0,Completed
R0000667,SL000012919,O00007590,2023-07-13,24,Damaged item,1,23.08,0.0,Completed
R0000668,SL000012932,O00007598,2024-01-03,7,Changed mind,1,317.2,55.98,Completed
R0000669,SL000012951,O00007611,2023-11-25,14,Late delivery,1,146.79,0.0,Completed
R0000670,SL000012961,O00007616,2025-02-05,17,Size or fit issue,1,11.4,0.0,Completed
R0000671,SL000012962,O00007617,2024-06-05,6,Changed mind,1,25.44,4.49,Completed
R0000672,SL000012991,O00007636,2024-12-03,8,Size or fit issue,1,31.1,0.0,Completed
R0000673,SL000013011,O00007649,2024-10-07,12,Late delivery,1,310.79,0.0,Completed
R0000674,SL000013047,O00007671,2024-05-30,2,Late delivery,1,33.95,0.0,Completed
R0000675,SL000013049,O00007672,2023-12-31,12,Changed mind,1,29.05,0.0,Completed
R0000676,SL000013069,O00007685,2025-10-12,12,Faulty product,4,104.04,0.0,Completed
R0000677,SL000013085,O00007697,2024-07-07,17,Changed mind,1,11.85,0.0,Completed
R0000678,SL000013100,O00007704,2025-10-03,15,Damaged item,1,33.33,0.0,Completed
R0000679,SL000013103,O00007705,2024-03-23,3,Changed mind,4,140.0,0.0,Completed
R0000680,SL000013114,O00007713,2023-02-16,10,Faulty product,1,11.28,0.0,Completed
R0000681,SL000013137,O00007726,2024-10-27,18,Changed mind,1,141.75,0.0,Completed
R0000682,SL000013224,O00007782,2023-10-07,6,Faulty product,2,172.96,0.0,Completed
R0000683,SL000013225,O00007782,2023-10-15,14,Faulty product,1,32.17,0.0,Completed
R0000684,SL000013226,O00007782,2023-10-09,8,Late delivery,1,137.89,0.0,Completed
R0000685,SL000013260,O00007802,2023-12-20,9,Changed mind,1,362.61,0.0,Completed
R0000686,SL000013281,O00007812,2023-06-18,12,Size or fit issue,3,147.61,0.0,Completed
R0000687,SL000013304,O00007827,2023-05-27,11,Not as described,1,34.65,0.0,Completed
R0000688,SL000013313,O00007833,2024-07-22,16,Incorrect item,2,39.68,0.0,Completed
R0000689,SL000013314,O00007834,2023-02-23,27,Changed mind,1,28.32,0.0,Completed
R0000690,SL000013323,O00007839,2024-11-25,15,Changed mind,1,17.85,0.0,Completed
R0000691,SL000013334,O00007847,2025-05-22,20,Not as described,1,21.83,0.0,Completed
R0000692,SL000013336,O00007848,2026-01-10,10,Not as described,1,147.35,0.0,Pending
R0000693,SL000013350,O00007858,2024-10-29,12,Faulty product,1,68.69,0.0,Completed
R0000694,SL000013361,O00007866,2025-12-15,8,Changed mind,1,128.96,22.76,Completed
R0000695,SL000013370,O00007871,2026-01-08,23,Size or fit issue,1,55.14,0.0,Completed
R0000696,SL000013410,O00007891,2024-12-28,10,Changed mind,1,224.22,0.0,Completed
R0000697,SL000013421,O00007896,2024-11-08,45,Damaged item,2,17.12,0.0,Completed
R0000698,SL000013428,O00007901,2023-05-14,4,Damaged item,1,17.85,0.0,Completed
R0000699,SL000013443,O00007907,2024-04-11,12,Late delivery,1,142.61,0.0,Pending
R0000700,SL000013446,O00007908,2024-04-19,13,Incorrect item,1,105.74,0.0,Completed
R0000701,SL000013453,O00007913,2023-12-22,11,Damaged item,1,147.25,0.0,Completed
R0000702,SL000013479,O00007925,2025-12-28,8,Size or fit issue,1,50.19,0.0,Completed
R0000703,SL000013485,O00007929,2023-12-05,16,Faulty product,1,77.6,0.0,Completed
R0000704,SL000013496,O00007937,2023-12-19,5,Changed mind,1,26.32,4.65,Completed
R0000705,SL000013500,O00007941,2023-12-10,26,Not as described,1,34.65,0.0,Completed
R0000706,SL000013512,O00007950,2024-06-19,4,Changed mind,1,28.0,0.0,Completed
R0000707,SL000013522,O00007959,2024-05-31,2,Changed mind,1,116.76,20.6,Completed
R0000708,SL000013524,O00007960,2024-10-24,8,Changed mind,1,15.48,2.73,Completed
R0000709,SL000013556,O00007983,2023-03-19,18,Changed mind,1,21.21,0.0,Completed
R0000710,SL000013575,O00007991,2026-01-12,15,Faulty product,1,76.14,0.0,Completed
R0000711,SL000013598,O00008006,2025-02-02,8,Late delivery,1,12.0,0.0,Pending
R0000712,SL000013627,O00008026,2023-07-12,10,Size or fit issue,1,68.24,0.0,Completed
R0000713,SL000013656,O00008044,2025-12-19,10,Size or fit issue,2,55.15,0.0,Completed
R0000714,SL000013700,O00008069,2025-03-11,12,Size or fit issue,1,93.09,0.0,Completed
R0000715,SL000013760,O00008101,2025-10-10,11,Not as described,1,97.76,0.0,Completed
R0000716,SL000013762,O00008102,2024-07-15,2,Changed mind,2,29.4,0.0,Completed
R0000717,SL000013771,O00008109,2023-11-14,8,Size or fit issue,1,29.22,0.0,Completed
R0000718,SL000013796,O00008122,2025-03-31,3,Faulty product,1,66.79,0.0,Completed
R0000719,SL000013855,O00008156,2025-12-11,11,Changed mind,2,89.23,15.75,Completed
R0000720,SL000013865,O00008159,2024-08-07,10,Incorrect item,1,65.64,0.0,Completed
R0000721,SL000013871,O00008162,2024-10-12,15,Incorrect item,1,11.76,0.0,Completed
R0000722,SL000013916,O00008191,2025-01-15,21,Incorrect item,2,87.83,0.0,Completed
R0000723,SL000013922,O00008196,2025-05-05,2,Damaged item,1,69.09,0.0,Completed
R0000724,SL000013989,O00008231,2023-03-24,4,Not as described,1,46.45,0.0,Pending
R0000725,SL000013991,O00008231,2023-03-24,4,Changed mind,1,38.05,0.0,Completed
R0000726,SL000014023,O00008252,2024-01-23,16,Incorrect item,2,389.32,0.0,Completed
R0000727,SL000014030,O00008258,2024-07-05,6,Incorrect item,1,54.8,0.0,Completed
R0000728,SL000014037,O00008262,2023-01-02,1,Damaged item,1,131.33,0.0,Pending
R0000729,SL000014049,O00008270,2023-10-15,10,Late delivery,1,209.55,0.0,Completed
R0000730,SL000014057,O00008274,2023-03-28,6,Changed mind,1,113.83,0.0,Completed
R0000731,SL000014095,O00008299,2026-01-09,10,Changed mind,1,37.44,0.0,Completed
R0000732,SL000014110,O00008307,2025-10-19,2,Faulty product,1,94.06,0.0,Completed
R0000733,SL000014114,O00008309,2025-06-24,15,Changed mind,1,23.67,4.18,Completed
R0000734,SL000014148,O00008333,2024-02-20,10,Incorrect item,1,78.4,0.0,Completed
R0000735,SL000014155,O00008335,2024-11-16,6,Incorrect item,1,141.23,0.0,Completed
R0000736,SL000014164,O00008342,2025-06-09,5,Not as described,1,170.84,0.0,Completed
R0000737,SL000014176,O00008348,2024-06-24,10,Changed mind,1,27.3,0.0,Completed
R0000738,SL000014177,O00008349,2024-03-01,11,Late delivery,3,36.0,0.0,Completed
R0000739,SL000014184,O00008354,2023-12-11,4,Faulty product,1,52.61,0.0,Completed
R0000740,SL000014194,O00008363,2025-08-29,3,Changed mind,1,27.62,4.88,Completed
R0000741,SL000014224,O00008383,2025-02-04,8,Not as described,1,30.45,0.0,Completed
R0000742,SL000014238,O00008388,2025-09-28,1,Incorrect item,1,36.09,0.0,Completed
R0000743,SL000014246,O00008390,2024-08-07,12,Not as described,2,160.0,0.0,Completed
R0000744,SL000014248,O00008391,2025-12-12,8,Changed mind,1,115.0,0.0,Completed
R0000745,SL000014258,O00008399,2023-05-07,12,Incorrect item,1,44.07,0.0,Completed
R0000746,SL000014291,O00008418,2025-12-21,9,Changed mind,1,30.4,0.0,Completed
R0000747,SL000014304,O00008425,2024-03-22,4,Changed mind,2,56.26,0.0,Completed
R0000748,SL000014341,O00008449,2023-07-27,20,Damaged item,2,45.36,0.0,Completed
R0000749,SL000014362,O00008464,2025-12-23,9,Incorrect item,1,88.83,0.0,Completed
R0000750,SL000014369,O00008468,2024-07-17,3,Late delivery,1,22.37,0.0,Completed
R0000751,SL000014385,O00008476,2025-05-13,5,Changed mind,3,50.59,8.93,Completed
R0000752,SL000014395,O00008483,2024-01-22,25,Incorrect item,1,73.11,0.0,Pending
R0000753,SL000014428,O00008501,2024-10-14,8,Changed mind,3,141.51,0.0,Completed
R0000754,SL000014456,O00008520,2023-07-30,6,Damaged item,2,98.22,0.0,Completed
R0000755,SL000014465,O00008523,2024-02-08,17,Changed mind,2,37.16,0.0,Completed
R0000756,SL000014478,O00008531,2023-08-20,15,Faulty product,1,194.66,0.0,Completed
R0000757,SL000014498,O00008545,2025-12-15,5,Changed mind,1,14.85,0.0,Completed
R0000758,SL000014500,O00008547,2025-11-25,3,Not as described,1,25.2,0.0,Completed
R0000759,SL000014505,O00008550,2024-12-28,13,Changed mind,1,55.24,9.75,Completed
R0000760,SL000014543,O00008574,2023-07-01,9,Changed mind,1,51.65,9.11,Completed
R0000761,SL000014548,O00008578,2023-06-02,21,Changed mind,4,14.82,2.62,Completed
R0000762,SL000014580,O00008596,2025-06-26,5,Not as described,1,123.53,0.0,Completed
R0000763,SL000014583,O00008598,2024-03-31,5,Changed mind,1,69.09,0.0,Completed
R0000764,SL000014623,O00008621,2025-07-11,8,Faulty product,1,11.76,0.0,Completed
R0000765,SL000014638,O00008630,2025-12-09,8,Changed mind,2,146.44,25.84,Completed
R0000766,SL000014789,O00008710,2024-01-26,9,Faulty product,1,281.7,0.0,Completed
R0000767,SL000014795,O00008714,2024-07-20,7,Late delivery,1,124.12,0.0,Completed
R0000768,SL000014839,O00008734,2025-04-27,4,Changed mind,1,200.23,0.0,Completed
R0000769,SL000014857,O00008744,2025-01-23,5,Faulty product,1,25.38,0.0,Completed
R0000770,SL000014876,O00008756,2023-12-10,10,Damaged item,1,131.33,0.0,Completed
R0000771,SL000014878,O00008758,2024-01-15,8,Faulty product,1,269.78,0.0,Completed
R0000772,SL000014887,O00008763,2023-07-29,7,Not as described,2,25.72,0.0,Completed
R0000773,SL000014905,O00008771,2023-12-16,6,Not as described,1,16.31,0.0,Completed
R0000774,SL000014941,O00008793,2025-01-22,16,Faulty product,2,16.95,0.0,Completed
R0000775,SL000014968,O00008810,2023-12-24,13,Size or fit issue,3,130.6,0.0,Completed
R0000776,SL000014969,O00008810,2023-12-24,13,Not as described,1,53.57,0.0,Completed
R0000777,SL000015002,O00008829,2026-01-06,18,Faulty product,1,175.05,0.0,Completed
R0000778,SL000015009,O00008833,2024-02-10,3,Changed mind,1,58.88,0.0,Completed
R0000779,SL000015015,O00008837,2024-08-25,9,Incorrect item,1,62.59,0.0,Completed
R0000780,SL000015028,O00008844,2023-09-14,5,Faulty product,3,101.94,0.0,Completed
R0000781,SL000015067,O00008867,2023-12-08,1,Changed mind,1,8.77,1.55,Completed
R0000782,SL000015100,O00008891,2025-01-02,7,Faulty product,1,34.3,0.0,Completed
R0000783,SL000015111,O00008899,2023-08-31,2,Size or fit issue,1,399.13,0.0,Completed
R0000784,SL000015119,O00008901,2025-01-27,5,Faulty product,1,23.26,0.0,Pending
R0000785,SL000015137,O00008911,2025-04-07,8,Faulty product,1,381.7,0.0,Completed
R0000786,SL000015167,O00008931,2025-05-15,17,Damaged item,2,68.6,0.0,Completed
R0000787,SL000015168,O00008932,2025-10-31,16,Damaged item,2,69.3,0.0,Completed
R0000788,SL000015179,O00008938,2024-06-22,18,Changed mind,4,170.44,0.0,Completed
R0000789,SL000015200,O00008951,2025-11-03,10,Size or fit issue,1,337.81,0.0,Completed
R0000790,SL000015209,O00008956,2025-12-09,13,Late delivery,2,190.12,0.0,Completed
R0000791,SL000015212,O00008959,2024-10-21,9,Late delivery,1,33.42,0.0,Completed
R0000792,SL000015215,O00008961,2024-04-02,28,Faulty product,1,641.31,0.0,Completed
R0000793,SL000015228,O00008968,2024-11-08,10,Size or fit issue,1,39.17,0.0,Completed
R0000794,SL000015237,O00008976,2024-02-04,12,Changed mind,4,53.98,9.53,Completed
R0000795,SL000015238,O00008977,2024-08-21,19,Not as described,1,52.43,0.0,Completed
R0000796,SL000015241,O00008979,2025-12-29,2,Faulty product,1,28.32,0.0,Pending
R0000797,SL000015248,O00008983,2024-09-08,5,Size or fit issue,1,438.68,0.0,Completed
R0000798,SL000015268,O00008994,2025-10-05,4,Changed mind,1,114.25,20.16,Completed
R0000799,SL000015281,O00009001,2024-02-04,29,Damaged item,1,15.0,0.0,Completed
R0000800,SL000015308,O00009015,2024-03-23,19,Incorrect item,1,96.0,0.0,Completed
R0000801,SL000015318,O00009022,2024-11-17,5,Size or fit issue,1,20.97,0.0,Completed
R0000802,SL000015343,O00009033,2025-07-04,1,Damaged item,2,34.74,0.0,Completed
R0000803,SL000015346,O00009033,2025-07-11,8,Incorrect item,1,2.97,0.0,Completed
R0000804,SL000015382,O00009056,2023-05-24,2,Changed mind,1,32.9,0.0,Completed
R0000805,SL000015392,O00009063,2023-10-17,16,Not as described,1,33.95,0.0,Completed
R0000806,SL000015401,O00009068,2026-01-07,15,Changed mind,2,184.24,0.0,Completed
R0000807,SL000015436,O00009090,2024-07-24,22,Not as described,1,77.6,0.0,Completed
R0000808,SL000015456,O00009103,2025-06-26,15,Damaged item,1,42.64,0.0,Completed
R0000809,SL000015471,O00009113,2025-09-19,12,Changed mind,1,186.59,0.0,Completed
R0000810,SL000015479,O00009118,2025-06-05,12,Faulty product,1,44.13,0.0,Completed
R0000811,SL000015504,O00009130,2025-06-19,9,Late delivery,1,28.32,0.0,Completed
R0000812,SL000015515,O00009137,2025-12-17,25,Faulty product,1,288.01,0.0,Completed
R0000813,SL000015518,O00009139,2025-05-05,10,Not as described,1,16.6,0.0,Completed
R0000814,SL000015554,O00009161,2023-03-09,12,Not as described,1,28.77,0.0,Pending
R0000815,SL000015559,O00009164,2023-12-17,7,Late delivery,3,132.28,0.0,Completed
R0000816,SL000015566,O00009168,2024-11-17,2,Not as described,1,12.0,0.0,Completed
R0000817,SL000015631,O00009201,2025-05-09,12,Damaged item,1,11.33,0.0,Pending
R0000818,SL000015648,O00009209,2024-01-24,11,Changed mind,1,62.05,10.95,Completed
R0000819,SL000015693,O00009238,2025-05-29,24,Changed mind,1,28.05,4.95,Pending
R0000820,SL000015694,O00009239,2024-01-11,4,Incorrect item,1,52.79,0.0,Completed
R0000821,SL000015704,O00009245,2023-12-29,19,Changed mind,2,36.14,0.0,Completed
R0000822,SL000015705,O00009245,2023-12-16,6,Incorrect item,1,113.02,0.0,Completed
R0000823,SL000015715,O00009251,2025-10-09,15,Changed mind,1,9.43,1.67,Completed
R0000824,SL000015719,O00009253,2025-12-30,15,Late delivery,1,29.67,0.0,Completed
R0000825,SL000015743,O00009266,2025-10-22,14,Damaged item,1,8.0,0.0,Completed
R0000826,SL000015756,O00009276,2024-04-18,10,Not as described,2,102.54,0.0,Pending
R0000827,SL000015758,O00009277,2025-12-20,11,Incorrect item,1,511.23,0.0,Completed
R0000828,SL000015769,O00009284,2023-03-25,13,Changed mind,1,101.57,0.0,Completed
R0000829,SL000015820,O00009314,2025-06-16,17,Changed mind,3,23.52,0.0,Completed
R0000830,SL000015824,O00009315,2023-02-12,4,Size or fit issue,1,9.15,0.0,Completed
R0000831,SL000015841,O00009326,2025-06-01,5,Changed mind,2,389.32,0.0,Completed
R0000832,SL000015891,O00009356,2023-12-11,31,Not as described,1,8.63,0.0,Completed
R0000833,SL000015933,O00009378,2023-12-25,15,Changed mind,1,14.7,0.0,Completed
R0000834,SL000015935,O00009379,2024-07-04,4,Faulty product,1,94.33,0.0,Completed
R0000835,SL000015947,O00009388,2025-12-15,6,Changed mind,2,64.1,11.31,Completed
R0000836,SL000015995,O00009416,2024-06-18,7,Faulty product,1,29.22,0.0,Completed
R0000837,SL000016071,O00009458,2024-12-30,15,Size or fit issue,3,105.0,0.0,Pending
R0000838,SL000016072,O00009458,2024-12-23,8,Damaged item,4,198.8,0.0,Completed
R0000839,SL000016078,O00009462,2026-01-17,28,Incorrect item,1,88.47,0.0,Completed
R0000840,SL000016087,O00009467,2024-12-18,12,Not as described,1,313.1,0.0,Completed
R0000841,SL000016094,O00009472,2023-03-27,20,Changed mind,1,33.95,0.0,Completed
R0000842,SL000016102,O00009479,2025-08-28,14,Not as described,1,8.81,0.0,Completed
R0000843,SL000016108,O00009482,2023-12-20,11,Damaged item,1,80.29,0.0,Completed
R0000844,SL000016135,O00009499,2024-10-12,13,Incorrect item,1,86.68,0.0,Completed
R0000845,SL000016182,O00009531,2024-04-17,14,Late delivery,1,30.98,0.0,Completed
R0000846,SL000016194,O00009539,2024-11-13,5,Faulty product,1,147.7,0.0,Completed
R0000847,SL000016257,O00009573,2025-11-02,23,Changed mind,1,156.37,0.0,Completed
R0000848,SL000016311,O00009599,2024-07-14,12,Changed mind,1,77.6,0.0,Completed
R0000849,SL000016321,O00009607,2023-07-08,6,Size or fit issue,1,668.31,0.0,Completed
R0000850,SL000016325,O00009611,2023-11-26,2,Damaged item,1,47.11,0.0,Completed
R0000851,SL000016327,O00009611,2023-12-06,12,Faulty product,2,106.74,0.0,Completed
R0000852,SL000016333,O00009614,2024-07-11,13,Changed mind,1,23.08,0.0,Completed
R0000853,SL000016340,O00009617,2023-12-23,24,Size or fit issue,1,31.19,0.0,Completed
R0000854,SL000016342,O00009618,2024-10-07,14,Changed mind,1,35.0,0.0,Completed
R0000855,SL000016358,O00009627,2023-09-16,7,Not as described,2,34.54,0.0,Completed
R0000856,SL000016365,O00009632,2023-04-03,9,Incorrect item,1,5.13,0.0,Completed
R0000857,SL000016371,O00009634,2025-09-19,5,Not as described,1,43.58,0.0,Completed
R0000858,SL000016377,O00009638,2025-11-09,9,Changed mind,1,39.42,0.0,Completed
R0000859,SL000016380,O00009641,2025-02-02,21,Damaged item,3,167.44,0.0,Completed
R0000860,SL000016407,O00009659,2023-09-06,4,Damaged item,1,26.01,0.0,Pending
R0000861,SL000016416,O00009663,2024-04-09,31,Not as described,2,69.3,0.0,Completed
R0000862,SL000016440,O00009677,2025-12-10,5,Not as described,2,6.3,0.0,Completed
R0000863,SL000016443,O00009680,2025-08-01,2,Not as described,1,113.07,0.0,Completed
R0000864,SL000016449,O00009683,2025-11-29,17,Late delivery,2,68.6,0.0,Completed
R0000865,SL000016493,O00009710,2023-10-30,20,Faulty product,1,11.88,0.0,Completed
R0000866,SL000016512,O00009718,2023-06-30,5,Faulty product,1,9.38,0.0,Completed
R0000867,SL000016516,O00009721,2025-03-29,8,Changed mind,1,117.35,0.0,Completed
R0000868,SL000016517,O00009721,2025-04-01,11,Faulty product,1,62.37,0.0,Completed
R0000869,SL000016526,O00009726,2024-05-10,7,Incorrect item,1,18.07,0.0,Completed
R0000870,SL000016546,O00009737,2024-04-07,2,Incorrect item,3,34.53,0.0,Completed
R0000871,SL000016562,O00009747,2024-04-12,8,Late delivery,1,28.05,0.0,Completed
R0000872,SL000016594,O00009769,2023-06-05,2,Not as described,1,11.64,0.0,Completed
R0000873,SL000016611,O00009779,2023-12-22,1,Incorrect item,3,59.68,0.0,Completed
R0000874,SL000016637,O00009798,2025-09-22,8,Not as described,4,69.8,0.0,Completed
R0000875,SL000016678,O00009823,2025-12-30,6,Damaged item,1,224.22,0.0,Completed
R0000876,SL000016679,O00009823,2025-12-30,6,Not as described,2,13.92,0.0,Completed
R0000877,SL000016680,O00009823,2025-12-31,7,Not as described,4,125.46,0.0,Completed
R0000878,SL000016718,O00009843,2023-01-31,23,Not as described,2,162.91,0.0,Completed
R0000879,SL000016721,O00009846,2025-12-30,9,Size or fit issue,1,30.1,0.0,Completed
R0000880,SL000016737,O00009853,2024-02-19,8,Changed mind,1,125.18,0.0,Completed
R0000881,SL000016752,O00009863,2023-11-14,5,Faulty product,1,35.0,0.0,Completed
R0000882,SL000016815,O00009895,2025-09-19,20,Changed mind,1,76.05,0.0,Completed
R0000883,SL000016838,O00009908,2025-12-23,4,Changed mind,1,25.98,4.59,Completed
R0000884,SL000016861,O00009922,2023-08-31,9,Not as described,1,112.72,0.0,Completed
R0000885,SL000016896,O00009942,2025-01-13,6,Incorrect item,1,52.49,0.0,Completed
R0000886,SL000016897,O00009942,2025-01-27,20,Changed mind,1,49.22,0.0,Completed
R0000887,SL000016932,O00009962,2023-10-30,11,Damaged item,1,35.0,0.0,Completed
R0000888,SL000016993,O00009994,2025-09-28,13,Faulty product,1,104.26,0.0,Completed
R0000889,SL000017027,O00010014,2025-01-15,9,Faulty product,1,103.11,0.0,Completed
R0000890,SL000017069,O00010040,2024-10-24,7,Not as described,1,41.79,0.0,Completed
R0000891,SL000017070,O00010041,2025-01-09,7,Late delivery,2,31.25,0.0,Pending
R0000892,SL000017076,O00010043,2024-11-02,19,Changed mind,1,85.88,0.0,Completed
R0000893,SL000017138,O00010073,2023-04-21,21,Changed mind,3,29.68,5.24,Completed
R0000894,SL000017151,O00010080,2023-06-10,23,Not as described,1,27.21,0.0,Completed
R0000895,SL000017252,O00010143,2025-12-13,23,Changed mind,1,25.55,0.0,Completed
R0000896,SL000017290,O00010165,2023-09-02,4,Changed mind,1,207.42,0.0,Completed
R0000897,SL000017301,O00010173,2025-11-09,15,Faulty product,1,14.7,0.0,Completed
R0000898,SL000017331,O00010192,2023-12-19,27,Late delivery,1,112.59,0.0,Completed
R0000899,SL000017333,O00010193,2025-08-09,1,Faulty product,1,30.88,0.0,Completed
R0000900,SL000017342,O00010199,2023-12-03,11,Changed mind,1,246.6,0.0,Completed
R0000901,SL000017365,O00010211,2025-05-08,17,Faulty product,1,219.52,0.0,Completed
R0000902,SL000017366,O00010212,2024-05-23,16,Incorrect item,3,24.0,0.0,Completed
R0000903,SL000017378,O00010218,2024-08-07,11,Changed mind,1,99.68,0.0,Completed
R0000904,SL000017400,O00010228,2024-12-17,5,Damaged item,1,119.1,0.0,Completed
R0000905,SL000017403,O00010229,2023-06-18,11,Faulty product,3,62.91,0.0,Completed
R0000906,SL000017420,O00010238,2024-11-20,2,Not as described,1,286.27,0.0,Completed
R0000907,SL000017421,O00010238,2024-11-19,1,Changed mind,1,9.16,0.0,Completed
R0000908,SL000017451,O00010257,2023-07-04,8,Late delivery,1,114.4,0.0,Completed
R0000909,SL000017466,O00010264,2024-09-03,8,Not as described,3,77.25,0.0,Completed
R0000910,SL000017469,O00010265,2024-10-07,1,Faulty product,4,34.24,0.0,Completed
R0000911,SL000017495,O00010283,2024-02-03,18,Faulty product,2,281.67,0.0,Completed
R0000912,SL000017551,O00010316,2023-12-21,27,Changed mind,1,9.76,0.0,Completed
R0000913,SL000017592,O00010339,2025-03-24,8,Faulty product,1,193.79,0.0,Completed
R0000914,SL000017620,O00010352,2024-05-03,16,Not as described,1,18.27,0.0,Completed
R0000915,SL000017639,O00010365,2023-11-21,5,Damaged item,1,15.0,0.0,Completed
R0000916,SL000017648,O00010370,2023-01-15,2,Changed mind,1,9.59,1.69,Pending
R0000917,SL000017707,O00010409,2024-03-21,5,Damaged item,4,47.04,0.0,Completed
R0000918,SL000017742,O00010429,2024-11-25,6,Late delivery,1,10.5,0.0,Completed
R0000919,SL000017743,O00010430,2025-03-26,13,Changed mind,1,42.61,0.0,Completed
R0000920,SL000017753,O00010436,2024-01-10,22,Size or fit issue,1,36.51,0.0,Completed
R0000921,SL000017757,O00010437,2023-08-28,2,Incorrect item,1,12.0,0.0,Completed
R0000922,SL000017788,O00010454,2024-01-17,11,Changed mind,1,285.06,50.3,Completed
R0000923,SL000017810,O00010466,2024-05-30,30,Changed mind,4,111.04,0.0,Completed
R0000924,SL000017824,O00010476,2023-06-30,8,Late delivery,2,19.68,0.0,Completed
R0000925,SL000017847,O00010490,2024-12-03,20,Faulty product,4,31.68,0.0,Completed
R0000926,SL000017860,O00010498,2025-12-27,2,Changed mind,1,128.02,0.0,Completed
R0000927,SL000017889,O00010515,2024-11-15,12,Not as described,1,429.82,0.0,Completed
R0000928,SL000017917,O00010531,2023-10-26,3,Damaged item,1,20.79,0.0,Completed
R0000929,SL000018086,O00010626,2025-04-27,8,Late delivery,1,11.44,0.0,Completed
R0000930,SL000018120,O00010647,2023-08-03,2,Changed mind,1,25.54,0.0,Completed
R0000931,SL000018157,O00010663,2025-04-08,9,Changed mind,2,92.45,0.0,Completed
R0000932,SL000018158,O00010663,2025-04-03,4,Changed mind,1,7.73,1.36,Completed
R0000933,SL000018179,O00010675,2025-10-10,4,Incorrect item,1,80.0,0.0,Completed
R0000934,SL000018194,O00010685,2025-06-14,19,Incorrect item,2,25.45,0.0,Completed
R0000935,SL000018198,O00010686,2025-12-03,7,Incorrect item,1,13.03,0.0,Completed
R0000936,SL000018225,O00010703,2025-10-31,10,Damaged item,1,69.63,0.0,Pending
R0000937,SL000018228,O00010705,2024-11-17,15,Size or fit issue,1,14.85,0.0,Completed
R0000938,SL000018242,O00010713,2024-02-11,9,Faulty product,1,76.15,0.0,Completed
R0000939,SL000018259,O00010722,2025-02-09,15,Changed mind,4,117.6,0.0,Completed
R0000940,SL000018261,O00010724,2023-09-06,9,Changed mind,4,20.94,3.7,Completed
R0000941,SL000018295,O00010742,2025-09-17,2,Late delivery,1,156.37,0.0,Completed
R0000942,SL000018317,O00010754,2024-05-07,10,Not as described,1,76.0,0.0,Pending
R0000943,SL000018324,O00010760,2025-01-06,8,Changed mind,1,30.35,0.0,Completed
R0000944,SL000018330,O00010762,2024-09-04,22,Size or fit issue,1,18.44,0.0,Completed
R0000945,SL000018340,O00010768,2023-10-31,3,Incorrect item,1,95.03,0.0,Completed
R0000946,SL000018341,O00010768,2023-10-29,1,Incorrect item,1,42.45,0.0,Completed
R0000947,SL000018349,O00010773,2025-10-03,8,Changed mind,2,69.3,0.0,Completed
R0000948,SL000018355,O00010776,2025-10-09,15,Late delivery,1,91.24,0.0,Completed
R0000949,SL000018366,O00010783,2025-03-22,26,Damaged item,1,80.0,0.0,Pending
R0000950,SL000018385,O00010795,2025-12-19,4,Damaged item,1,30.57,0.0,Completed
R0000951,SL000018429,O00010818,2025-01-04,4,Faulty product,2,33.56,0.0,Completed
R0000952,SL000018436,O00010822,2025-12-25,12,Not as described,1,43.36,0.0,Completed
R0000953,SL000018444,O00010827,2023-09-08,5,Size or fit issue,1,243.94,0.0,Completed
R0000954,SL000018488,O00010849,2023-08-10,19,Incorrect item,1,27.29,0.0,Completed
R0000955,SL000018511,O00010860,2023-04-01,11,Not as described,1,272.99,0.0,Completed
R0000956,SL000018523,O00010869,2023-09-13,4,Changed mind,1,64.67,0.0,Completed
R0000957,SL000018561,O00010890,2023-12-27,18,Not as described,1,252.26,0.0,Completed
R0000958,SL000018576,O00010896,2024-08-16,4,Changed mind,1,385.04,0.0,Completed
R0000959,SL000018579,O00010897,2024-05-13,9,Changed mind,1,151.72,26.77,Completed
R0000960,SL000018583,O00010899,2024-08-03,9,Damaged item,1,17.49,0.0,Completed
R0000961,SL000018617,O00010921,2023-07-30,23,Size or fit issue,3,36.0,0.0,Completed
R0000962,SL000018671,O00010954,2025-03-02,8,Incorrect item,1,238.97,0.0,Completed
R0000963,SL000018689,O00010966,2025-02-04,9,Changed mind,1,111.7,19.71,Completed
R0000964,SL000018729,O00010989,2024-07-22,3,Damaged item,2,63.69,0.0,Completed
R0000965,SL000018774,O00011012,2025-01-23,2,Incorrect item,1,14.51,0.0,Completed
R0000966,SL000018782,O00011015,2023-08-10,8,Faulty product,3,90.84,0.0,Completed
R0000967,SL000018785,O00011016,2025-02-15,1,Incorrect item,1,35.19,0.0,Completed
R0000968,SL000018789,O00011018,2023-12-08,13,Changed mind,2,9.73,1.72,Completed
R0000969,SL000018795,O00011022,2025-07-06,2,Size or fit issue,1,48.6,0.0,Completed
R0000970,SL000018806,O00011029,2023-11-10,8,Changed mind,1,117.65,20.76,Completed
R0000971,SL000018850,O00011052,2025-12-25,10,Changed mind,1,32.11,0.0,Completed
R0000972,SL000018917,O00011094,2024-07-05,7,Faulty product,1,57.76,0.0,Completed
R0000973,SL000018924,O00011096,2023-12-06,9,Not as described,2,144.89,0.0,Completed
R0000974,SL000018935,O00011106,2024-06-17,5,Size or fit issue,1,79.2,0.0,Completed
R0000975,SL000018950,O00011116,2025-11-05,2,Not as described,1,40.71,0.0,Completed
R0000976,SL000019016,O00011152,2025-04-03,13,Changed mind,1,6.66,1.18,Completed
R0000977,SL000019059,O00011181,2023-12-09,12,Size or fit issue,1,2.22,0.0,Completed
R0000978,SL000019061,O00011182,2025-03-18,9,Faulty product,1,43.87,0.0,Completed
R0000979,SL000019088,O00011197,2024-03-28,10,Faulty product,1,139.82,0.0,Completed
R0000980,SL000019129,O00011221,2023-10-31,7,Changed mind,1,96.97,0.0,Completed
R0000981,SL000019133,O00011223,2025-06-08,11,Size or fit issue,1,120.42,0.0,Completed
R0000982,SL000019139,O00011226,2024-08-03,2,Faulty product,1,61.18,0.0,Completed
R0000983,SL000019159,O00011239,2024-12-31,16,Not as described,1,29.23,0.0,Pending
R0000984,SL000019161,O00011240,2025-08-08,8,Not as described,1,27.59,0.0,Completed
R0000985,SL000019169,O00011244,2023-10-25,4,Changed mind,1,281.7,0.0,Completed
R0000986,SL000019178,O00011250,2025-08-25,3,Changed mind,1,337.81,0.0,Completed
R0000987,SL000019209,O00011266,2023-11-22,6,Changed mind,1,276.83,0.0,Completed
R0000988,SL000019213,O00011268,2024-02-03,3,Not as described,1,150.36,0.0,Completed
R0000989,SL000019235,O00011281,2024-07-30,20,Late delivery,3,122.16,0.0,Completed
R0000990,SL000019249,O00011290,2023-11-04,10,Not as described,1,28.04,0.0,Completed
R0000991,SL000019257,O00011294,2024-07-30,9,Changed mind,1,7.92,0.0,Completed
R0000992,SL000019263,O00011297,2024-09-22,8,Changed mind,3,102.9,0.0,Completed
R0000993,SL000019304,O00011322,2025-01-13,3,Faulty product,1,154.81,0.0,Completed
R0000994,SL000019333,O00011334,2025-12-10,10,Size or fit issue,1,35.0,0.0,Completed
R0000995,SL000019396,O00011377,2024-12-20,12,Damaged item,1,154.81,0.0,Completed
R0000996,SL000019400,O00011380,2024-03-03,3,Incorrect item,1,46.7,0.0,Completed
R0000997,SL000019413,O00011386,2024-03-22,10,Changed mind,1,36.13,0.0,Completed
R0000998,SL000019420,O00011392,2025-12-21,4,Faulty product,1,151.72,0.0,Completed
R0000999,SL000019451,O00011412,2024-07-03,8,Incorrect item,1,139.22,0.0,Completed
R0001000,SL000019502,O00011437,2025-11-17,26,Incorrect item,1,20.3,0.0,Completed
R0001001,SL000019525,O00011451,2025-09-03,3,Changed mind,2,35.7,0.0,Completed
R0001002,SL000019532,O00011457,2024-02-09,2,Changed mind,1,72.27,12.75,Completed
R0001003,SL000019537,O00011458,2026-01-14,28,Damaged item,1,15.0,0.0,Completed
R0001004,SL000019584,O00011487,2023-01-06,1,Damaged item,1,34.65,0.0,Completed
R0001005,SL000019586,O00011489,2023-05-30,6,Faulty product,1,33.25,0.0,Completed
R0001006,SL000019588,O00011490,2024-02-15,10,Size or fit issue,1,12.0,0.0,Completed
R0001007,SL000019605,O00011497,2024-11-29,1,Not as described,1,6.0,0.0,Completed
R0001008,SL000019606,O00011498,2025-05-20,15,Incorrect item,1,12.0,0.0,Completed
R0001009,SL000019651,O00011521,2024-12-17,7,Late delivery,1,150.28,0.0,Completed
R0001010,SL000019701,O00011549,2023-11-11,13,Changed mind,1,16.01,2.83,Completed
R0001011,SL000019720,O00011557,2025-12-06,11,Changed mind,1,20.62,0.0,Completed
R0001012,SL000019755,O00011580,2024-07-08,4,Changed mind,1,120.4,0.0,Completed
R0001013,SL000019765,O00011585,2025-08-25,4,Damaged item,1,11.51,0.0,Completed
R0001014,SL000019789,O00011597,2023-12-28,5,Changed mind,1,164.24,0.0,Completed
R0001015,SL000019794,O00011599,2023-07-06,15,Damaged item,1,48.56,0.0,Completed
R0001016,SL000019801,O00011604,2025-05-23,16,Late delivery,1,30.86,0.0,Completed
R0001017,SL000019810,O00011608,2023-12-25,6,Incorrect item,2,82.27,0.0,Completed
R0001018,SL000019815,O00011611,2023-01-31,11,Size or fit issue,1,3.78,0.0,Completed
R0001019,SL000019836,O00011624,2023-12-22,6,Changed mind,1,36.83,0.0,Completed
R0001020,SL000019841,O00011627,2025-03-12,11,Not as described,2,104.98,0.0,Completed
R0001021,SL000019859,O00011634,2023-06-23,12,Late delivery,1,331.05,0.0,Completed
R0001022,SL000019864,O00011635,2023-04-29,12,Damaged item,1,132.26,0.0,Completed
R0001023,SL000019866,O00011637,2025-12-25,6,Size or fit issue,2,300.23,0.0,Completed
R0001024,SL000019902,O00011654,2025-12-25,2,Changed mind,1,17.7,0.0,Completed
R0001025,SL000019937,O00011674,2025-06-14,7,Size or fit issue,1,76.91,0.0,Completed
R0001026,SL000019964,O00011689,2025-12-12,9,Changed mind,2,47.17,0.0,Completed
R0001027,SL000019967,O00011690,2024-03-05,7,Damaged item,1,60.57,0.0,Completed
R0001028,SL000019971,O00011693,2025-11-20,9,Faulty product,1,27.29,0.0,Completed
R0001029,SL000019980,O00011698,2024-05-11,13,Changed mind,4,86.84,15.32,Completed
R0001030,SL000020009,O00011717,2025-05-27,8,Changed mind,1,7.76,0.0,Completed
R0001031,SL000020014,O00011719,2025-12-04,2,Changed mind,2,79.05,0.0,Completed
R0001032,SL000020040,O00011735,2023-09-01,16,Not as described,1,28.13,0.0,Completed
R0001033,SL000020047,O00011739,2024-10-14,11,Changed mind,1,62.59,0.0,Completed
R0001034,SL000020056,O00011746,2024-05-06,10,Changed mind,1,277.46,48.96,Completed
R0001035,SL000020072,O00011757,2023-12-22,9,Damaged item,1,377.03,0.0,Completed
R0001036,SL000020079,O00011760,2023-11-23,5,Changed mind,1,33.95,0.0,Completed
R0001037,SL000020084,O00011762,2023-12-23,19,Damaged item,1,159.24,0.0,Completed
R0001038,SL000020170,O00011816,2024-07-19,19,Incorrect item,1,220.71,0.0,Completed
R0001039,SL000020218,O00011841,2024-11-19,7,Changed mind,1,238.59,0.0,Completed
R0001040,SL000020286,O00011881,2025-02-09,14,Changed mind,1,8.92,0.0,Completed
R0001041,SL000020298,O00011888,2023-09-29,2,Changed mind,2,15.68,0.0,Completed
R0001042,SL000020328,O00011904,2024-06-11,5,Size or fit issue,1,226.54,0.0,Completed
R0001043,SL000020389,O00011937,2024-06-17,16,Damaged item,1,3.94,0.0,Completed
R0001044,SL000020414,O00011951,2024-10-25,6,Not as described,1,19.06,0.0,Completed
R0001045,SL000020446,O00011969,2025-05-20,9,Not as described,1,85.88,0.0,Completed
R0001046,SL000020452,O00011973,2023-07-25,1,Damaged item,1,96.0,0.0,Completed
R0001047,SL000020453,O00011973,2023-07-28,4,Not as described,2,192.0,0.0,Completed
R0001048,SL000020461,O00011975,2023-05-06,7,Changed mind,4,146.76,0.0,Completed
R0001049,SL000020466,O00011976,2023-08-21,5,Not as described,1,108.58,0.0,Completed
R0001050,SL000020476,O00011982,2024-01-20,24,Size or fit issue,1,64.53,0.0,Completed
R0001051,SL000020531,O00012011,2023-10-17,8,Size or fit issue,1,154.81,0.0,Completed
R0001052,SL000020603,O00012055,2025-04-25,18,Faulty product,3,105.0,0.0,Completed
R0001053,SL000020634,O00012076,2023-02-08,31,Changed mind,2,15.52,0.0,Completed
R0001054,SL000020662,O00012095,2023-03-06,4,Damaged item,1,366.43,0.0,Completed
R0001055,SL000020669,O00012098,2023-04-09,7,Late delivery,1,90.32,0.0,Pending
R0001056,SL000020676,O00012103,2025-08-27,8,Incorrect item,1,799.15,0.0,Completed
R0001057,SL000020698,O00012115,2025-11-12,26,Faulty product,1,238.59,0.0,Completed
R0001058,SL000020703,O00012117,2023-03-06,6,Changed mind,4,169.81,0.0,Completed
R0001059,SL000020714,O00012123,2025-01-21,12,Damaged item,2,16.24,0.0,Completed
R0001060,SL000020729,O00012130,2025-03-01,7,Incorrect item,1,20.29,0.0,Completed
R0001061,SL000020740,O00012135,2023-04-12,11,Changed mind,3,99.8,0.0,Completed
R0001062,SL000020741,O00012135,2023-04-21,20,Not as described,1,326.42,0.0,Completed
R0001063,SL000020750,O00012140,2024-01-27,3,Incorrect item,3,171.63,0.0,Completed
R0001064,SL000020760,O00012148,2024-06-06,3,Damaged item,2,98.41,0.0,Pending
R0001065,SL000020779,O00012157,2025-12-25,45,Changed mind,1,18.21,0.0,Completed
R0001066,SL000020781,O00012159,2023-12-18,4,Damaged item,1,86.97,0.0,Completed
R0001067,SL000020821,O00012176,2023-10-29,10,Not as described,2,99.46,0.0,Completed
R0001068,SL000020831,O00012182,2025-08-04,27,Changed mind,2,46.12,0.0,Completed
R0001069,SL000020835,O00012185,2025-10-19,29,Changed mind,1,11.69,0.0,Completed
R0001070,SL000020898,O00012226,2025-08-18,27,Size or fit issue,1,19.88,0.0,Completed
R0001071,SL000020913,O00012235,2025-12-28,2,Changed mind,1,39.43,0.0,Completed
R0001072,SL000020931,O00012245,2024-12-23,4,Not as described,1,30.1,0.0,Completed
R0001073,SL000020971,O00012266,2023-06-16,17,Size or fit issue,1,40.62,0.0,Completed
R0001074,SL000020980,O00012271,2024-05-16,18,Changed mind,1,34.31,6.05,Completed
R0001075,SL000020984,O00012274,2024-03-23,16,Changed mind,1,50.86,0.0,Completed
R0001076,SL000021001,O00012288,2024-07-21,9,Faulty product,1,119.42,0.0,Completed
R0001077,SL000021012,O00012295,2024-12-17,2,Size or fit issue,1,85.88,0.0,Completed
R0001078,SL000021152,O00012373,2023-10-27,13,Faulty product,1,23.38,0.0,Completed
R0001079,SL000021210,O00012405,2024-12-23,9,Faulty product,1,80.0,0.0,Completed
R0001080,SL000021222,O00012412,2024-11-18,14,Damaged item,1,130.1,0.0,Completed
R0001081,SL000021243,O00012424,2025-11-25,15,Changed mind,1,32.9,0.0,Completed
R0001082,SL000021277,O00012443,2024-09-30,22,Faulty product,1,68.8,0.0,Completed
R0001083,SL000021302,O00012456,2025-12-21,27,Changed mind,1,212.0,0.0,Completed
R0001084,SL000021327,O00012469,2025-12-30,17,Changed mind,2,12.8,0.0,Completed
R0001085,SL000021359,O00012487,2025-09-18,7,Changed mind,1,14.1,0.0,Completed
R0001086,SL000021404,O00012511,2024-12-29,6,Incorrect item,2,6.0,0.0,Completed
R0001087,SL000021421,O00012525,2024-08-15,9,Changed mind,2,171.76,0.0,Completed
R0001088,SL000021428,O00012530,2025-06-07,5,Changed mind,1,78.51,0.0,Completed
R0001089,SL000021436,O00012535,2025-01-10,12,Not as described,1,96.97,0.0,Pending
R0001090,SL000021511,O00012570,2023-12-23,5,Changed mind,1,10.44,0.0,Completed
R0001091,SL000021519,O00012577,2025-02-17,9,Faulty product,1,47.22,0.0,Completed
R0001092,SL000021521,O00012579,2024-12-09,19,Changed mind,1,262.23,0.0,Completed
R0001093,SL000021534,O00012588,2023-02-10,3,Changed mind,2,71.04,0.0,Completed
R0001094,SL000021565,O00012602,2026-01-18,22,Faulty product,1,34.65,0.0,Completed
R0001095,SL000021580,O00012611,2024-08-08,27,Changed mind,1,15.17,2.68,Completed
R0001096,SL000021591,O00012618,2025-03-26,2,Changed mind,1,274.36,0.0,Completed
R0001097,SL000021624,O00012639,2025-10-09,10,Changed mind,1,7.26,1.28,Completed
R0001098,SL000021629,O00012643,2024-01-26,11,Damaged item,2,35.34,0.0,Completed
R0001099,SL000021630,O00012643,2024-02-01,17,Late delivery,1,154.81,0.0,Completed
R0001100,SL000021631,O00012644,2024-06-26,18,Changed mind,1,193.79,0.0,Completed
R0001101,SL000021678,O00012674,2024-11-19,5,Faulty product,1,34.65,0.0,Completed
R0001102,SL000021690,O00012679,2023-08-22,2,Damaged item,1,68.83,0.0,Completed
R0001103,SL000021694,O00012681,2024-05-09,18,Size or fit issue,3,105.0,0.0,Completed
R0001104,SL000021699,O00012683,2024-06-30,14,Faulty product,1,27.65,0.0,Completed
R0001105,SL000021713,O00012690,2025-11-21,2,Not as described,1,69.96,0.0,Completed
R0001106,SL000021726,O00012699,2025-06-12,5,Damaged item,2,219.36,0.0,Completed
R0001107,SL000021727,O00012699,2025-06-25,18,Damaged item,1,290.41,0.0,Completed
R0001108,SL000021735,O00012702,2025-12-03,4,Changed mind,1,111.7,19.71,Completed
R0001109,SL000021751,O00012714,2024-02-21,11,Damaged item,1,281.7,0.0,Completed
R0001110,SL000021764,O00012721,2023-12-23,2,Faulty product,1,119.12,0.0,Completed
R0001111,SL000021799,O00012743,2025-11-18,28,Incorrect item,1,23.06,0.0,Completed
R0001112,SL000021815,O00012753,2025-12-14,5,Changed mind,1,15.0,0.0,Completed
R0001113,SL000021835,O00012763,2024-08-10,8,Incorrect item,1,102.26,0.0,Completed
R0001114,SL000021855,O00012774,2025-01-20,15,Changed mind,3,56.52,0.0,Completed
R0001115,SL000021859,O00012777,2023-07-21,12,Not as described,1,116.67,0.0,Completed
R0001116,SL000021907,O00012804,2024-01-04,3,Incorrect item,1,42.12,0.0,Completed
R0001117,SL000021933,O00012823,2023-08-02,11,Changed mind,2,78.13,13.79,Completed
R0001118,SL000021934,O00012824,2025-12-19,13,Faulty product,2,32.71,0.0,Completed
R0001119,SL000021974,O00012851,2023-04-02,14,Size or fit issue,1,29.79,0.0,Completed
R0001120,SL000021977,O00012852,2025-02-24,22,Incorrect item,1,151.72,0.0,Completed
R0001121,SL000021978,O00012853,2025-10-05,10,Size or fit issue,3,89.46,0.0,Pending
R0001122,SL000021987,O00012857,2024-12-30,3,Size or fit issue,1,190.77,0.0,Completed
R0001123,SL000021992,O00012858,2024-09-05,24,Incorrect item,1,207.31,0.0,Completed
R0001124,SL000022021,O00012880,2024-07-29,12,Size or fit issue,1,13.61,0.0,Completed
R0001125,SL000022053,O00012897,2024-11-13,4,Faulty product,1,243.24,0.0,Completed
R0001126,SL000022056,O00012899,2025-11-09,22,Faulty product,1,145.85,0.0,Completed
R0001127,SL000022089,O00012920,2025-11-16,4,Damaged item,4,99.49,0.0,Completed
R0001128,SL000022159,O00012965,2023-12-28,11,Changed mind,2,28.8,0.0,Completed
R0001129,SL000022195,O00012985,2025-01-23,8,Changed mind,1,10.69,0.0,Completed
R0001130,SL000022221,O00012997,2026-01-10,20,Faulty product,2,8.34,0.0,Completed
R0001131,SL000022273,O00013027,2023-12-15,15,Incorrect item,1,109.01,0.0,Completed
R0001132,SL000022276,O00013029,2023-08-09,2,Not as described,1,20.8,0.0,Completed
R0001133,SL000022314,O00013052,2025-12-11,10,Size or fit issue,1,78.4,0.0,Completed
R0001134,SL000022349,O00013072,2024-06-08,6,Not as described,1,34.3,0.0,Completed
R0001135,SL000022350,O00013072,2024-06-17,15,Damaged item,1,11.21,0.0,Completed
R0001136,SL000022363,O00013080,2025-02-20,11,Changed mind,1,141.75,0.0,Completed
R0001137,SL000022389,O00013094,2024-08-11,17,Late delivery,1,14.18,0.0,Pending
R0001138,SL000022437,O00013127,2025-01-15,8,Faulty product,1,175.58,0.0,Completed
R0001139,SL000022502,O00013171,2023-06-29,5,Damaged item,1,12.15,0.0,Completed
R0001140,SL000022509,O00013175,2025-05-08,9,Changed mind,1,7.06,1.25,Completed
R0001141,SL000022534,O00013189,2024-03-10,10,Faulty product,1,173.14,0.0,Completed
R0001142,SL000022543,O00013195,2023-06-09,44,Not as described,1,58.88,0.0,Completed
R0001143,SL000022591,O00013228,2024-12-09,2,Damaged item,1,17.89,0.0,Completed
R0001144,SL000022612,O00013240,2026-01-10,13,Changed mind,1,80.78,14.25,Pending
R0001145,SL000022639,O00013254,2025-01-30,16,Changed mind,1,33.95,0.0,Completed
R0001146,SL000022654,O00013263,2023-11-26,5,Size or fit issue,1,181.82,0.0,Completed
R0001147,SL000022662,O00013267,2025-04-18,7,Not as described,1,12.0,0.0,Completed
R0001148,SL000022692,O00013287,2024-07-25,8,Size or fit issue,1,57.54,0.0,Completed
R0001149,SL000022707,O00013294,2025-06-03,17,Changed mind,1,10.89,0.0,Completed
R0001150,SL000022721,O00013300,2024-05-14,6,Late delivery,2,166.61,0.0,Completed
R0001151,SL000022779,O00013332,2024-08-31,6,Damaged item,1,100.69,0.0,Completed
R0001152,SL000022815,O00013354,2023-02-16,6,Faulty product,2,171.76,0.0,Completed
R0001153,SL000022816,O00013355,2024-12-17,16,Changed mind,1,12.0,0.0,Completed
R0001154,SL000022818,O00013355,2024-12-13,12,Not as described,1,89.42,0.0,Completed
R0001155,SL000022845,O00013371,2025-11-28,10,Incorrect item,2,4.32,0.0,Completed
R0001156,SL000022891,O00013397,2023-06-30,13,Incorrect item,1,12.15,0.0,Pending
R0001157,SL000022895,O00013399,2023-11-16,12,Changed mind,2,106.49,18.79,Completed
R0001158,SL000022898,O00013400,2024-04-16,24,Changed mind,2,215.84,0.0,Completed
R0001159,SL000022938,O00013423,2025-06-15,29,Faulty product,1,6.88,0.0,Completed
R0001160,SL000022943,O00013426,2025-05-08,9,Damaged item,2,158.66,0.0,Completed
R0001161,SL000022951,O00013431,2025-12-14,25,Not as described,1,13.8,0.0,Completed
R0001162,SL000022967,O00013436,2024-05-14,33,Damaged item,1,34.65,0.0,Completed
R0001163,SL000022971,O00013439,2025-10-09,4,Changed mind,1,77.6,0.0,Completed
R0001164,SL000022972,O00013440,2025-02-24,9,Late delivery,2,47.34,0.0,Completed
R0001165,SL000022984,O00013449,2023-05-19,6,Incorrect item,1,53.02,0.0,Completed
R0001166,SL000023001,O00013456,2024-03-08,22,Changed mind,3,108.26,19.1,Completed
R0001167,SL000023047,O00013485,2024-08-31,7,Damaged item,3,67.69,0.0,Completed
R0001168,SL000023079,O00013508,2023-01-14,5,Late delivery,1,245.7,0.0,Completed
R0001169,SL000023094,O00013518,2023-12-17,24,Changed mind,1,13.69,0.0,Completed
R0001170,SL000023105,O00013522,2025-10-05,15,Not as described,1,35.0,0.0,Completed
R0001171,SL000023137,O00013544,2025-07-06,23,Faulty product,4,83.5,0.0,Completed
R0001172,SL000023166,O00013563,2025-06-11,15,Not as described,4,140.0,0.0,Completed
R0001173,SL000023209,O00013584,2025-05-01,6,Size or fit issue,1,290.41,0.0,Completed
R0001174,SL000023221,O00013591,2025-10-10,4,Incorrect item,1,35.16,0.0,Completed
R0001175,SL000023232,O00013597,2025-08-13,4,Size or fit issue,1,36.32,0.0,Completed
R0001176,SL000023252,O00013608,2024-08-04,7,Changed mind,1,41.4,7.31,Completed
R0001177,SL000023269,O00013620,2024-12-07,10,Not as described,4,47.95,0.0,Completed
R0001178,SL000023291,O00013633,2023-02-08,20,Size or fit issue,1,381.7,0.0,Completed
R0001179,SL000023292,O00013634,2025-09-18,11,Faulty product,1,35.0,0.0,Completed
R0001180,SL000023342,O00013660,2024-08-06,2,Size or fit issue,4,80.28,0.0,Completed
R0001181,SL000023379,O00013683,2024-10-18,8,Changed mind,1,57.54,0.0,Completed
R0001182,SL000023405,O00013698,2025-04-16,8,Size or fit issue,1,21.21,0.0,Completed
R0001183,SL000023410,O00013700,2025-09-22,3,Late delivery,3,153.31,0.0,Completed
R0001184,SL000023443,O00013720,2025-04-22,1,Changed mind,1,42.45,0.0,Completed
R0001185,SL000023533,O00013769,2025-07-07,30,Changed mind,1,29.45,5.2,Completed
R0001186,SL000023538,O00013770,2025-07-01,14,Changed mind,1,22.94,0.0,Completed
R0001187,SL000023546,O00013776,2025-08-09,21,Changed mind,1,176.71,0.0,Completed
R0001188,SL000023571,O00013791,2025-01-15,5,Not as described,1,12.67,0.0,Completed
R0001189,SL000023633,O00013825,2024-09-18,10,Changed mind,1,86.65,0.0,Completed
R0001190,SL000023646,O00013833,2025-01-21,6,Not as described,1,29.83,0.0,Completed
R0001191,SL000023661,O00013839,2025-08-30,14,Changed mind,2,7.02,1.24,Completed
R0001192,SL000023668,O00013841,2024-06-05,19,Late delivery,4,71.4,0.0,Completed
R0001193,SL000023671,O00013844,2023-06-06,19,Late delivery,3,57.59,0.0,Completed
R0001194,SL000023711,O00013871,2024-04-02,7,Damaged item,3,127.92,0.0,Completed
R0001195,SL000023784,O00013910,2025-09-10,23,Size or fit issue,2,153.65,0.0,Completed
R0001196,SL000023813,O00013927,2025-06-24,3,Changed mind,1,74.13,13.08,Completed
R0001197,SL000023837,O00013939,2023-02-20,3,Changed mind,1,33.95,0.0,Completed
R0001198,SL000023879,O00013967,2024-05-14,6,Faulty product,1,219.52,0.0,Completed
R0001199,SL000023880,O00013968,2023-05-30,10,Changed mind,1,127.47,0.0,Completed
R0001200,SL000023887,O00013971,2025-09-26,14,Changed mind,1,35.77,0.0,Completed
R0001201,SL000023893,O00013975,2023-12-25,4,Changed mind,1,3.61,0.64,Completed
R0001202,SL000023934,O00014000,2023-11-24,5,Changed mind,3,148.85,0.0,Completed
R0001203,SL000023941,O00014004,2023-11-22,10,Not as described,1,45.99,0.0,Completed
R0001204,SL000023954,O00014015,2023-03-28,26,Changed mind,1,36.32,0.0,Completed
R0001205,SL000024019,O00014050,2023-08-06,2,Changed mind,1,33.98,0.0,Completed
R0001206,SL000024059,O00014078,2024-02-23,3,Damaged item,1,28.63,0.0,Completed
R0001207,SL000024060,O00014079,2024-02-12,33,Changed mind,1,156.97,0.0,Completed
R0001208,SL000024067,O00014082,2024-06-28,11,Not as described,2,18.53,0.0,Completed
R0001209,SL000024070,O00014083,2023-05-28,6,Changed mind,2,98.73,0.0,Completed
R0001210,SL000024092,O00014095,2023-06-29,33,Changed mind,1,11.76,0.0,Completed
R0001211,SL000024126,O00014118,2024-07-02,7,Faulty product,1,27.3,0.0,Completed
R0001212,SL000024146,O00014130,2024-09-11,2,Changed mind,1,350.26,0.0,Completed
R0001213,SL000024200,O00014162,2023-01-23,5,Late delivery,1,3.1,0.0,Completed
R0001214,SL000024207,O00014166,2024-11-04,10,Late delivery,1,11.44,0.0,Completed
R0001215,SL000024212,O00014167,2023-01-26,1,Size or fit issue,1,224.22,0.0,Completed
R0001216,SL000024240,O00014186,2024-01-12,23,Damaged item,1,206.41,0.0,Completed
R0001217,SL000024247,O00014191,2025-09-09,1,Changed mind,1,226.42,0.0,Completed
R0001218,SL000024274,O00014207,2025-03-24,5,Damaged item,1,120.4,0.0,Completed
R0001219,SL000024286,O00014212,2025-08-10,9,Changed mind,1,96.0,0.0,Completed
R0001220,SL000024299,O00014219,2025-04-27,2,Changed mind,3,114.27,20.16,Completed
R0001221,SL000024331,O00014240,2024-07-22,25,Damaged item,1,3.35,0.0,Completed
R0001222,SL000024372,O00014266,2025-06-14,15,Faulty product,3,75.6,0.0,Completed
R0001223,SL000024381,O00014271,2024-12-14,4,Damaged item,4,32.0,0.0,Completed
R0001224,SL000024392,O00014280,2025-04-28,13,Late delivery,1,99.68,0.0,Completed
R0001225,SL000024396,O00014283,2025-11-23,10,Changed mind,3,111.27,19.64,Completed
R0001226,SL000024400,O00014287,2024-04-24,25,Changed mind,1,226.54,0.0,Completed
R0001227,SL000024433,O00014301,2023-03-01,10,Changed mind,1,97.67,0.0,Completed
R0001228,SL000024472,O00014324,2023-02-09,11,Late delivery,3,23.28,0.0,Completed
R0001229,SL000024477,O00014327,2024-04-01,3,Faulty product,2,67.9,0.0,Completed
R0001230,SL000024488,O00014336,2025-12-19,27,Incorrect item,1,95.03,0.0,Completed
R0001231,SL000024491,O00014338,2023-04-24,42,Changed mind,1,117.35,0.0,Completed
R0001232,SL000024497,O00014339,2025-05-03,3,Faulty product,4,17.34,0.0,Completed
R0001233,SL000024513,O00014346,2023-03-20,12,Not as described,1,238.59,0.0,Completed
R0001234,SL000024559,O00014376,2024-08-04,5,Changed mind,1,176.71,0.0,Completed
R0001235,SL000024584,O00014390,2023-01-30,6,Not as described,1,172.62,0.0,Completed
R0001236,SL000024626,O00014412,2025-10-06,7,Damaged item,4,17.8,0.0,Completed
R0001237,SL000024633,O00014416,2024-05-30,17,Late delivery,1,20.13,0.0,Pending
R0001238,SL000024641,O00014420,2025-12-17,1,Faulty product,1,190.22,0.0,Completed
R0001239,SL000024660,O00014435,2023-12-22,1,Not as described,1,39.98,0.0,Completed
R0001240,SL000024679,O00014444,2024-12-22,8,Faulty product,1,41.79,0.0,Completed
R0001241,SL000024696,O00014450,2025-10-04,8,Changed mind,1,11.52,0.0,Completed
R0001242,SL000024699,O00014452,2024-06-25,3,Changed mind,1,34.22,6.04,Completed
R0001243,SL000024717,O00014464,2024-10-23,15,Changed mind,1,63.24,0.0,Completed
R0001244,SL000024720,O00014466,2024-11-12,4,Not as described,1,191.85,0.0,Completed
R0001245,SL000024732,O00014472,2023-06-20,20,Damaged item,1,29.09,0.0,Completed
R0001246,SL000024755,O00014483,2025-07-08,10,Not as described,4,134.74,0.0,Completed
R0001247,SL000024761,O00014486,2024-12-09,5,Size or fit issue,1,62.87,0.0,Completed
R0001248,SL000024763,O00014487,2023-10-18,3,Changed mind,4,70.82,12.5,Completed
R0001249,SL000024765,O00014488,2024-02-19,2,Faulty product,2,42.35,0.0,Completed
R0001250,SL000024797,O00014505,2023-12-20,4,Changed mind,4,67.7,0.0,Completed
R0001251,SL000024814,O00014517,2025-05-04,5,Faulty product,1,3.88,0.0,Completed
R0001252,SL000024839,O00014527,2023-08-17,14,Size or fit issue,1,380.87,0.0,Completed
R0001253,SL000024840,O00014528,2024-07-14,9,Faulty product,1,4.04,0.0,Completed
R0001254,SL000024844,O00014531,2024-07-12,5,Faulty product,1,115.0,0.0,Pending
R0001255,SL000024855,O00014535,2023-05-31,3,Changed mind,1,17.7,0.0,Completed
R0001256,SL000024893,O00014560,2023-03-16,9,Changed mind,1,29.75,5.25,Completed
R0001257,SL000024900,O00014564,2024-07-02,2,Incorrect item,1,115.71,0.0,Pending
R0001258,SL000024937,O00014587,2023-04-20,15,Faulty product,1,14.85,0.0,Pending
R0001259,SL000024947,O00014594,2023-07-28,3,Changed mind,1,76.12,0.0,Completed
R0001260,SL000024953,O00014597,2025-11-28,18,Changed mind,1,6.66,1.18,Completed
R0001261,SL000025002,O00014621,2023-08-20,10,Changed mind,1,34.65,0.0,Completed
R0001262,SL000025053,O00014651,2023-01-20,6,Faulty product,1,81.14,0.0,Completed
R0001263,SL000025057,O00014652,2024-07-17,4,Changed mind,1,34.3,0.0,Completed
R0001264,SL000025067,O00014657,2025-12-07,13,Changed mind,1,12.78,0.0,Completed
R0001265,SL000025070,O00014659,2025-05-07,17,Faulty product,1,44.34,0.0,Completed
R0001266,SL000025083,O00014668,2024-11-21,20,Size or fit issue,1,290.41,0.0,Completed
R0001267,SL000025095,O00014675,2025-10-28,1,Size or fit issue,1,16.35,0.0,Completed
R0001268,SL000025104,O00014680,2025-06-26,9,Incorrect item,1,28.0,0.0,Completed
R0001269,SL000025212,O00014742,2023-01-14,8,Changed mind,3,12.48,0.0,Completed
R0001270,SL000025236,O00014758,2024-11-26,8,Not as described,1,23.47,0.0,Completed
R0001271,SL000025304,O00014796,2024-07-03,23,Changed mind,1,58.48,0.0,Completed
R0001272,SL000025305,O00014797,2024-08-03,11,Damaged item,1,45.96,0.0,Completed
R0001273,SL000025341,O00014818,2024-03-20,7,Faulty product,1,290.41,0.0,Completed
R0001274,SL000025369,O00014834,2024-12-28,7,Changed mind,2,20.57,3.63,Completed
R0001275,SL000025378,O00014839,2023-12-28,9,Changed mind,1,54.85,0.0,Completed
R0001276,SL000025409,O00014860,2023-02-12,8,Faulty product,4,101.52,0.0,Completed
R0001277,SL000025426,O00014872,2025-11-11,7,Faulty product,1,80.0,0.0,Completed
R0001278,SL000025450,O00014884,2024-01-07,24,Not as described,1,83.3,0.0,Completed
R0001279,SL000025470,O00014897,2024-03-28,4,Faulty product,3,105.0,0.0,Completed
R0001280,SL000025532,O00014933,2024-07-11,9,Faulty product,1,124.12,0.0,Completed
R0001281,SL000025547,O00014943,2025-12-30,4,Changed mind,1,69.09,0.0,Completed
R0001282,SL000025548,O00014944,2025-11-02,2,Late delivery,2,44.74,0.0,Completed
R0001283,SL000025554,O00014949,2024-05-04,2,Late delivery,1,35.0,0.0,Completed
R0001284,SL000025570,O00014960,2025-12-31,16,Late delivery,1,211.3,0.0,Pending
R0001285,SL000025598,O00014974,2025-12-22,9,Damaged item,1,121.46,0.0,Completed
R0001286,SL000025621,O00014985,2024-02-26,14,Changed mind,1,47.38,0.0,Completed
R0001287,SL000025622,O00014986,2025-02-26,18,Changed mind,1,50.33,0.0,Completed
R0001288,SL000025646,O00014998,2025-12-30,14,Incorrect item,1,128.78,0.0,Completed
R0001289,SL000025653,O00015003,2025-12-12,6,Changed mind,1,25.59,4.52,Completed
R0001290,SL000025669,O00015010,2024-09-13,4,Not as described,1,10.32,0.0,Completed
R0001291,SL000025670,O00015010,2024-09-20,11,Faulty product,1,231.81,0.0,Completed
R0001292,SL000025672,O00015012,2025-10-05,28,Damaged item,1,16.92,0.0,Completed
R0001293,SL000025673,O00015012,2025-09-10,3,Changed mind,1,68.24,0.0,Completed
R0001294,SL000025682,O00015018,2024-12-02,2,Size or fit issue,1,43.61,0.0,Completed
R0001295,SL000025715,O00015038,2025-02-23,17,Incorrect item,1,27.32,0.0,Completed
R0001296,SL000025742,O00015052,2023-09-19,12,Not as described,1,10.2,0.0,Completed
R0001297,SL000025770,O00015064,2025-10-17,20,Faulty product,1,281.7,0.0,Pending
R0001298,SL000025772,O00015065,2025-11-05,4,Late delivery,1,130.1,0.0,Completed
R0001299,SL000025780,O00015069,2024-06-08,13,Changed mind,1,17.45,3.08,Completed
R0001300,SL000025797,O00015079,2024-12-10,14,Changed mind,1,81.76,0.0,Completed
R0001301,SL000025800,O00015080,2024-10-22,14,Incorrect item,1,34.3,0.0,Completed
R0001302,SL000025855,O00015109,2023-01-21,4,Late delivery,1,117.88,0.0,Completed
R0001303,SL000025859,O00015111,2024-09-09,18,Changed mind,1,181.76,32.07,Completed
R0001304,SL000025953,O00015163,2025-10-29,39,Not as described,3,44.98,0.0,Completed
R0001305,SL000025960,O00015168,2023-07-01,5,Damaged item,1,120.29,0.0,Completed
R0001306,SL000025963,O00015170,2024-01-02,15,Damaged item,1,30.62,0.0,Completed
R0001307,SL000025991,O00015184,2023-10-18,15,Damaged item,2,180.66,0.0,Completed
R0001308,SL000026010,O00015194,2024-01-29,20,Late delivery,1,35.05,0.0,Completed
R0001309,SL000026012,O00015196,2023-05-16,6,Size or fit issue,1,20.8,0.0,Pending
R0001310,SL000026021,O00015203,2023-01-23,17,Damaged item,1,79.52,0.0,Completed
R0001311,SL000026024,O00015206,2024-09-14,7,Size or fit issue,1,79.52,0.0,Completed
R0001312,SL000026037,O00015214,2025-02-13,11,Faulty product,1,29.73,0.0,Completed
R0001313,SL000026039,O00015215,2025-06-04,13,Faulty product,1,14.7,0.0,Completed
R0001314,SL000026057,O00015224,2024-12-27,7,Late delivery,1,50.18,0.0,Completed
R0001315,SL000026079,O00015236,2023-12-30,6,Damaged item,1,29.75,0.0,Completed
R0001316,SL000026107,O00015253,2023-01-11,6,Incorrect item,1,24.61,0.0,Completed
R0001317,SL000026113,O00015258,2025-04-22,10,Late delivery,1,17.97,0.0,Completed
R0001318,SL000026123,O00015262,2024-12-16,20,Not as described,1,55.92,0.0,Completed
R0001319,SL000026134,O00015267,2024-11-23,11,Changed mind,1,260.5,0.0,Completed
R0001320,SL000026158,O00015281,2023-04-03,9,Faulty product,1,115.0,0.0,Completed
R0001321,SL000026184,O00015296,2025-02-13,5,Faulty product,1,349.64,0.0,Completed
R0001322,SL000026214,O00015315,2025-10-30,5,Changed mind,2,70.33,0.0,Completed
R0001323,SL000026223,O00015320,2023-11-08,10,Faulty product,1,68.22,0.0,Completed
R0001324,SL000026229,O00015323,2026-01-11,12,Faulty product,1,34.65,0.0,Completed
R0001325,SL000026231,O00015325,2024-05-29,3,Damaged item,2,33.0,0.0,Completed
R0001326,SL000026238,O00015330,2025-06-30,12,Faulty product,1,118.33,0.0,Completed
R0001327,SL000026242,O00015331,2023-10-03,8,Faulty product,1,16.92,0.0,Completed
R0001328,SL000026277,O00015356,2025-07-18,2,Changed mind,1,22.32,0.0,Completed
R0001329,SL000026304,O00015372,2024-08-08,16,Size or fit issue,2,18.49,0.0,Completed
R0001330,SL000026307,O00015374,2023-12-16,17,Damaged item,1,157.02,0.0,Completed
R0001331,SL000026314,O00015378,2024-02-23,3,Changed mind,1,148.86,0.0,Completed
R0001332,SL000026370,O00015412,2025-02-05,7,Size or fit issue,1,28.64,0.0,Completed
R0001333,SL000026383,O00015419,2024-06-29,6,Changed mind,1,74.65,0.0,Completed
R0001334,SL000026386,O00015422,2024-12-27,7,Faulty product,1,16.31,0.0,Completed
R0001335,SL000026389,O00015424,2025-07-04,9,Changed mind,1,1.96,0.35,Completed
R0001336,SL000026402,O00015433,2024-12-05,4,Damaged item,1,90.13,0.0,Completed
R0001337,SL000026403,O00015433,2024-12-16,15,Damaged item,1,154.81,0.0,Completed
R0001338,SL000026423,O00015442,2024-07-23,2,Not as described,1,14.85,0.0,Completed
R0001339,SL000026425,O00015444,2023-03-16,15,Changed mind,1,257.72,0.0,Completed
R0001340,SL000026466,O00015470,2024-12-25,11,Late delivery,1,236.16,0.0,Completed
R0001341,SL000026470,O00015472,2025-05-16,3,Incorrect item,1,12.0,0.0,Completed
R0001342,SL000026519,O00015502,2025-02-23,5,Incorrect item,1,84.16,0.0,Completed
R0001343,SL000026542,O00015520,2023-12-04,3,Changed mind,1,50.1,8.84,Completed
R0001344,SL000026552,O00015526,2024-12-22,13,Faulty product,2,28.06,0.0,Completed
R0001345,SL000026578,O00015541,2025-07-13,11,Not as described,1,33.95,0.0,Completed
R0001346,SL000026667,O00015595,2024-05-30,7,Not as described,1,19.11,0.0,Completed
R0001347,SL000026708,O00015617,2024-04-08,19,Changed mind,1,98.13,17.32,Completed
R0001348,SL000026715,O00015618,2025-03-15,13,Faulty product,1,30.25,0.0,Completed
R0001349,SL000026720,O00015621,2025-08-17,17,Damaged item,1,4.45,0.0,Completed
R0001350,SL000026741,O00015634,2025-07-25,3,Size or fit issue,1,17.31,0.0,Completed
R0001351,SL000026782,O00015662,2025-01-20,12,Damaged item,2,69.3,0.0,Completed
R0001352,SL000026784,O00015664,2024-01-11,16,Late delivery,1,333.08,0.0,Completed
R0001353,SL000026793,O00015668,2025-03-02,2,Damaged item,1,160.26,0.0,Completed
R0001354,SL000026857,O00015711,2025-01-04,21,Faulty product,1,83.42,0.0,Completed
R0001355,SL000026873,O00015719,2024-01-07,7,Changed mind,1,35.0,0.0,Completed
R0001356,SL000026883,O00015725,2025-06-02,4,Size or fit issue,1,11.88,0.0,Completed
R0001357,SL000026915,O00015743,2023-03-14,15,Changed mind,1,35.19,0.0,Completed
R0001358,SL000026927,O00015750,2023-02-02,12,Size or fit issue,1,384.72,0.0,Completed
R0001359,SL000026936,O00015757,2025-08-13,10,Late delivery,1,45.43,0.0,Completed
R0001360,SL000026968,O00015774,2024-04-08,9,Changed mind,1,56.1,0.0,Completed
R0001361,SL000026971,O00015776,2023-03-28,17,Faulty product,2,69.3,0.0,Pending
R0001362,SL000026990,O00015787,2024-09-09,18,Not as described,1,80.0,0.0,Completed
R0001363,SL000027037,O00015813,2025-10-14,3,Damaged item,1,196.23,0.0,Completed
R0001364,SL000027051,O00015820,2023-12-06,3,Changed mind,1,15.18,2.68,Completed
R0001365,SL000027052,O00015821,2024-12-11,5,Size or fit issue,1,63.88,0.0,Completed
R0001366,SL000027065,O00015828,2024-03-11,9,Changed mind,1,146.13,0.0,Completed
R0001367,SL000027101,O00015849,2024-02-24,2,Faulty product,1,150.28,0.0,Completed
R0001368,SL000027103,O00015850,2024-07-07,4,Faulty product,1,287.51,0.0,Completed
R0001369,SL000027105,O00015850,2024-07-26,23,Not as described,1,17.13,0.0,Completed
R0001370,SL000027106,O00015850,2024-07-15,12,Changed mind,4,100.5,0.0,Completed
R0001371,SL000027126,O00015864,2025-05-17,1,Changed mind,1,130.1,0.0,Pending
R0001372,SL000027155,O00015887,2024-09-10,1,Not as described,1,10.32,0.0,Completed
R0001373,SL000027164,O00015893,2024-02-18,20,Incorrect item,1,44.22,0.0,Completed
R0001374,SL000027167,O00015895,2024-01-08,24,Faulty product,1,9.96,0.0,Completed
R0001375,SL000027176,O00015899,2024-10-28,4,Faulty product,1,94.06,0.0,Completed
R0001376,SL000027187,O00015903,2025-09-11,9,Changed mind,1,111.8,0.0,Completed
R0001377,SL000027220,O00015925,2025-08-12,4,Size or fit issue,1,193.79,0.0,Completed
R0001378,SL000027228,O00015929,2024-10-31,19,Not as described,2,16.0,0.0,Completed
R0001379,SL000027252,O00015942,2024-10-01,5,Changed mind,2,36.51,0.0,Completed
R0001380,SL000027292,O00015966,2024-11-14,1,Faulty product,1,18.38,0.0,Completed
R0001381,SL000027293,O00015967,2024-09-29,14,Changed mind,1,35.0,0.0,Completed
R0001382,SL000027303,O00015975,2024-08-06,8,Late delivery,4,106.35,0.0,Completed
R0001383,SL000027307,O00015978,2024-06-16,8,Changed mind,1,54.18,9.56,Completed
R0001384,SL000027326,O00015988,2023-09-13,8,Not as described,1,20.97,0.0,Completed
R0001385,SL000027354,O00016003,2025-06-21,5,Faulty product,1,274.82,0.0,Completed
R0001386,SL000027390,O00016021,2023-05-20,9,Damaged item,1,50.07,0.0,Completed
R0001387,SL000027394,O00016024,2025-12-20,8,Changed mind,1,186.2,32.86,Completed
R0001388,SL000027401,O00016027,2023-07-16,10,Faulty product,2,112.9,0.0,Completed
R0001389,SL000027403,O00016028,2025-10-11,12,Damaged item,1,13.34,0.0,Completed
R0001390,SL000027411,O00016032,2023-11-12,4,Not as described,1,67.39,0.0,Completed
R0001391,SL000027415,O00016035,2025-06-23,11,Not as described,2,132.86,0.0,Pending
R0001392,SL000027438,O00016053,2024-08-03,14,Faulty product,1,33.62,0.0,Completed
R0001393,SL000027442,O00016055,2024-10-30,15,Late delivery,1,65.64,0.0,Completed
R0001394,SL000027462,O00016069,2024-12-17,23,Changed mind,1,25.2,0.0,Completed
R0001395,SL000027486,O00016081,2024-11-30,11,Faulty product,4,105.0,0.0,Completed
R0001396,SL000027494,O00016083,2025-04-22,10,Changed mind,1,53.2,9.39,Completed
R0001397,SL000027496,O00016085,2024-06-22,2,Damaged item,1,9.72,0.0,Completed
R0001398,SL000027524,O00016101,2026-01-02,13,Changed mind,2,16.73,2.95,Completed
R0001399,SL000027528,O00016103,2024-03-09,12,Not as described,1,27.85,0.0,Completed
R0001400,SL000027554,O00016121,2023-03-08,9,Changed mind,1,41.76,0.0,Completed
R0001401,SL000027604,O00016151,2024-12-18,2,Damaged item,1,399.13,0.0,Completed
R0001402,SL000027606,O00016151,2024-12-20,4,Faulty product,2,306.49,0.0,Completed
R0001403,SL000027624,O00016164,2023-06-25,18,Not as described,1,68.24,0.0,Completed
R0001404,SL000027633,O00016168,2024-02-03,4,Size or fit issue,1,342.65,0.0,Completed
R0001405,SL000027638,O00016172,2025-10-16,1,Incorrect item,1,257.41,0.0,Completed
R0001406,SL000027642,O00016173,2023-12-19,5,Not as described,1,109.68,0.0,Completed
R0001407,SL000027672,O00016190,2025-04-17,16,Changed mind,1,73.01,0.0,Completed
R0001408,SL000027785,O00016257,2024-04-06,7,Late delivery,4,34.24,0.0,Completed
R0001409,SL000027794,O00016263,2025-11-26,7,Changed mind,1,95.93,0.0,Pending
R0001410,SL000027798,O00016264,2023-12-31,16,Damaged item,1,54.85,0.0,Completed
R0001411,SL000027801,O00016266,2023-04-14,14,Size or fit issue,1,67.44,0.0,Completed
R0001412,SL000027809,O00016272,2024-12-06,9,Changed mind,1,38.92,0.0,Completed
R0001413,SL000027828,O00016283,2023-10-05,21,Damaged item,4,140.0,0.0,Completed
R0001414,SL000027834,O00016286,2024-12-16,8,Faulty product,1,192.22,0.0,Completed
R0001415,SL000027864,O00016302,2024-07-14,25,Size or fit issue,2,63.83,0.0,Completed
R0001416,SL000027872,O00016308,2025-11-20,8,Changed mind,2,158.4,0.0,Completed
R0001417,SL000027903,O00016325,2025-12-24,3,Size or fit issue,1,67.52,0.0,Completed
R0001418,SL000027916,O00016334,2024-03-12,6,Changed mind,1,249.69,0.0,Completed
R0001419,SL000027919,O00016336,2023-12-05,29,Faulty product,1,11.88,0.0,Completed
R0001420,SL000027946,O00016352,2024-11-15,14,Changed mind,2,55.54,0.0,Completed
R0001421,SL000027991,O00016377,2025-05-08,12,Changed mind,1,46.11,0.0,Completed
R0001422,SL000028011,O00016393,2025-12-25,14,Changed mind,1,200.23,0.0,Completed
R0001423,SL000028034,O00016401,2025-07-12,12,Damaged item,1,52.84,0.0,Completed
R0001424,SL000028048,O00016409,2025-12-20,1,Changed mind,1,177.96,0.0,Completed
R0001425,SL000028079,O00016432,2025-03-15,5,Size or fit issue,1,250.88,0.0,Completed
R0001426,SL000028080,O00016433,2024-11-26,4,Faulty product,1,58.1,0.0,Completed
R0001427,SL000028085,O00016435,2024-12-19,18,Faulty product,1,12.0,0.0,Completed
R0001428,SL000028086,O00016436,2025-07-29,5,Incorrect item,1,83.3,0.0,Completed
R0001429,SL000028098,O00016444,2025-12-03,13,Incorrect item,1,57.6,0.0,Completed
R0001430,SL000028158,O00016483,2025-05-05,3,Changed mind,2,29.36,5.18,Completed
R0001431,SL000028159,O00016483,2025-05-11,9,Changed mind,1,3.0,0.0,Completed
R0001432,SL000028162,O00016485,2025-05-14,12,Changed mind,1,56.43,0.0,Completed
R0001433,SL000028164,O00016486,2023-04-03,2,Faulty product,1,17.88,0.0,Completed
R0001434,SL000028184,O00016497,2023-11-28,10,Late delivery,2,61.76,0.0,Completed
R0001435,SL000028215,O00016515,2025-12-03,16,Not as described,3,87.53,0.0,Completed
R0001436,SL000028219,O00016516,2023-03-11,12,Not as described,1,117.88,0.0,Completed
R0001437,SL000028224,O00016518,2024-07-06,15,Not as described,1,71.54,0.0,Completed
R0001438,SL000028251,O00016535,2025-03-21,5,Changed mind,1,12.05,2.13,Completed
R0001439,SL000028263,O00016542,2025-07-20,30,Late delivery,2,12.72,0.0,Completed
R0001440,SL000028280,O00016553,2025-03-30,9,Damaged item,1,110.31,0.0,Completed
R0001441,SL000028306,O00016570,2023-01-24,9,Damaged item,1,78.4,0.0,Completed
R0001442,SL000028307,O00016570,2023-02-10,26,Incorrect item,1,186.74,0.0,Completed
R0001443,SL000028327,O00016582,2025-11-02,2,Not as described,4,31.82,0.0,Completed
R0001444,SL000028332,O00016584,2024-09-28,9,Faulty product,1,8.56,0.0,Completed
R0001445,SL000028334,O00016586,2025-11-09,1,Changed mind,1,27.75,0.0,Completed
R0001446,SL000028391,O00016620,2024-01-05,12,Changed mind,1,20.1,0.0,Completed
R0001447,SL000028392,O00016620,2024-01-06,13,Changed mind,1,18.26,0.0,Completed
R0001448,SL000028394,O00016622,2023-05-16,8,Late delivery,4,46.56,0.0,Completed
R0001449,SL000028410,O00016632,2024-12-01,2,Faulty product,4,103.6,0.0,Completed
R0001450,SL000028426,O00016641,2023-08-26,3,Faulty product,1,58.14,0.0,Completed
R0001451,SL000028447,O00016653,2025-10-28,32,Damaged item,1,35.0,0.0,Completed
R0001452,SL000028455,O00016658,2024-03-15,6,Damaged item,2,37.06,0.0,Completed
R0001453,SL000028480,O00016670,2025-03-15,23,Damaged item,1,10.23,0.0,Completed
R0001454,SL000028537,O00016703,2024-03-03,8,Changed mind,1,209.42,0.0,Completed
R0001455,SL000028572,O00016719,2024-01-20,2,Faulty product,1,386.92,0.0,Completed
R0001456,SL000028608,O00016743,2025-01-29,12,Faulty product,1,112.94,0.0,Completed
R0001457,SL000028611,O00016744,2023-12-03,7,Incorrect item,1,297.31,0.0,Completed
R0001458,SL000028659,O00016770,2023-03-01,10,Faulty product,1,119.1,0.0,Completed
R0001459,SL000028682,O00016783,2024-12-29,3,Faulty product,1,7.07,0.0,Completed
R0001460,SL000028697,O00016792,2023-01-15,3,Changed mind,1,28.51,0.0,Completed
R0001461,SL000028712,O00016803,2024-11-28,8,Changed mind,1,27.5,0.0,Completed
R0001462,SL000028764,O00016831,2024-10-03,5,Damaged item,2,22.56,0.0,Completed
R0001463,SL000028774,O00016838,2025-02-03,2,Changed mind,1,3.28,0.58,Completed
R0001464,SL000028788,O00016846,2025-12-23,9,Changed mind,1,77.6,0.0,Completed
R0001465,SL000028809,O00016856,2024-07-07,24,Changed mind,1,25.71,4.54,Completed
R0001466,SL000028814,O00016859,2023-12-18,10,Faulty product,1,153.24,0.0,Completed
R0001467,SL000028830,O00016872,2024-12-12,1,Damaged item,1,35.77,0.0,Completed
R0001468,SL000028845,O00016882,2024-01-31,3,Incorrect item,1,44.04,0.0,Completed
R0001469,SL000028860,O00016891,2026-01-02,4,Changed mind,1,39.23,0.0,Pending
R0001470,SL000028906,O00016912,2024-04-13,16,Changed mind,1,66.13,0.0,Completed
R0001471,SL000028911,O00016916,2024-01-05,9,Faulty product,1,34.65,0.0,Completed
R0001472,SL000028931,O00016931,2024-06-11,5,Faulty product,1,98.68,0.0,Completed
R0001473,SL000028981,O00016958,2024-03-13,10,Changed mind,2,46.38,8.19,Completed
R0001474,SL000029000,O00016970,2025-11-23,7,Faulty product,2,70.0,0.0,Completed
R0001475,SL000029020,O00016983,2025-01-01,2,Faulty product,1,14.18,0.0,Completed
R0001476,SL000029072,O00017018,2023-03-15,12,Faulty product,1,290.41,0.0,Completed
R0001477,SL000029075,O00017020,2023-12-08,9,Changed mind,2,144.76,0.0,Completed
R0001478,SL000029100,O00017031,2025-12-27,8,Changed mind,1,120.4,0.0,Completed
R0001479,SL000029107,O00017036,2025-01-31,10,Late delivery,1,11.33,0.0,Completed
R0001480,SL000029128,O00017050,2023-02-02,11,Changed mind,1,29.75,0.0,Completed
R0001481,SL000029135,O00017054,2024-12-08,12,Damaged item,2,89.5,0.0,Completed
R0001482,SL000029156,O00017069,2024-10-01,19,Damaged item,1,47.38,0.0,Completed
R0001483,SL000029164,O00017073,2025-06-28,29,Changed mind,1,34.65,0.0,Completed
R0001484,SL000029167,O00017074,2025-11-23,11,Faulty product,1,194.22,0.0,Completed
R0001485,SL000029177,O00017079,2023-12-17,21,Changed mind,1,16.84,2.97,Completed
R0001486,SL000029187,O00017086,2024-09-11,4,Changed mind,1,57.66,0.0,Completed
R0001487,SL000029221,O00017107,2023-08-06,4,Changed mind,1,42.76,0.0,Completed
R0001488,SL000029259,O00017129,2025-09-29,19,Changed mind,1,33.69,0.0,Completed
R0001489,SL000029280,O00017140,2025-08-30,6,Not as described,1,386.92,0.0,Completed
R0001490,SL000029330,O00017166,2024-11-10,16,Size or fit issue,2,31.02,0.0,Completed
R0001491,SL000029404,O00017209,2024-12-16,6,Incorrect item,1,60.58,0.0,Completed
R0001492,SL000029453,O00017237,2025-12-13,2,Changed mind,1,96.0,0.0,Completed
R0001493,SL000029458,O00017239,2024-12-22,10,Faulty product,1,30.62,0.0,Completed
R0001494,SL000029463,O00017243,2023-09-30,8,Damaged item,1,290.41,0.0,Completed
R0001495,SL000029468,O00017246,2024-12-13,9,Incorrect item,1,4.17,0.0,Completed
R0001496,SL000029470,O00017247,2024-01-24,4,Incorrect item,2,54.69,0.0,Completed
R0001497,SL000029500,O00017264,2025-11-14,6,Faulty product,1,18.58,0.0,Completed
R0001498,SL000029530,O00017279,2023-08-07,22,Not as described,1,3.15,0.0,Completed
R0001499,SL000029548,O00017290,2025-08-03,9,Changed mind,1,290.41,0.0,Completed
R0001500,SL000029594,O00017317,2024-12-07,8,Faulty product,1,184.27,0.0,Completed
R0001501,SL000029613,O00017330,2025-05-18,14,Faulty product,1,14.85,0.0,Completed
R0001502,SL000029638,O00017344,2023-11-29,4,Late delivery,1,93.08,0.0,Completed
R0001503,SL000029655,O00017354,2024-10-17,2,Changed mind,1,323.09,0.0,Completed
R0001504,SL000029690,O00017376,2025-10-31,6,Late delivery,1,11.88,0.0,Completed
R0001505,SL000029702,O00017384,2025-03-24,2,Faulty product,2,29.1,0.0,Completed
R0001506,SL000029705,O00017387,2025-05-12,37,Damaged item,2,346.27,0.0,Completed
R0001507,SL000029760,O00017419,2023-06-21,5,Size or fit issue,1,141.01,0.0,Completed
R0001508,SL000029765,O00017423,2024-11-02,20,Faulty product,1,384.72,0.0,Completed
R0001509,SL000029779,O00017432,2026-01-03,11,Faulty product,1,18.77,0.0,Completed
R0001510,SL000029781,O00017434,2024-12-30,19,Changed mind,4,29.45,0.0,Completed
R0001511,SL000029803,O00017447,2024-12-02,8,Damaged item,2,7.82,0.0,Completed
R0001512,SL000029814,O00017455,2023-09-10,14,Changed mind,1,126.22,0.0,Completed
R0001513,SL000029815,O00017455,2023-09-18,22,Incorrect item,1,30.88,0.0,Completed
R0001514,SL000029827,O00017462,2025-03-02,20,Changed mind,1,176.71,0.0,Completed
R0001515,SL000029852,O00017478,2025-05-23,4,Faulty product,1,7.98,0.0,Completed
R0001516,SL000029866,O00017485,2025-12-24,21,Faulty product,1,11.7,0.0,Completed
R0001517,SL000029902,O00017507,2025-10-09,7,Changed mind,1,41.79,0.0,Pending
R0001518,SL000029919,O00017516,2024-04-04,5,Damaged item,1,124.12,0.0,Completed
R0001519,SL000029936,O00017527,2024-02-22,3,Changed mind,1,12.0,0.0,Completed
R0001520,SL000029958,O00017538,2025-10-28,7,Changed mind,1,26.01,0.0,Completed
R0001521,SL000029959,O00017539,2023-06-26,11,Changed mind,1,15.62,2.76,Completed
R0001522,SL000029968,O00017543,2025-04-18,17,Changed mind,1,407.28,0.0,Completed
R0001523,SL000029991,O00017557,2025-10-16,10,Incorrect item,2,63.99,0.0,Completed
R0001524,SL000030003,O00017564,2025-10-03,8,Incorrect item,2,323.76,0.0,Completed
R0001525,SL000030035,O00017585,2024-10-06,16,Faulty product,1,170.67,0.0,Completed
R0001526,SL000030063,O00017601,2024-11-21,12,Incorrect item,1,91.03,0.0,Completed
R0001527,SL000030108,O00017628,2023-08-30,16,Changed mind,4,41.48,0.0,Pending
R0001528,SL000030115,O00017632,2024-07-07,23,Faulty product,3,50.27,0.0,Pending
R0001529,SL000030147,O00017652,2025-12-30,34,Not as described,1,31.53,0.0,Completed
R0001530,SL000030180,O00017671,2025-01-21,8,Damaged item,2,282.46,0.0,Completed
R0001531,SL000030229,O00017703,2025-07-15,24,Not as described,1,44.77,0.0,Completed
R0001532,SL000030269,O00017728,2025-12-25,10,Changed mind,1,144.81,0.0,Completed
R0001533,SL000030272,O00017730,2024-11-25,5,Faulty product,1,8.64,0.0,Completed
R0001534,SL000030275,O00017733,2023-11-14,5,Damaged item,1,5.38,0.0,Completed
R0001535,SL000030300,O00017744,2024-12-28,6,Incorrect item,1,204.16,0.0,Completed
R0001536,SL000030328,O00017760,2023-12-07,9,Damaged item,1,192.22,0.0,Completed
R0001537,SL000030334,O00017764,2025-02-07,12,Size or fit issue,1,122.87,0.0,Completed
R0001538,SL000030361,O00017781,2025-10-19,23,Not as described,1,33.25,0.0,Completed
R0001539,SL000030380,O00017791,2025-11-11,9,Damaged item,2,65.66,0.0,Completed
R0001540,SL000030413,O00017814,2025-06-24,9,Late delivery,1,297.73,0.0,Completed
R0001541,SL000030420,O00017818,2023-10-25,10,Changed mind,1,161.69,28.53,Completed
R0001542,SL000030425,O00017821,2024-06-02,12,Not as described,1,9.08,0.0,Completed
R0001543,SL000030461,O00017843,2024-12-03,3,Changed mind,3,27.0,0.0,Completed
R0001544,SL000030468,O00017847,2024-09-28,13,Not as described,1,73.06,0.0,Completed
R0001545,SL000030480,O00017852,2024-07-26,6,Faulty product,1,11.51,0.0,Completed
R0001546,SL000030505,O00017861,2024-06-08,6,Late delivery,1,104.71,0.0,Pending
R0001547,SL000030507,O00017863,2025-06-05,4,Changed mind,3,74.3,13.11,Completed
R0001548,SL000030512,O00017868,2023-10-18,6,Incorrect item,4,140.0,0.0,Completed
R0001549,SL000030529,O00017880,2024-11-19,10,Faulty product,1,61.18,0.0,Completed
R0001550,SL000030536,O00017882,2023-03-11,7,Size or fit issue,1,15.46,0.0,Completed
R0001551,SL000030537,O00017883,2025-09-13,1,Not as described,2,49.45,0.0,Completed
R0001552,SL000030545,O00017889,2025-06-29,5,Changed mind,2,110.54,0.0,Completed
R0001553,SL000030573,O00017908,2025-01-06,21,Changed mind,1,112.18,19.8,Completed
R0001554,SL000030574,O00017908,2024-12-21,5,Late delivery,2,73.87,0.0,Completed
R0001555,SL000030631,O00017942,2024-05-14,12,Changed mind,1,394.54,0.0,Completed
R0001556,SL000030639,O00017944,2024-07-21,6,Changed mind,1,143.77,0.0,Completed
R0001557,SL000030651,O00017949,2024-02-26,4,Damaged item,1,17.55,0.0,Completed
R0001558,SL000030739,O00018001,2025-11-09,7,Damaged item,2,23.52,0.0,Pending
R0001559,SL000030796,O00018038,2024-07-15,1,Changed mind,1,18.59,3.28,Completed
R0001560,SL000030815,O00018051,2024-06-19,12,Faulty product,1,156.37,0.0,Completed
R0001561,SL000030818,O00018053,2024-11-05,4,Changed mind,1,28.05,0.0,Completed
R0001562,SL000030845,O00018072,2025-04-25,3,Changed mind,1,15.02,2.65,Completed
R0001563,SL000030997,O00018169,2023-08-15,2,Faulty product,1,267.18,0.0,Completed
R0001564,SL000031035,O00018189,2023-12-14,14,Late delivery,2,40.97,0.0,Completed
R0001565,SL000031040,O00018190,2025-01-13,24,Size or fit issue,1,10.56,0.0,Completed
R0001566,SL000031060,O00018204,2025-09-11,5,Faulty product,1,25.13,0.0,Completed
R0001567,SL000031075,O00018212,2025-09-01,11,Changed mind,1,171.35,0.0,Completed
R0001568,SL000031092,O00018222,2023-07-19,16,Late delivery,1,35.58,0.0,Completed
R0001569,SL000031098,O00018227,2024-01-03,20,Faulty product,2,35.37,0.0,Completed
R0001570,SL000031107,O00018233,2025-10-16,5,Size or fit issue,1,377.03,0.0,Completed
R0001571,SL000031119,O00018242,2024-12-13,12,Damaged item,3,15.22,0.0,Completed
R0001572,SL000031142,O00018254,2023-05-09,15,Size or fit issue,1,188.64,0.0,Completed
R0001573,SL000031143,O00018255,2024-03-26,6,Damaged item,1,92.16,0.0,Completed
R0001574,SL000031144,O00018256,2023-01-04,3,Changed mind,1,27.11,0.0,Completed
R0001575,SL000031165,O00018267,2025-12-15,37,Faulty product,1,377.88,0.0,Completed
R0001576,SL000031166,O00018268,2025-08-27,9,Changed mind,1,74.4,0.0,Completed
R0001577,SL000031183,O00018278,2023-08-28,17,Incorrect item,1,11.33,0.0,Completed
R0001578,SL000031222,O00018304,2023-09-10,4,Changed mind,1,14.85,0.0,Completed
R0001579,SL000031223,O00018304,2023-09-10,4,Changed mind,1,8.31,1.47,Completed
R0001580,SL000031233,O00018308,2023-12-21,26,Changed mind,1,32.38,5.71,Completed
R0001581,SL000031236,O00018310,2023-03-28,14,Changed mind,1,14.62,2.58,Completed
R0001582,SL000031247,O00018317,2025-10-21,12,Changed mind,1,76.01,13.41,Completed
R0001583,SL000031277,O00018336,2025-02-03,11,Changed mind,1,8.0,0.0,Completed
R0001584,SL000031296,O00018345,2023-12-29,11,Faulty product,4,184.55,0.0,Completed
R0001585,SL000031310,O00018351,2024-12-19,13,Not as described,1,77.8,0.0,Pending
R0001586,SL000031313,O00018353,2023-10-02,8,Damaged item,1,53.97,0.0,Completed
R0001587,SL000031314,O00018354,2025-01-23,8,Incorrect item,1,51.1,0.0,Completed
R0001588,SL000031315,O00018355,2024-04-25,10,Incorrect item,1,33.95,0.0,Completed
R0001589,SL000031350,O00018374,2024-05-29,23,Changed mind,1,14.78,0.0,Completed
R0001590,SL000031361,O00018380,2024-08-10,4,Not as described,1,34.81,0.0,Completed
R0001591,SL000031390,O00018398,2023-02-22,4,Faulty product,1,172.39,0.0,Completed
R0001592,SL000031395,O00018401,2024-12-14,5,Changed mind,4,112.35,19.83,Completed
R0001593,SL000031405,O00018407,2024-04-18,23,Changed mind,1,407.28,0.0,Completed
R0001594,SL000031464,O00018444,2025-05-16,7,Late delivery,1,204.35,0.0,Completed
R0001595,SL000031471,O00018447,2023-04-22,27,Damaged item,1,32.33,0.0,Completed
R0001596,SL000031476,O00018452,2025-05-17,2,Changed mind,1,9.89,1.75,Completed
R0001597,SL000031505,O00018470,2024-09-10,8,Incorrect item,1,64.76,0.0,Completed
R0001598,SL000031506,O00018471,2023-09-04,13,Faulty product,1,74.19,0.0,Completed
R0001599,SL000031522,O00018483,2023-03-12,4,Faulty product,1,35.0,0.0,Completed
R0001600,SL000031525,O00018485,2023-05-10,10,Late delivery,1,20.33,0.0,Completed
R0001601,SL000031541,O00018495,2025-08-06,8,Changed mind,1,16.5,0.0,Completed
R0001602,SL000031557,O00018506,2024-06-06,12,Damaged item,1,117.93,0.0,Completed
R0001603,SL000031567,O00018511,2025-10-08,20,Faulty product,1,346.19,0.0,Completed
R0001604,SL000031572,O00018514,2024-10-07,2,Changed mind,1,34.3,0.0,Completed
R0001605,SL000031587,O00018525,2025-12-25,10,Incorrect item,1,2.97,0.0,Pending
R0001606,SL000031588,O00018526,2025-05-05,15,Faulty product,1,103.11,0.0,Completed
R0001607,SL000031593,O00018528,2024-11-03,13,Damaged item,1,100.69,0.0,Completed
R0001608,SL000031632,O00018549,2023-10-27,9,Faulty product,1,29.43,0.0,Completed
R0001609,SL000031661,O00018563,2024-10-08,14,Changed mind,1,148.55,0.0,Completed
R0001610,SL000031663,O00018564,2025-02-26,13,Late delivery,1,56.96,0.0,Completed
R0001611,SL000031674,O00018569,2024-03-29,11,Changed mind,1,16.78,0.0,Completed
R0001612,SL000031680,O00018571,2023-05-09,8,Changed mind,2,10.68,0.0,Completed
R0001613,SL000031687,O00018575,2025-03-17,3,Size or fit issue,2,32.67,0.0,Completed
R0001614,SL000031744,O00018608,2024-07-01,15,Size or fit issue,3,19.2,0.0,Completed
R0001615,SL000031748,O00018610,2024-10-13,8,Changed mind,4,137.2,0.0,Completed
R0001616,SL000031758,O00018615,2025-01-08,25,Changed mind,2,19.45,3.43,Completed
R0001617,SL000031760,O00018616,2023-12-14,10,Damaged item,3,20.64,0.0,Completed
R0001618,SL000031779,O00018625,2023-03-15,14,Changed mind,1,40.82,0.0,Completed
R0001619,SL000031812,O00018646,2025-11-25,18,Late delivery,2,28.2,0.0,Completed
R0001620,SL000031813,O00018647,2024-02-25,2,Changed mind,1,77.67,0.0,Completed
R0001621,SL000031841,O00018665,2023-03-16,7,Incorrect item,2,59.58,0.0,Completed
R0001622,SL000031851,O00018670,2024-10-04,24,Changed mind,2,292.8,0.0,Completed
R0001623,SL000031885,O00018688,2023-04-02,5,Late delivery,1,130.1,0.0,Completed
R0001624,SL000031889,O00018689,2024-10-28,15,Faulty product,2,67.58,0.0,Pending
R0001625,SL000031897,O00018692,2024-08-24,14,Late delivery,1,12.0,0.0,Completed
R0001626,SL000031917,O00018700,2024-01-06,9,Damaged item,2,349.84,0.0,Completed
R0001627,SL000031920,O00018702,2023-09-21,13,Changed mind,1,117.88,0.0,Completed
R0001628,SL000031932,O00018711,2024-07-20,2,Faulty product,1,31.19,0.0,Completed
R0001629,SL000031933,O00018712,2023-08-25,26,Faulty product,1,346.14,0.0,Completed
R0001630,SL000031942,O00018717,2023-10-02,5,Not as described,1,12.79,0.0,Completed
R0001631,SL000031948,O00018719,2025-09-14,15,Changed mind,1,131.33,0.0,Completed
R0001632,SL000031950,O00018720,2025-08-09,16,Damaged item,3,65.49,0.0,Completed
R0001633,SL000031979,O00018737,2024-03-13,10,Faulty product,1,3.09,0.0,Completed
R0001634,SL000032011,O00018756,2025-11-27,6,Size or fit issue,1,492.79,0.0,Completed
R0001635,SL000032111,O00018815,2023-05-25,8,Incorrect item,2,27.2,0.0,Completed
R0001636,SL000032112,O00018816,2025-11-18,4,Changed mind,4,49.98,8.82,Completed
R0001637,SL000032114,O00018818,2024-11-16,26,Changed mind,1,8.53,1.5,Completed
R0001638,SL000032128,O00018827,2023-03-28,7,Not as described,1,23.26,0.0,Completed
R0001639,SL000032160,O00018847,2023-05-24,20,Faulty product,1,12.0,0.0,Completed
R0001640,SL000032168,O00018850,2023-02-01,17,Late delivery,1,23.57,0.0,Completed
R0001641,SL000032171,O00018853,2025-08-20,2,Changed mind,1,83.02,14.65,Completed
R0001642,SL000032172,O00018853,2025-08-26,8,Changed mind,1,32.9,0.0,Completed
R0001643,SL000032248,O00018904,2023-04-26,8,Incorrect item,1,23.38,0.0,Completed
R0001644,SL000032265,O00018911,2024-10-30,11,Changed mind,1,23.7,4.18,Completed
R0001645,SL000032309,O00018942,2025-06-19,7,Late delivery,1,395.06,0.0,Completed
R0001646,SL000032319,O00018949,2024-01-02,23,Late delivery,4,40.8,0.0,Completed
R0001647,SL000032333,O00018957,2025-10-24,14,Faulty product,1,31.29,0.0,Completed
R0001648,SL000032335,O00018959,2024-06-30,18,Changed mind,4,119.16,0.0,Completed
R0001649,SL000032342,O00018962,2025-12-18,4,Faulty product,2,60.2,0.0,Completed
R0001650,SL000032374,O00018979,2025-03-25,10,Damaged item,1,33.95,0.0,Completed
R0001651,SL000032439,O00019020,2025-02-15,4,Damaged item,1,420.95,0.0,Completed
R0001652,SL000032449,O00019026,2024-05-06,1,Changed mind,4,132.94,23.46,Completed
R0001653,SL000032463,O00019034,2025-12-27,20,Incorrect item,1,211.3,0.0,Completed
R0001654,SL000032469,O00019037,2025-03-22,9,Changed mind,2,285.68,0.0,Completed
R0001655,SL000032471,O00019038,2025-04-01,26,Faulty product,2,232.35,0.0,Completed
R0001656,SL000032486,O00019049,2025-08-20,36,Changed mind,1,4.13,0.0,Pending
R0001657,SL000032498,O00019058,2023-05-29,5,Faulty product,1,88.5,0.0,Completed
R0001658,SL000032503,O00019062,2025-10-05,17,Changed mind,1,32.55,0.0,Completed
R0001659,SL000032533,O00019078,2025-01-06,14,Changed mind,2,127.67,0.0,Completed
R0001660,SL000032546,O00019084,2026-01-01,10,Incorrect item,2,47.26,0.0,Completed
R0001661,SL000032553,O00019086,2023-03-04,13,Changed mind,1,153.88,27.15,Completed
R0001662,SL000032556,O00019087,2025-12-10,3,Damaged item,1,86.61,0.0,Completed
R0001663,SL000032608,O00019118,2025-01-01,16,Not as described,2,31.75,0.0,Pending
R0001664,SL000032613,O00019120,2025-04-14,24,Not as described,1,68.93,0.0,Completed
R0001665,SL000032621,O00019126,2023-03-21,7,Changed mind,1,96.97,0.0,Completed
R0001666,SL000032625,O00019128,2025-09-29,7,Changed mind,2,103.79,0.0,Completed
R0001667,SL000032644,O00019141,2024-04-15,36,Not as described,1,50.62,0.0,Completed
R0001668,SL000032657,O00019150,2024-07-02,18,Changed mind,1,9.0,0.0,Completed
R0001669,SL000032712,O00019182,2025-09-14,45,Damaged item,1,148.29,0.0,Completed
R0001670,SL000032731,O00019194,2025-06-14,14,Changed mind,1,29.94,0.0,Completed
R0001671,SL000032744,O00019202,2025-07-01,7,Size or fit issue,1,47.11,0.0,Completed
R0001672,SL000032745,O00019203,2025-09-20,22,Changed mind,1,27.68,0.0,Completed
R0001673,SL000032759,O00019209,2023-12-25,20,Changed mind,1,284.6,0.0,Completed
R0001674,SL000032791,O00019226,2025-12-08,15,Not as described,1,100.27,0.0,Completed
R0001675,SL000032811,O00019237,2025-12-07,14,Not as described,1,11.1,0.0,Completed
R0001676,SL000032822,O00019241,2026-01-03,9,Faulty product,1,78.51,0.0,Completed
R0001677,SL000032839,O00019248,2023-01-29,4,Damaged item,1,26.25,0.0,Pending
R0001678,SL000032844,O00019253,2024-05-12,6,Changed mind,4,45.76,0.0,Completed
R0001679,SL000032850,O00019255,2024-02-06,8,Changed mind,1,3.54,0.0,Completed
R0001680,SL000032872,O00019269,2025-04-05,10,Incorrect item,1,120.4,0.0,Completed
R0001681,SL000032879,O00019274,2025-12-30,6,Changed mind,1,30.55,0.0,Completed
R0001682,SL000032894,O00019280,2023-04-09,6,Changed mind,1,37.17,0.0,Pending
R0001683,SL000032902,O00019284,2023-04-19,3,Incorrect item,1,45.52,0.0,Completed
R0001684,SL000032940,O00019305,2024-11-24,7,Changed mind,1,35.13,6.2,Completed
R0001685,SL000032973,O00019325,2025-12-07,3,Changed mind,2,81.13,0.0,Completed
R0001686,SL000032974,O00019326,2024-01-23,5,Changed mind,1,13.77,2.43,Completed
R0001687,SL000033007,O00019346,2024-01-12,2,Size or fit issue,2,37.68,0.0,Completed
R0001688,SL000033012,O00019349,2023-04-17,5,Incorrect item,1,34.65,0.0,Completed
R0001689,SL000033022,O00019358,2023-07-08,24,Changed mind,3,50.29,8.87,Completed
R0001690,SL000033042,O00019369,2025-08-30,15,Late delivery,2,24.0,0.0,Completed
R0001691,SL000033078,O00019388,2023-10-06,15,Damaged item,1,50.59,0.0,Pending
R0001692,SL000033091,O00019396,2024-10-17,8,Changed mind,1,269.55,0.0,Completed
R0001693,SL000033118,O00019409,2026-01-10,13,Not as described,1,30.55,0.0,Completed
R0001694,SL000033122,O00019412,2024-12-17,18,Faulty product,3,17.52,0.0,Completed
R0001695,SL000033123,O00019413,2024-03-27,31,Changed mind,1,73.0,12.88,Completed
R0001696,SL000033136,O00019421,2024-12-07,3,Damaged item,4,140.0,0.0,Completed
R0001697,SL000033210,O00019460,2024-10-31,27,Size or fit issue,4,122.21,0.0,Completed
R0001698,SL000033248,O00019484,2025-05-29,9,Late delivery,2,356.98,0.0,Completed
R0001699,SL000033269,O00019496,2023-10-23,11,Changed mind,1,32.07,5.66,Completed
R0001700,SL000033275,O00019499,2023-12-06,13,Late delivery,1,12.28,0.0,Completed
R0001701,SL000033278,O00019502,2024-01-04,11,Damaged item,1,18.07,0.0,Completed
R0001702,SL000033284,O00019507,2024-07-28,7,Changed mind,1,163.8,28.91,Completed
R0001703,SL000033286,O00019508,2024-06-29,16,Late delivery,1,58.98,0.0,Completed
R0001704,SL000033289,O00019511,2024-12-17,23,Faulty product,1,8.47,0.0,Completed
R0001705,SL000033298,O00019519,2025-02-14,8,Damaged item,1,109.68,0.0,Pending
R0001706,SL000033299,O00019520,2025-09-22,17,Faulty product,2,27.22,0.0,Completed
R0001707,SL000033310,O00019526,2024-06-20,6,Changed mind,1,56.38,0.0,Completed
R0001708,SL000033346,O00019544,2023-03-21,2,Faulty product,1,100.19,0.0,Completed
R0001709,SL000033351,O00019546,2023-06-27,18,Damaged item,4,11.76,0.0,Completed
R0001710,SL000033352,O00019547,2024-06-26,5,Late delivery,3,80.23,0.0,Completed
R0001711,SL000033374,O00019557,2023-04-14,13,Not as described,1,11.88,0.0,Completed
R0001712,SL000033376,O00019559,2024-02-09,9,Incorrect item,1,7.68,0.0,Completed
R0001713,SL000033380,O00019560,2023-12-23,3,Faulty product,2,65.72,0.0,Completed
R0001714,SL000033385,O00019564,2025-12-21,11,Damaged item,1,6.48,0.0,Completed
R0001715,SL000033399,O00019574,2024-06-03,8,Damaged item,1,17.97,0.0,Completed
R0001716,SL000033436,O00019594,2025-04-13,7,Changed mind,1,66.64,11.76,Completed
R0001717,SL000033455,O00019604,2025-12-22,2,Changed mind,1,8.8,0.0,Completed
R0001718,SL000033489,O00019621,2025-11-21,3,Late delivery,1,229.83,0.0,Completed
R0001719,SL000033516,O00019637,2024-05-25,13,Late delivery,1,107.49,0.0,Completed
R0001720,SL000033543,O00019651,2024-01-27,4,Changed mind,1,92.16,0.0,Completed
R0001721,SL000033551,O00019658,2025-11-12,8,Late delivery,1,109.68,0.0,Completed
R0001722,SL000033555,O00019661,2023-12-04,22,Faulty product,1,128.02,0.0,Completed
R0001723,SL000033589,O00019685,2025-02-16,14,Damaged item,1,124.11,0.0,Completed
R0001724,SL000033596,O00019691,2024-03-22,8,Size or fit issue,1,33.95,0.0,Completed
R0001725,SL000033617,O00019704,2025-11-18,1,Faulty product,1,32.55,0.0,Completed
R0001726,SL000033647,O00019724,2024-12-10,6,Incorrect item,2,70.81,0.0,Completed
R0001727,SL000033680,O00019742,2024-12-23,8,Changed mind,1,4.43,0.0,Completed
R0001728,SL000033743,O00019779,2025-07-25,4,Faulty product,2,15.68,0.0,Completed
R0001729,SL000033747,O00019782,2025-09-15,9,Changed mind,1,32.69,5.77,Pending
R0001730,SL000033791,O00019810,2025-08-01,1,Changed mind,2,66.66,0.0,Completed
R0001731,SL000033797,O00019813,2023-12-08,7,Damaged item,1,93.09,0.0,Completed
R0001732,SL000033810,O00019820,2024-10-15,16,Not as described,1,57.25,0.0,Completed
R0001733,SL000033811,O00019820,2024-10-06,7,Damaged item,2,70.0,0.0,Completed
R0001734,SL000033836,O00019834,2025-12-27,2,Changed mind,2,57.12,10.08,Completed
R0001735,SL000033840,O00019837,2025-08-17,16,Faulty product,2,27.78,0.0,Completed
R0001736,SL000033843,O00019839,2023-11-08,11,Faulty product,1,36.56,0.0,Completed
R0001737,SL000033852,O00019845,2024-09-06,17,Not as described,1,7.76,0.0,Completed
R0001738,SL000033865,O00019853,2024-03-14,8,Changed mind,1,272.21,48.04,Completed
R0001739,SL000033907,O00019881,2025-03-20,9,Faulty product,1,12.0,0.0,Completed
R0001740,SL000033929,O00019892,2023-12-01,7,Changed mind,2,110.96,19.58,Completed
R0001741,SL000034004,O00019936,2025-06-23,14,Not as described,1,24.15,0.0,Completed
R0001742,SL000034038,O00019957,2024-02-13,7,Changed mind,1,120.49,21.26,Completed
R0001743,SL000034054,O00019965,2023-03-06,7,Faulty product,4,49.67,0.0,Completed
R0001744,SL000034056,O00019966,2025-12-13,11,Size or fit issue,1,130.71,0.0,Completed
R0001745,SL000034079,O00019979,2024-07-29,15,Faulty product,2,24.0,0.0,Completed
R0001746,SL000034082,O00019981,2025-12-08,1,Incorrect item,1,92.16,0.0,Completed
R0001747,SL000034095,O00019987,2023-11-22,10,Damaged item,1,150.28,0.0,Completed
R0001748,SL000034106,O00019995,2026-01-01,11,Changed mind,1,59.88,0.0,Completed
R0001749,SL000034108,O00019997,2023-03-26,25,Changed mind,2,100.93,17.81,Pending
R0001750,SL000034113,O00019999,2025-01-19,16,Incorrect item,1,17.7,0.0,Completed
R0001751,SL000034146,O00020016,2024-12-30,11,Faulty product,4,66.12,0.0,Completed
R0001752,SL000034181,O00020033,2025-05-28,1,Not as described,1,18.6,0.0,Completed
R0001753,SL000034197,O00020040,2025-12-20,23,Changed mind,1,185.56,0.0,Completed
R0001754,SL000034210,O00020048,2023-01-26,18,Size or fit issue,1,56.08,0.0,Pending
R0001755,SL000034227,O00020059,2025-12-02,11,Changed mind,1,56.8,0.0,Completed
R0001756,SL000034265,O00020083,2025-08-05,13,Incorrect item,1,10.64,0.0,Completed
R0001757,SL000034266,O00020084,2024-09-09,1,Not as described,1,19.54,0.0,Completed
R0001758,SL000034272,O00020089,2025-07-28,16,Size or fit issue,1,84.74,0.0,Completed
R0001759,SL000034303,O00020103,2023-12-27,16,Incorrect item,1,55.61,0.0,Completed
R0001760,SL000034304,O00020104,2023-12-20,4,Changed mind,1,53.13,9.38,Completed
R0001761,SL000034305,O00020104,2023-12-24,8,Faulty product,1,124.12,0.0,Completed
R0001762,SL000034344,O00020126,2025-08-07,1,Changed mind,1,17.31,0.0,Completed
R0001763,SL000034347,O00020127,2024-01-11,3,Faulty product,1,35.94,0.0,Completed
R0001764,SL000034365,O00020138,2023-02-19,19,Incorrect item,1,19.28,0.0,Completed
R0001765,SL000034381,O00020148,2025-09-15,15,Changed mind,1,35.0,0.0,Pending
R0001766,SL000034386,O00020150,2026-01-22,23,Changed mind,1,252.57,0.0,Completed
R0001767,SL000034400,O00020159,2025-11-25,9,Changed mind,3,28.59,5.04,Completed
R0001768,SL000034435,O00020178,2023-11-22,8,Faulty product,1,8.12,0.0,Completed
R0001769,SL000034456,O00020191,2025-05-15,25,Changed mind,1,34.65,0.0,Completed
R0001770,SL000034468,O00020199,2025-08-30,27,Damaged item,1,13.32,0.0,Completed
R0001771,SL000034488,O00020211,2023-12-28,9,Changed mind,1,4.13,0.0,Completed
R0001772,SL000034504,O00020220,2024-07-11,9,Changed mind,1,333.08,0.0,Completed
R0001773,SL000034546,O00020245,2023-10-21,12,Size or fit issue,1,79.2,0.0,Completed
R0001774,SL000034587,O00020267,2025-06-13,27,Incorrect item,1,25.79,0.0,Completed
R0001775,SL000034633,O00020290,2024-12-20,4,Size or fit issue,1,24.84,0.0,Completed
R0001776,SL000034650,O00020300,2024-12-17,5,Late delivery,4,48.0,0.0,Completed
R0001777,SL000034678,O00020315,2023-09-05,14,Size or fit issue,1,34.3,0.0,Completed
R0001778,SL000034724,O00020343,2024-12-07,2,Changed mind,1,50.63,0.0,Completed
R0001779,SL000034736,O00020349,2025-05-27,10,Size or fit issue,1,14.18,0.0,Completed
R0001780,SL000034739,O00020350,2023-02-03,22,Changed mind,1,130.25,22.99,Pending
R0001781,SL000034750,O00020354,2025-01-23,5,Not as described,1,30.45,0.0,Completed
R0001782,SL000034767,O00020363,2025-08-19,1,Changed mind,1,77.72,0.0,Completed
R0001783,SL000034771,O00020365,2024-07-24,2,Damaged item,1,36.3,0.0,Completed
R0001784,SL000034787,O00020372,2025-02-19,2,Incorrect item,4,103.02,0.0,Completed
R0001785,SL000034796,O00020377,2025-06-08,17,Changed mind,1,17.59,3.1,Completed
R0001786,SL000034814,O00020393,2024-05-06,3,Changed mind,1,238.33,0.0,Completed
R0001787,SL000034826,O00020400,2025-09-16,3,Late delivery,1,44.36,0.0,Completed
R0001788,SL000034837,O00020407,2024-02-08,15,Faulty product,4,123.51,0.0,Completed
R0001789,SL000034840,O00020409,2024-12-29,8,Changed mind,1,111.63,19.7,Completed
R0001790,SL000034887,O00020435,2025-01-09,24,Changed mind,1,68.11,0.0,Completed
R0001791,SL000034962,O00020477,2024-03-30,7,Damaged item,1,8.0,0.0,Completed
R0001792,SL000034968,O00020483,2023-06-04,11,Damaged item,1,18.38,0.0,Completed
R0001793,SL000034972,O00020485,2024-12-07,16,Faulty product,1,24.85,0.0,Completed
R0001794,SL000034988,O00020498,2024-09-12,8,Incorrect item,3,76.53,0.0,Completed
R0001795,SL000034997,O00020504,2024-10-10,11,Damaged item,1,326.42,0.0,Completed
R0001796,SL000035015,O00020511,2025-09-27,10,Not as described,2,99.42,0.0,Completed
R0001797,SL000035045,O00020526,2025-11-18,12,Changed mind,1,153.24,0.0,Completed
R0001798,SL000035056,O00020535,2023-07-15,9,Size or fit issue,2,105.77,0.0,Completed
R0001799,SL000035071,O00020542,2024-02-12,18,Changed mind,1,148.55,0.0,Completed
R0001800,SL000035084,O00020548,2023-12-26,14,Damaged item,2,342.6,0.0,Completed
R0001801,SL000035200,O00020615,2025-12-31,4,Changed mind,1,219.52,0.0,Completed
R0001802,SL000035249,O00020644,2023-09-18,5,Damaged item,1,116.18,0.0,Completed
R0001803,SL000035286,O00020665,2025-12-01,11,Damaged item,1,5.44,0.0,Completed
R0001804,SL000035293,O00020669,2023-11-25,8,Changed mind,1,190.77,0.0,Completed
R0001805,SL000035299,O00020670,2023-02-08,5,Changed mind,2,16.15,0.0,Completed
R0001806,SL000035302,O00020671,2025-05-06,17,Damaged item,1,148.29,0.0,Completed
R0001807,SL000035339,O00020694,2023-12-19,2,Size or fit issue,4,122.26,0.0,Completed
R0001808,SL000035363,O00020708,2023-02-09,10,Changed mind,1,263.27,0.0,Completed
R0001809,SL000035377,O00020714,2024-08-20,6,Faulty product,1,27.15,0.0,Completed
R0001810,SL000035396,O00020724,2023-01-27,13,Faulty product,1,150.55,0.0,Pending
R0001811,SL000035398,O00020725,2025-11-24,18,Damaged item,1,4.35,0.0,Completed
R0001812,SL000035402,O00020727,2023-05-07,15,Faulty product,1,175.54,0.0,Completed
R0001813,SL000035406,O00020728,2024-01-04,4,Faulty product,1,12.67,0.0,Completed
R0001814,SL000035410,O00020730,2023-08-20,2,Late delivery,1,12.99,0.0,Completed
R0001815,SL000035423,O00020737,2023-02-02,10,Changed mind,1,14.55,0.0,Completed
R0001816,SL000035449,O00020750,2025-07-16,8,Incorrect item,1,60.63,0.0,Pending
R0001817,SL000035452,O00020752,2024-04-14,11,Changed mind,1,13.61,0.0,Completed
R0001818,SL000035490,O00020770,2025-10-04,8,Damaged item,1,12.0,0.0,Completed
R0001819,SL000035530,O00020795,2025-09-29,7,Incorrect item,2,66.5,0.0,Completed
R0001820,SL000035536,O00020800,2023-07-31,45,Not as described,1,63.2,0.0,Completed
R0001821,SL000035559,O00020815,2025-04-04,19,Late delivery,1,44.8,0.0,Completed
R0001822,SL000035570,O00020821,2024-01-17,1,Changed mind,1,44.51,7.85,Completed
R0001823,SL000035586,O00020831,2025-11-25,5,Changed mind,1,97.18,0.0,Completed
R0001824,SL000035622,O00020857,2026-01-07,31,Incorrect item,1,10.48,0.0,Completed
R0001825,SL000035636,O00020864,2025-02-06,12,Changed mind,1,90.13,0.0,Completed
R0001826,SL000035679,O00020893,2025-12-03,18,Changed mind,1,39.48,6.97,Completed
R0001827,SL000035684,O00020897,2025-03-25,6,Not as described,1,23.26,0.0,Completed
R0001828,SL000035693,O00020902,2023-03-16,5,Late delivery,1,13.88,0.0,Completed
R0001829,SL000035715,O00020914,2023-12-01,11,Not as described,2,6.26,0.0,Completed
R0001830,SL000035751,O00020934,2025-09-26,12,Not as described,1,36.39,0.0,Completed
R0001831,SL000035754,O00020935,2023-01-14,7,Late delivery,1,194.66,0.0,Completed
R0001832,SL000035761,O00020938,2025-11-13,4,Not as described,1,339.15,0.0,Completed
R0001833,SL000035764,O00020940,2024-12-07,8,Faulty product,1,92.16,0.0,Completed
R0001834,SL000035767,O00020943,2024-02-12,11,Late delivery,1,91.57,0.0,Completed
R0001835,SL000035773,O00020948,2025-11-26,8,Late delivery,1,25.9,0.0,Completed
R0001836,SL000035783,O00020954,2025-10-04,7,Faulty product,1,34.84,0.0,Completed
R0001837,SL000035799,O00020962,2024-02-24,7,Faulty product,1,12.93,0.0,Pending
R0001838,SL000035815,O00020971,2023-08-10,6,Late delivery,2,23.28,0.0,Completed
R0001839,SL000035836,O00020982,2025-07-08,18,Late delivery,1,12.0,0.0,Completed
R0001840,SL000035847,O00020989,2023-09-13,18,Faulty product,1,35.1,0.0,Completed
R0001841,SL000035863,O00020996,2025-09-23,7,Changed mind,1,19.86,0.0,Completed
R0001842,SL000035961,O00021057,2025-04-08,9,Size or fit issue,1,69.63,0.0,Completed
R0001843,SL000035998,O00021078,2024-02-08,7,Faulty product,1,7.92,0.0,Completed
R0001844,SL000036031,O00021096,2025-06-09,6,Size or fit issue,2,274.37,0.0,Completed
R0001845,SL000036064,O00021117,2025-11-03,12,Changed mind,1,73.01,0.0,Completed
R0001846,SL000036080,O00021126,2024-12-15,4,Changed mind,1,78.4,0.0,Completed
R0001847,SL000036081,O00021127,2024-01-08,26,Faulty product,1,327.68,0.0,Completed
R0001848,SL000036093,O00021135,2023-03-25,10,Damaged item,1,62.0,0.0,Completed
R0001849,SL000036107,O00021142,2024-12-22,14,Changed mind,4,121.77,21.49,Completed
R0001850,SL000036112,O00021144,2023-01-13,4,Changed mind,1,11.1,0.0,Completed
R0001851,SL000036122,O00021150,2024-10-17,1,Not as described,1,44.32,0.0,Completed
R0001852,SL000036149,O00021166,2025-06-26,17,Late delivery,1,266.85,0.0,Completed
R0001853,SL000036159,O00021169,2025-02-20,13,Damaged item,1,56.29,0.0,Completed
R0001854,SL000036169,O00021176,2025-01-06,5,Damaged item,1,14.85,0.0,Completed
R0001855,SL000036177,O00021180,2024-09-24,24,Changed mind,1,34.65,0.0,Completed
R0001856,SL000036223,O00021204,2024-12-23,35,Faulty product,4,100.8,0.0,Completed
R0001857,SL000036237,O00021211,2025-09-23,9,Faulty product,1,257.72,0.0,Completed
R0001858,SL000036260,O00021222,2025-12-11,18,Incorrect item,1,15.04,0.0,Completed
R0001859,SL000036273,O00021228,2023-11-26,18,Changed mind,1,4.39,0.77,Completed
R0001860,SL000036284,O00021231,2025-01-22,5,Changed mind,1,26.25,0.0,Completed
R0001861,SL000036299,O00021237,2025-04-17,9,Late delivery,1,11.88,0.0,Completed
R0001862,SL000036325,O00021254,2025-12-31,11,Damaged item,1,137.6,0.0,Completed
R0001863,SL000036329,O00021257,2025-07-06,14,Size or fit issue,1,62.4,0.0,Completed
R0001864,SL000036351,O00021274,2023-08-16,8,Faulty product,1,98.61,0.0,Completed
R0001865,SL000036367,O00021284,2025-08-15,3,Changed mind,4,74.33,0.0,Completed
R0001866,SL000036393,O00021296,2024-04-15,9,Damaged item,4,108.19,0.0,Completed
R0001867,SL000036410,O00021307,2025-04-16,14,Incorrect item,1,9.08,0.0,Completed
R0001868,SL000036413,O00021309,2025-06-02,4,Faulty product,1,28.22,0.0,Completed
R0001869,SL000036414,O00021310,2023-07-12,7,Faulty product,1,40.23,0.0,Completed
R0001870,SL000036421,O00021312,2024-02-01,3,Changed mind,2,309.61,0.0,Completed
R0001871,SL000036424,O00021313,2025-12-27,9,Damaged item,2,42.02,0.0,Completed
R0001872,SL000036489,O00021349,2024-06-23,15,Faulty product,2,36.13,0.0,Completed
R0001873,SL000036493,O00021350,2025-08-22,8,Size or fit issue,4,48.0,0.0,Completed
R0001874,SL000036520,O00021363,2025-09-28,8,Faulty product,1,260.11,0.0,Pending
R0001875,SL000036570,O00021390,2023-08-08,12,Not as described,1,45.45,0.0,Completed
R0001876,SL000036600,O00021406,2024-08-09,7,Damaged item,1,33.25,0.0,Completed
R0001877,SL000036625,O00021423,2023-05-17,5,Changed mind,1,2.94,0.0,Completed
R0001878,SL000036630,O00021427,2023-02-08,8,Incorrect item,3,70.74,0.0,Completed
R0001879,SL000036660,O00021441,2023-07-29,7,Changed mind,1,10.1,1.78,Completed
R0001880,SL000036678,O00021456,2025-04-29,4,Changed mind,1,119.42,0.0,Completed
R0001881,SL000036696,O00021466,2025-06-08,12,Faulty product,3,105.0,0.0,Completed
R0001882,SL000036713,O00021476,2024-01-04,9,Damaged item,1,213.83,0.0,Completed
R0001883,SL000036730,O00021486,2023-12-30,16,Incorrect item,1,403.21,0.0,Pending
R0001884,SL000036736,O00021488,2024-06-10,6,Size or fit issue,1,103.1,0.0,Completed
R0001885,SL000036738,O00021489,2025-05-20,28,Changed mind,1,11.33,0.0,Completed
R0001886,SL000036741,O00021489,2025-05-15,23,Late delivery,1,192.71,0.0,Pending
R0001887,SL000036774,O00021505,2023-12-04,17,Late delivery,1,153.24,0.0,Completed
R0001888,SL000036803,O00021521,2025-03-21,9,Size or fit issue,4,15.27,0.0,Completed
R0001889,SL000036812,O00021525,2024-01-09,23,Size or fit issue,4,66.33,0.0,Completed
R0001890,SL000036813,O00021525,2024-01-04,18,Changed mind,1,6.96,0.0,Completed
R0001891,SL000036884,O00021572,2025-03-02,22,Changed mind,1,32.39,5.72,Completed
R0001892,SL000036928,O00021600,2024-01-06,12,Incorrect item,1,4.2,0.0,Completed
R0001893,SL000036932,O00021602,2025-07-24,6,Incorrect item,4,183.89,0.0,Completed
R0001894,SL000036938,O00021606,2025-03-15,2,Late delivery,1,59.34,0.0,Completed
R0001895,SL000036942,O00021609,2025-10-04,10,Late delivery,1,329.59,0.0,Completed
R0001896,SL000036982,O00021637,2025-12-29,1,Damaged item,1,24.15,0.0,Completed
R0001897,SL000036988,O00021641,2024-05-02,12,Damaged item,4,70.21,0.0,Completed
R0001898,SL000036995,O00021643,2024-02-22,4,Damaged item,1,129.13,0.0,Completed
R0001899,SL000037010,O00021653,2024-02-07,10,Size or fit issue,1,41.88,0.0,Completed
R0001900,SL000037015,O00021656,2024-02-03,9,Faulty product,2,160.0,0.0,Completed
R0001901,SL000037023,O00021660,2025-10-20,9,Incorrect item,1,47.38,0.0,Completed
R0001902,SL000037036,O00021667,2024-02-23,9,Not as described,1,34.65,0.0,Pending
R0001903,SL000037051,O00021676,2025-01-26,8,Changed mind,2,15.96,0.0,Completed
R0001904,SL000037062,O00021683,2023-01-11,6,Changed mind,2,18.72,0.0,Completed
R0001905,SL000037102,O00021709,2023-06-10,15,Size or fit issue,1,23.38,0.0,Completed
R0001906,SL000037123,O00021724,2025-12-23,8,Not as described,1,74.92,0.0,Completed
R0001907,SL000037136,O00021731,2024-01-04,12,Damaged item,1,16.2,0.0,Completed
R0001908,SL000037151,O00021739,2024-11-25,6,Faulty product,1,26.25,0.0,Completed
R0001909,SL000037189,O00021759,2025-01-05,11,Late delivery,1,126.08,0.0,Completed
R0001910,SL000037200,O00021763,2024-07-23,9,Late delivery,2,99.4,0.0,Completed
R0001911,SL000037205,O00021766,2024-09-12,3,Size or fit issue,1,35.0,0.0,Completed
R0001912,SL000037283,O00021810,2023-08-17,11,Not as described,1,29.37,0.0,Completed
R0001913,SL000037312,O00021823,2025-02-04,16,Incorrect item,1,4.27,0.0,Completed
R0001914,SL000037364,O00021855,2025-04-03,8,Damaged item,1,495.89,0.0,Completed
R0001915,SL000037368,O00021859,2024-12-28,18,Faulty product,1,22.41,0.0,Completed
R0001916,SL000037405,O00021885,2025-02-21,8,Changed mind,1,5.41,0.0,Completed
R0001917,SL000037446,O00021912,2023-11-26,22,Changed mind,3,154.86,0.0,Completed
R0001918,SL000037459,O00021921,2024-05-19,4,Changed mind,2,70.0,0.0,Completed
R0001919,SL000037463,O00021923,2025-12-06,8,Changed mind,1,20.7,0.0,Completed
R0001920,SL000037468,O00021926,2026-01-02,16,Incorrect item,1,30.45,0.0,Completed
R0001921,SL000037482,O00021935,2024-08-04,10,Not as described,4,170.56,0.0,Completed
R0001922,SL000037487,O00021938,2024-09-04,4,Not as described,2,27.36,0.0,Completed
R0001923,SL000037495,O00021941,2024-06-23,5,Changed mind,2,11.22,0.0,Completed
R0001924,SL000037520,O00021958,2025-11-05,6,Incorrect item,1,48.71,0.0,Completed
R0001925,SL000037530,O00021962,2025-05-24,12,Changed mind,1,17.85,0.0,Completed
R0001926,SL000037549,O00021974,2026-01-07,32,Faulty product,1,153.5,0.0,Pending
R0001927,SL000037571,O00021986,2025-12-26,14,Damaged item,1,62.32,0.0,Completed
R0001928,SL000037611,O00022012,2025-06-19,20,Faulty product,1,174.4,0.0,Completed
R0001929,SL000037626,O00022021,2025-04-06,14,Size or fit issue,1,7.44,0.0,Completed
R0001930,SL000037629,O00022022,2024-12-19,7,Incorrect item,1,37.29,0.0,Pending
R0001931,SL000037657,O00022040,2025-10-12,9,Faulty product,1,86.08,0.0,Completed
R0001932,SL000037694,O00022064,2024-11-27,21,Damaged item,1,35.52,0.0,Completed
R0001933,SL000037702,O00022070,2025-01-06,5,Not as described,1,4.47,0.0,Completed
R0001934,SL000037767,O00022109,2023-06-20,12,Not as described,3,54.75,0.0,Completed
R0001935,SL000037780,O00022117,2024-07-23,2,Changed mind,1,342.73,60.48,Completed
R0001936,SL000037812,O00022137,2025-08-09,7,Not as described,1,16.01,0.0,Completed
R0001937,SL000037824,O00022145,2024-02-09,4,Changed mind,1,206.41,0.0,Completed
R0001938,SL000037877,O00022173,2023-04-21,4,Changed mind,1,28.3,0.0,Completed
R0001939,SL000037883,O00022177,2025-03-19,4,Changed mind,1,126.22,0.0,Completed
R0001940,SL000037904,O00022186,2025-11-23,31,Faulty product,1,11.97,0.0,Completed
R0001941,SL000037935,O00022201,2025-02-15,9,Size or fit issue,1,2.58,0.0,Completed
R0001942,SL000037949,O00022206,2023-09-22,9,Incorrect item,1,72.49,0.0,Completed
R0001943,SL000038011,O00022240,2024-03-02,10,Faulty product,1,76.91,0.0,Completed
R0001944,SL000038012,O00022241,2024-01-10,8,Incorrect item,1,9.96,0.0,Completed
R0001945,SL000038098,O00022286,2024-02-17,11,Not as described,1,362.61,0.0,Completed
R0001946,SL000038115,O00022299,2023-06-30,19,Size or fit issue,1,11.16,0.0,Completed
R0001947,SL000038141,O00022313,2023-09-23,8,Faulty product,1,16.46,0.0,Completed
R0001948,SL000038168,O00022330,2023-01-22,16,Damaged item,2,101.51,0.0,Completed
R0001949,SL000038174,O00022333,2025-04-17,45,Changed mind,4,45.6,0.0,Completed
R0001950,SL000038175,O00022334,2023-04-02,18,Not as described,1,279.63,0.0,Completed
R0001951,SL000038215,O00022359,2024-01-23,7,Faulty product,1,16.68,0.0,Completed
R0001952,SL000038225,O00022365,2024-11-10,18,Changed mind,1,225.53,0.0,Completed
R0001953,SL000038245,O00022374,2024-04-26,8,Late delivery,4,16.3,0.0,Completed
R0001954,SL000038274,O00022390,2023-12-29,16,Faulty product,4,175.51,0.0,Pending
R0001955,SL000038284,O00022395,2023-08-05,12,Changed mind,4,112.01,0.0,Pending
R0001956,SL000038315,O00022414,2025-06-17,1,Damaged item,1,54.83,0.0,Completed
R0001957,SL000038337,O00022431,2024-07-01,4,Size or fit issue,4,64.93,0.0,Completed
R0001958,SL000038356,O00022442,2025-09-23,9,Changed mind,1,13.99,2.47,Completed
R0001959,SL000038358,O00022443,2025-07-09,8,Faulty product,2,23.04,0.0,Completed
R0001960,SL000038384,O00022462,2024-03-25,5,Changed mind,1,27.48,4.85,Completed
R0001961,SL000038388,O00022466,2025-07-15,19,Changed mind,1,27.74,0.0,Completed
R0001962,SL000038400,O00022474,2023-11-05,7,Faulty product,1,13.61,0.0,Completed
R0001963,SL000038403,O00022476,2023-08-20,21,Not as described,1,8.0,0.0,Pending
R0001964,SL000038425,O00022487,2025-07-24,5,Incorrect item,1,80.0,0.0,Completed
R0001965,SL000038453,O00022504,2023-11-27,10,Size or fit issue,1,61.18,0.0,Completed
R0001966,SL000038490,O00022528,2024-06-19,2,Damaged item,1,102.0,0.0,Completed
R0001967,SL000038532,O00022550,2025-01-29,15,Changed mind,1,4.2,0.0,Completed
R0001968,SL000038644,O00022604,2023-02-21,1,Faulty product,1,80.0,0.0,Completed
R0001969,SL000038660,O00022613,2025-10-08,17,Incorrect item,1,105.74,0.0,Completed
R0001970,SL000038672,O00022618,2025-05-15,11,Late delivery,1,35.52,0.0,Completed
R0001971,SL000038680,O00022622,2025-12-06,10,Incorrect item,1,59.32,0.0,Completed
R0001972,SL000038682,O00022623,2024-05-26,14,Faulty product,1,14.7,0.0,Completed
R0001973,SL000038684,O00022624,2024-12-12,19,Faulty product,1,68.88,0.0,Completed
R0001974,SL000038697,O00022628,2024-02-19,19,Faulty product,1,211.54,0.0,Completed
R0001975,SL000038702,O00022630,2026-01-05,7,Damaged item,1,11.88,0.0,Completed
R0001976,SL000038729,O00022649,2023-07-16,9,Changed mind,1,89.4,0.0,Completed
R0001977,SL000038736,O00022653,2023-01-29,10,Changed mind,1,27.11,4.78,Completed
R0001978,SL000038744,O00022655,2025-12-09,9,Faulty product,1,150.36,0.0,Completed
R0001979,SL000038777,O00022676,2025-09-26,20,Size or fit issue,1,153.79,0.0,Completed
R0001980,SL000038780,O00022678,2024-10-19,19,Changed mind,1,151.27,26.69,Completed
R0001981,SL000038824,O00022706,2024-11-08,13,Changed mind,1,76.15,0.0,Completed
R0001982,SL000038842,O00022719,2025-08-12,4,Damaged item,1,51.91,0.0,Completed
R0001983,SL000038851,O00022725,2024-07-14,15,Faulty product,1,164.64,0.0,Completed
R0001984,SL000038852,O00022725,2024-07-02,3,Changed mind,1,66.76,11.78,Completed
R0001985,SL000038880,O00022745,2023-11-03,19,Changed mind,1,147.35,0.0,Completed
R0001986,SL000038931,O00022772,2023-10-23,7,Changed mind,1,7.76,0.0,Completed
R0001987,SL000038936,O00022775,2025-03-26,4,Damaged item,3,53.55,0.0,Completed
R0001988,SL000038956,O00022785,2023-07-14,21,Damaged item,1,99.65,0.0,Completed
R0001989,SL000039006,O00022816,2024-03-23,6,Late delivery,1,20.32,0.0,Completed
R0001990,SL000039039,O00022838,2023-12-31,8,Late delivery,4,49.39,0.0,Completed
R0001991,SL000039057,O00022846,2024-08-06,8,Changed mind,1,89.88,15.86,Completed
R0001992,SL000039069,O00022855,2023-06-04,4,Faulty product,1,73.45,0.0,Completed
R0001993,SL000039077,O00022860,2023-12-09,2,Incorrect item,1,69.09,0.0,Completed
R0001994,SL000039110,O00022879,2025-09-07,12,Size or fit issue,4,235.92,0.0,Pending
R0001995,SL000039114,O00022881,2023-10-05,3,Faulty product,1,394.54,0.0,Completed
R0001996,SL000039132,O00022893,2025-09-27,15,Size or fit issue,1,24.97,0.0,Completed
R0001997,SL000039147,O00022901,2024-10-18,2,Changed mind,1,9.89,1.75,Completed
R0001998,SL000039157,O00022905,2024-09-05,7,Not as described,1,36.11,0.0,Completed
R0001999,SL000039172,O00022912,2024-03-15,16,Size or fit issue,1,18.26,0.0,Completed
R0002000,SL000039177,O00022916,2023-12-26,11,Damaged item,1,58.38,0.0,Completed
R0002001,SL000039189,O00022927,2024-01-07,9,Incorrect item,1,10.87,0.0,Completed
R0002002,SL000039202,O00022932,2023-12-09,15,Faulty product,1,214.9,0.0,Completed
R0002003,SL000039220,O00022940,2023-01-19,13,Faulty product,2,19.92,0.0,Completed
R0002004,SL000039235,O00022950,2025-03-25,6,Not as described,1,14.85,0.0,Completed
R0002005,SL000039277,O00022973,2023-09-04,17,Changed mind,1,34.65,0.0,Completed
R0002006,SL000039281,O00022976,2024-12-28,3,Faulty product,3,12.48,0.0,Completed
R0002007,SL000039295,O00022985,2025-10-04,5,Incorrect item,2,69.39,0.0,Completed
R0002008,SL000039309,O00022995,2024-01-10,8,Not as described,2,5.82,0.0,Completed
R0002009,SL000039310,O00022996,2025-09-20,13,Late delivery,1,34.65,0.0,Completed
R0002010,SL000039375,O00023030,2023-09-21,25,Late delivery,2,180.66,0.0,Completed
R0002011,SL000039391,O00023043,2023-12-25,10,Changed mind,1,30.1,0.0,Completed
R0002012,SL000039409,O00023056,2024-01-25,8,Not as described,1,71.46,0.0,Completed
R0002013,SL000039462,O00023088,2023-06-14,19,Not as described,1,78.51,0.0,Completed
R0002014,SL000039468,O00023091,2025-06-16,5,Changed mind,1,2.5,0.44,Completed
R0002015,SL000039472,O00023093,2024-12-03,17,Changed mind,2,16.01,0.0,Completed
R0002016,SL000039475,O00023095,2024-07-27,3,Damaged item,1,146.7,0.0,Completed
R0002017,SL000039488,O00023103,2023-07-16,24,Faulty product,1,62.81,0.0,Completed
R0002018,SL000039503,O00023112,2024-02-26,14,Not as described,2,22.88,0.0,Pending
R0002019,SL000039510,O00023117,2024-12-29,9,Changed mind,1,95.93,0.0,Completed
R0002020,SL000039530,O00023131,2023-05-20,8,Size or fit issue,1,63.99,0.0,Completed
R0002021,SL000039538,O00023135,2024-12-10,15,Damaged item,4,134.07,0.0,Completed
R0002022,SL000039541,O00023137,2023-11-16,5,Changed mind,1,25.38,0.0,Completed
R0002023,SL000039563,O00023147,2024-06-17,7,Not as described,1,18.48,0.0,Completed
R0002024,SL000039588,O00023159,2023-09-14,2,Faulty product,2,211.14,0.0,Completed
R0002025,SL000039591,O00023161,2025-01-08,17,Not as described,1,300.25,0.0,Completed
R0002026,SL000039618,O00023177,2026-01-16,27,Damaged item,1,342.65,0.0,Completed
R0002027,SL000039625,O00023182,2024-05-19,19,Not as described,1,17.91,0.0,Completed
R0002028,SL000039633,O00023187,2025-09-11,32,Not as described,1,48.21,0.0,Completed
R0002029,SL000039637,O00023188,2024-02-22,19,Late delivery,1,41.55,0.0,Completed
R0002030,SL000039696,O00023226,2024-08-18,6,Incorrect item,4,82.76,0.0,Completed
R0002031,SL000039759,O00023263,2023-12-07,8,Changed mind,2,41.84,7.38,Completed
R0002032,SL000039786,O00023279,2025-11-23,6,Incorrect item,2,80.69,0.0,Completed
R0002033,SL000039866,O00023328,2024-12-02,3,Changed mind,1,60.17,10.62,Completed
R0002034,SL000039873,O00023332,2025-09-10,1,Incorrect item,1,93.23,0.0,Completed
R0002035,SL000039899,O00023349,2024-10-15,23,Faulty product,1,136.99,0.0,Completed
R0002036,SL000039910,O00023355,2025-03-12,2,Faulty product,1,42.64,0.0,Completed
R0002037,SL000039921,O00023363,2024-05-17,5,Changed mind,4,55.0,0.0,Completed
R0002038,SL000039929,O00023367,2026-01-09,38,Faulty product,1,14.51,0.0,Pending
R0002039,SL000039930,O00023368,2024-12-06,6,Faulty product,2,42.79,0.0,Completed
R0002040,SL000039934,O00023371,2024-06-24,2,Changed mind,1,64.41,0.0,Completed
R0002041,SL000039951,O00023382,2023-10-09,9,Size or fit issue,1,100.02,0.0,Completed
R0002042,SL000039986,O00023404,2025-12-11,15,Damaged item,2,27.0,0.0,Completed
R0002043,SL000039988,O00023406,2024-07-04,41,Changed mind,1,48.71,0.0,Completed
R0002044,SL000040008,O00023418,2024-01-20,8,Late delivery,2,26.89,0.0,Completed
R0002045,SL000040069,O00023455,2025-07-12,1,Damaged item,1,153.24,0.0,Completed
R0002046,SL000040076,O00023459,2023-06-15,3,Faulty product,1,77.6,0.0,Completed
R0002047,SL000040100,O00023474,2024-11-08,25,Changed mind,2,18.28,3.23,Completed
R0002048,SL000040120,O00023484,2025-12-31,8,Size or fit issue,4,133.3,0.0,Completed
R0002049,SL000040133,O00023495,2023-10-10,3,Late delivery,1,11.4,0.0,Completed
R0002050,SL000040167,O00023513,2023-06-11,27,Incorrect item,1,74.19,0.0,Completed
R0002051,SL000040174,O00023516,2024-02-24,23,Changed mind,3,43.8,0.0,Completed
R0002052,SL000040176,O00023517,2024-08-18,6,Not as described,1,63.24,0.0,Completed
R0002053,SL000040188,O00023524,2025-12-11,5,Faulty product,1,29.4,0.0,Completed
R0002054,SL000040207,O00023535,2023-12-15,1,Size or fit issue,1,29.32,0.0,Pending
R0002055,SL000040228,O00023546,2023-08-05,21,Changed mind,1,34.81,0.0,Completed
R0002056,SL000040271,O00023577,2023-12-29,19,Changed mind,2,153.22,27.04,Completed
R0002057,SL000040294,O00023588,2025-10-30,11,Not as described,1,21.87,0.0,Completed
R0002058,SL000040304,O00023594,2025-05-11,1,Damaged item,1,31.0,0.0,Completed
R0002059,SL000040337,O00023610,2023-09-12,16,Faulty product,1,319.39,0.0,Completed
R0002060,SL000040348,O00023615,2024-10-07,8,Damaged item,3,18.74,0.0,Completed
R0002061,SL000040383,O00023634,2025-12-31,12,Changed mind,2,11.35,2.0,Completed
R0002062,SL000040402,O00023646,2023-07-25,15,Size or fit issue,3,65.49,0.0,Completed
R0002063,SL000040410,O00023652,2024-08-25,13,Faulty product,1,121.12,0.0,Completed
R0002064,SL000040414,O00023655,2025-08-29,2,Changed mind,1,28.86,5.09,Completed
R0002065,SL000040443,O00023672,2026-01-02,6,Damaged item,4,156.92,0.0,Completed
R0002066,SL000040573,O00023746,2023-03-12,5,Changed mind,2,17.12,0.0,Pending
R0002067,SL000040615,O00023766,2023-12-18,1,Size or fit issue,1,35.67,0.0,Completed
R0002068,SL000040625,O00023770,2023-06-20,17,Damaged item,2,7.98,0.0,Completed
R0002069,SL000040626,O00023771,2023-08-29,9,Not as described,1,244.83,0.0,Completed
R0002070,SL000040641,O00023778,2025-07-13,15,Not as described,1,69.75,0.0,Completed
R0002071,SL000040736,O00023833,2025-08-20,9,Changed mind,3,53.1,0.0,Completed
R0002072,SL000040747,O00023842,2023-04-08,17,Damaged item,1,36.13,0.0,Completed
R0002073,SL000040756,O00023847,2023-12-30,17,Changed mind,1,66.64,11.76,Completed
R0002074,SL000040787,O00023868,2024-12-06,5,Damaged item,1,91.15,0.0,Completed
R0002075,SL000040794,O00023873,2023-12-12,14,Incorrect item,2,26.12,0.0,Completed
R0002076,SL000040814,O00023882,2024-12-03,13,Size or fit issue,1,295.91,0.0,Completed
R0002077,SL000040833,O00023891,2025-03-20,12,Incorrect item,1,27.94,0.0,Completed
R0002078,SL000040874,O00023914,2024-05-20,6,Damaged item,1,150.36,0.0,Completed
R0002079,SL000040880,O00023917,2023-12-09,9,Faulty product,1,194.66,0.0,Completed
R0002080,SL000040883,O00023918,2023-03-16,6,Late delivery,2,141.83,0.0,Completed
R0002081,SL000040887,O00023921,2024-05-24,33,Changed mind,1,20.04,3.54,Completed
R0002082,SL000040889,O00023921,2024-04-29,8,Faulty product,4,120.97,0.0,Completed
R0002083,SL000040936,O00023948,2023-02-05,22,Damaged item,1,141.23,0.0,Completed
R0002084,SL000040983,O00023971,2023-05-24,11,Damaged item,1,15.0,0.0,Pending
R0002085,SL000041006,O00023985,2024-10-05,9,Faulty product,1,83.3,0.0,Completed
R0002086,SL000041023,O00023995,2024-01-12,21,Damaged item,2,46.85,0.0,Completed
R0002087,SL000041025,O00023997,2023-03-14,13,Incorrect item,3,105.0,0.0,Completed
R0002088,SL000041056,O00024013,2025-01-26,9,Faulty product,1,22.6,0.0,Completed
R0002089,SL000041064,O00024017,2023-09-15,19,Damaged item,1,377.03,0.0,Completed
R0002090,SL000041107,O00024039,2024-10-17,8,Size or fit issue,1,67.54,0.0,Completed
R0002091,SL000041109,O00024040,2024-06-07,29,Faulty product,1,18.87,0.0,Completed
R0002092,SL000041144,O00024058,2025-08-04,5,Damaged item,1,17.1,0.0,Completed
R0002093,SL000041153,O00024062,2025-12-26,8,Not as described,1,365.48,0.0,Completed
R0002094,SL000041190,O00024081,2023-10-09,12,Faulty product,1,13.32,0.0,Completed
R0002095,SL000041206,O00024095,2023-11-25,7,Size or fit issue,1,21.87,0.0,Completed
R0002096,SL000041226,O00024106,2025-08-01,4,Faulty product,1,12.67,0.0,Completed
R0002097,SL000041282,O00024136,2023-02-15,11,Changed mind,1,18.41,0.0,Completed
R0002098,SL000041283,O00024137,2023-01-25,11,Not as described,1,76.94,0.0,Completed
R0002099,SL000041303,O00024146,2025-07-31,14,Faulty product,1,14.55,0.0,Completed
R0002100,SL000041315,O00024151,2025-12-10,2,Damaged item,1,74.4,0.0,Completed
R0002101,SL000041320,O00024153,2025-01-01,12,Damaged item,1,66.02,0.0,Completed
R0002102,SL000041359,O00024173,2024-02-10,3,Changed mind,1,395.06,0.0,Completed
R0002103,SL000041382,O00024185,2025-12-22,1,Changed mind,1,69.33,12.23,Completed
R0002104,SL000041399,O00024195,2025-12-21,21,Faulty product,1,17.67,0.0,Completed
R0002105,SL000041435,O00024211,2023-09-09,7,Faulty product,3,104.09,0.0,Completed
R0002106,SL000041448,O00024222,2023-12-09,16,Changed mind,4,41.91,0.0,Completed
R0002107,SL000041519,O00024268,2024-11-23,4,Not as described,4,117.97,0.0,Completed
R0002108,SL000041520,O00024269,2025-03-01,11,Incorrect item,1,29.53,0.0,Completed
R0002109,SL000041549,O00024286,2025-05-03,7,Late delivery,1,18.75,0.0,Pending
R0002110,SL000041568,O00024299,2025-11-28,6,Faulty product,1,25.75,0.0,Completed
R0002111,SL000041588,O00024315,2025-05-21,20,Incorrect item,1,17.88,0.0,Completed
R0002112,SL000041589,O00024316,2024-09-01,5,Damaged item,1,23.03,0.0,Completed
R0002113,SL000041624,O00024335,2025-12-11,10,Faulty product,3,122.3,0.0,Completed
R0002114,SL000041697,O00024373,2024-09-05,27,Late delivery,1,297.25,0.0,Completed
R0002115,SL000041740,O00024400,2023-12-31,11,Not as described,1,52.0,0.0,Completed
R0002116,SL000041742,O00024402,2025-06-14,20,Incorrect item,1,103.56,0.0,Completed
R0002117,SL000041748,O00024405,2025-06-26,11,Changed mind,2,24.0,0.0,Completed
R0002118,SL000041770,O00024418,2025-12-17,9,Not as described,1,21.68,0.0,Completed
R0002119,SL000041772,O00024420,2024-07-27,10,Faulty product,1,381.7,0.0,Completed
R0002120,SL000041782,O00024428,2023-08-22,5,Changed mind,2,33.91,0.0,Completed
R0002121,SL000041820,O00024447,2023-12-27,27,Late delivery,1,34.11,0.0,Completed
R0002122,SL000041828,O00024452,2025-12-10,6,Late delivery,4,26.88,0.0,Completed
R0002123,SL000041872,O00024476,2023-10-26,8,Faulty product,1,96.97,0.0,Completed
R0002124,SL000041969,O00024532,2025-03-07,8,Faulty product,1,65.09,0.0,Completed
R0002125,SL000042003,O00024550,2025-04-13,4,Faulty product,1,255.14,0.0,Completed
R0002126,SL000042009,O00024554,2025-05-01,19,Damaged item,2,70.0,0.0,Completed
R0002127,SL000042020,O00024561,2024-01-16,18,Faulty product,1,5.9,0.0,Completed
R0002128,SL000042048,O00024577,2025-05-19,6,Late delivery,1,36.48,0.0,Completed
R0002129,SL000042056,O00024581,2025-12-29,1,Late delivery,1,41.23,0.0,Completed
R0002130,SL000042095,O00024605,2023-07-18,9,Size or fit issue,1,377.88,0.0,Completed
R0002131,SL000042098,O00024608,2023-11-19,8,Damaged item,1,253.38,0.0,Pending
R0002132,SL000042106,O00024613,2025-09-24,12,Size or fit issue,1,63.24,0.0,Pending
R0002133,SL000042115,O00024619,2025-05-16,26,Changed mind,1,59.26,0.0,Completed
R0002134,SL000042149,O00024637,2023-08-30,8,Changed mind,2,26.95,0.0,Completed
R0002135,SL000042160,O00024644,2024-12-21,3,Changed mind,1,43.49,7.67,Completed
R0002136,SL000042174,O00024652,2024-12-08,5,Late delivery,1,89.71,0.0,Completed
R0002137,SL000042241,O00024691,2023-01-14,10,Damaged item,2,273.99,0.0,Completed
R0002138,SL000042245,O00024693,2023-12-22,2,Late delivery,3,21.12,0.0,Completed
R0002139,SL000042247,O00024695,2023-07-14,8,Faulty product,1,33.25,0.0,Completed
R0002140,SL000042290,O00024721,2024-11-30,6,Faulty product,1,42.77,0.0,Completed
R0002141,SL000042345,O00024749,2025-02-28,2,Damaged item,1,249.99,0.0,Completed
R0002142,SL000042368,O00024764,2025-06-06,6,Changed mind,1,274.04,0.0,Completed
R0002143,SL000042369,O00024765,2024-11-11,10,Damaged item,1,14.4,0.0,Completed
R0002144,SL000042380,O00024772,2025-08-05,10,Changed mind,1,177.26,31.28,Completed
R0002145,SL000042386,O00024775,2024-02-05,4,Changed mind,1,50.19,0.0,Completed
R0002146,SL000042405,O00024786,2023-11-30,4,Changed mind,2,222.98,0.0,Completed
R0002147,SL000042418,O00024794,2025-05-24,15,Not as described,1,44.06,0.0,Completed
R0002148,SL000042469,O00024817,2024-02-05,45,Changed mind,1,274.99,48.53,Completed
R0002149,SL000042487,O00024829,2024-10-13,17,Changed mind,2,9.23,1.63,Completed
R0002150,SL000042537,O00024859,2023-12-17,2,Changed mind,2,86.48,0.0,Completed
R0002151,SL000042553,O00024868,2025-05-07,6,Late delivery,1,28.46,0.0,Completed
R0002152,SL000042568,O00024876,2025-02-06,11,Changed mind,1,256.07,0.0,Completed
R0002153,SL000042581,O00024884,2023-12-25,8,Damaged item,1,153.5,0.0,Completed
R0002154,SL000042583,O00024885,2024-11-21,4,Incorrect item,1,290.41,0.0,Completed
R0002155,SL000042623,O00024906,2023-04-29,8,Incorrect item,1,18.64,0.0,Completed
R0002156,SL000042688,O00024942,2025-10-21,14,Changed mind,1,61.52,10.86,Completed
R0002157,SL000042708,O00024950,2023-12-03,11,Faulty product,1,16.91,0.0,Completed
R0002158,SL000042714,O00024955,2025-09-04,3,Late delivery,1,325.82,0.0,Completed
R0002159,SL000042727,O00024960,2024-01-22,3,Not as described,1,243.46,0.0,Completed
R0002160,SL000042750,O00024974,2023-01-28,23,Late delivery,2,72.78,0.0,Completed
R0002161,SL000042833,O00025019,2024-11-13,11,Late delivery,1,89.4,0.0,Completed
R0002162,SL000042855,O00025032,2025-05-29,4,Incorrect item,1,124.12,0.0,Completed
R0002163,SL000042874,O00025044,2024-06-29,15,Faulty product,3,104.51,0.0,Completed
R0002164,SL000042898,O00025055,2023-09-21,14,Damaged item,1,35.05,0.0,Completed
R0002165,SL000042952,O00025086,2025-09-30,9,Size or fit issue,1,543.98,0.0,Completed
R0002166,SL000042961,O00025090,2023-06-28,5,Incorrect item,1,9.6,0.0,Completed
R0002167,SL000042984,O00025102,2025-08-29,4,Damaged item,1,201.0,0.0,Completed
R0002168,SL000042987,O00025104,2023-05-09,15,Damaged item,1,279.63,0.0,Completed
R0002169,SL000042991,O00025106,2023-12-31,15,Late delivery,3,13.41,0.0,Completed
R0002170,SL000042998,O00025109,2025-08-12,8,Damaged item,1,33.39,0.0,Completed
R0002171,SL000043006,O00025116,2025-11-20,10,Not as described,1,11.39,0.0,Completed
R0002172,SL000043044,O00025142,2023-12-20,18,Damaged item,3,20.64,0.0,Completed
R0002173,SL000043046,O00025144,2024-06-22,5,Not as described,2,30.95,0.0,Completed
R0002174,SL000043054,O00025149,2023-01-31,27,Faulty product,1,74.19,0.0,Completed
R0002175,SL000043070,O00025157,2023-10-06,3,Late delivery,1,123.53,0.0,Completed
R0002176,SL000043101,O00025174,2025-05-12,9,Damaged item,1,33.95,0.0,Completed
R0002177,SL000043113,O00025181,2023-09-04,18,Not as described,2,23.28,0.0,Completed
R0002178,SL000043119,O00025185,2025-03-05,31,Size or fit issue,1,32.33,0.0,Completed
R0002179,SL000043150,O00025203,2024-06-09,19,Changed mind,1,27.76,0.0,Completed
R0002180,SL000043172,O00025218,2024-09-08,6,Changed mind,2,101.12,17.85,Completed
R0002181,SL000043178,O00025223,2025-09-01,9,Changed mind,1,84.16,0.0,Completed
R0002182,SL000043190,O00025231,2024-12-08,1,Not as described,2,83.57,0.0,Completed
R0002183,SL000043193,O00025233,2023-10-03,5,Faulty product,1,32.9,0.0,Completed
R0002184,SL000043195,O00025235,2025-02-04,7,Damaged item,1,78.4,0.0,Completed
R0002185,SL000043275,O00025281,2024-12-23,7,Faulty product,1,587.3,0.0,Pending
R0002186,SL000043335,O00025317,2024-10-14,6,Damaged item,1,47.17,0.0,Pending
R0002187,SL000043348,O00025327,2023-09-23,6,Not as described,3,81.96,0.0,Completed
R0002188,SL000043376,O00025341,2025-08-28,5,Not as described,1,186.66,0.0,Completed
R0002189,SL000043381,O00025345,2023-02-18,21,Changed mind,1,399.13,0.0,Completed
R0002190,SL000043386,O00025348,2023-02-16,21,Damaged item,3,43.52,0.0,Completed
R0002191,SL000043403,O00025354,2023-09-21,6,Changed mind,4,65.63,0.0,Completed
R0002192,SL000043449,O00025379,2025-09-14,1,Not as described,4,39.36,0.0,Completed
R0002193,SL000043474,O00025390,2025-10-15,3,Faulty product,1,112.66,0.0,Completed
R0002194,SL000043488,O00025399,2025-08-12,22,Changed mind,1,232.93,41.11,Completed
R0002195,SL000043518,O00025415,2024-12-23,2,Not as described,1,34.3,0.0,Completed
R0002196,SL000043536,O00025428,2024-01-17,7,Faulty product,2,52.02,0.0,Completed
R0002197,SL000043553,O00025437,2024-12-16,9,Faulty product,1,7.84,0.0,Completed
R0002198,SL000043589,O00025462,2023-06-21,5,Size or fit issue,1,3.52,0.0,Completed
R0002199,SL000043614,O00025476,2025-02-20,5,Damaged item,1,165.99,0.0,Completed
R0002200,SL000043628,O00025486,2024-07-16,14,Late delivery,1,22.32,0.0,Completed
R0002201,SL000043631,O00025489,2023-06-25,2,Changed mind,3,85.05,0.0,Completed
R0002202,SL000043646,O00025498,2024-04-30,3,Not as described,1,336.38,0.0,Completed
R0002203,SL000043654,O00025504,2024-01-30,7,Changed mind,1,22.22,0.0,Completed
R0002204,SL000043657,O00025504,2024-02-21,29,Not as described,3,86.69,0.0,Completed
R0002205,SL000043665,O00025508,2025-03-25,7,Late delivery,3,35.28,0.0,Completed
R0002206,SL000043735,O00025550,2025-03-09,14,Changed mind,4,115.35,0.0,Completed
R0002207,SL000043777,O00025576,2025-02-08,4,Late delivery,1,48.94,0.0,Completed
R0002208,SL000043796,O00025586,2025-08-21,9,Changed mind,1,329.75,0.0,Completed
R0002209,SL000043814,O00025593,2023-02-28,4,Changed mind,4,106.39,18.77,Completed
R0002210,SL000043827,O00025600,2025-09-09,1,Changed mind,1,109.37,0.0,Completed
R0002211,SL000043860,O00025624,2025-10-12,8,Changed mind,1,12.75,2.25,Completed
R0002212,SL000043893,O00025644,2025-09-08,19,Size or fit issue,2,66.5,0.0,Completed
R0002213,SL000043941,O00025672,2023-12-29,10,Damaged item,1,67.52,0.0,Completed
R0002214,SL000044002,O00025699,2025-04-20,7,Incorrect item,1,35.0,0.0,Completed
R0002215,SL000044079,O00025748,2023-11-16,23,Changed mind,2,30.61,0.0,Completed
R0002216,SL000044081,O00025748,2023-10-31,7,Size or fit issue,1,211.69,0.0,Completed
R0002217,SL000044096,O00025755,2024-05-13,12,Faulty product,1,107.49,0.0,Completed
R0002218,SL000044229,O00025840,2023-12-21,4,Faulty product,3,44.1,0.0,Completed
R0002219,SL000044231,O00025842,2024-11-10,4,Changed mind,1,32.5,0.0,Completed
R0002220,SL000044245,O00025847,2024-01-31,8,Faulty product,1,24.15,0.0,Completed
R0002221,SL000044255,O00025854,2023-07-17,6,Faulty product,1,68.86,0.0,Completed
R0002222,SL000044348,O00025900,2025-07-25,11,Damaged item,1,134.41,0.0,Completed
R0002223,SL000044355,O00025905,2025-02-14,8,Changed mind,1,163.07,28.78,Completed
R0002224,SL000044356,O00025906,2024-07-24,4,Faulty product,1,34.3,0.0,Completed
R0002225,SL000044357,O00025907,2024-03-22,7,Changed mind,1,17.42,0.0,Completed
R0002226,SL000044387,O00025929,2025-01-27,5,Size or fit issue,1,11.76,0.0,Completed
R0002227,SL000044409,O00025941,2025-02-01,4,Faulty product,4,70.69,0.0,Completed
R0002228,SL000044480,O00025991,2023-06-28,2,Faulty product,3,86.1,0.0,Completed
R0002229,SL000044484,O00025995,2024-12-01,6,Damaged item,1,60.97,0.0,Completed
R0002230,SL000044597,O00026056,2023-08-14,14,Not as described,1,284.6,0.0,Completed
R0002231,SL000044598,O00026057,2023-09-14,15,Changed mind,2,169.46,29.91,Completed
R0002232,SL000044619,O00026073,2025-04-25,16,Late delivery,1,92.12,0.0,Pending
R0002233,SL000044624,O00026077,2025-01-21,6,Late delivery,2,298.78,0.0,Completed
R0002234,SL000044632,O00026080,2025-07-31,7,Changed mind,1,317.2,55.98,Completed
R0002235,SL000044634,O00026081,2024-11-24,9,Changed mind,1,91.37,16.12,Completed
R0002236,SL000044671,O00026102,2023-12-04,2,Late delivery,1,30.25,0.0,Completed
R0002237,SL000044674,O00026104,2025-09-26,7,Not as described,1,35.19,0.0,Completed
R0002238,SL000044682,O00026109,2024-10-01,17,Faulty product,4,135.8,0.0,Completed
R0002239,SL000044699,O00026117,2025-12-15,9,Changed mind,1,6.96,0.0,Completed
R0002240,SL000044776,O00026164,2025-09-21,12,Damaged item,1,37.67,0.0,Completed
R0002241,SL000044814,O00026187,2024-08-15,11,Size or fit issue,2,39.18,0.0,Completed
R0002242,SL000044828,O00026197,2023-02-07,22,Faulty product,1,58.21,0.0,Completed
R0002243,SL000044867,O00026215,2024-10-16,4,Faulty product,1,109.01,0.0,Completed
R0002244,SL000044884,O00026223,2025-08-06,17,Changed mind,1,96.0,0.0,Completed
R0002245,SL000044885,O00026224,2023-08-25,2,Changed mind,1,169.57,0.0,Completed
R0002246,SL000044902,O00026235,2024-09-27,6,Faulty product,4,107.51,0.0,Completed
R0002247,SL000044913,O00026242,2023-06-06,6,Not as described,1,187.98,0.0,Completed
R0002248,SL000044922,O00026248,2026-01-07,17,Changed mind,1,30.45,0.0,Completed
R0002249,SL000044950,O00026267,2024-08-07,4,Changed mind,1,46.23,0.0,Completed
R0002250,SL000044956,O00026268,2025-03-03,20,Not as described,2,127.84,0.0,Pending
R0002251,SL000044995,O00026294,2025-12-29,10,Changed mind,2,54.94,0.0,Completed
R0002252,SL000045004,O00026300,2024-12-27,5,Changed mind,1,35.35,6.24,Completed
R0002253,SL000045007,O00026303,2025-05-11,13,Changed mind,1,78.4,0.0,Completed
R0002254,SL000045020,O00026310,2025-02-12,11,Size or fit issue,1,290.41,0.0,Completed
R0002255,SL000045067,O00026337,2023-08-22,7,Incorrect item,1,35.21,0.0,Completed
R0002256,SL000045090,O00026352,2023-02-08,10,Changed mind,1,76.89,0.0,Completed
R0002257,SL000045091,O00026353,2025-03-25,11,Faulty product,1,17.67,0.0,Completed
R0002258,SL000045103,O00026361,2024-07-31,26,Damaged item,4,140.0,0.0,Completed
R0002259,SL000045120,O00026372,2024-07-04,10,Faulty product,1,144.58,0.0,Completed
R0002260,SL000045128,O00026376,2023-12-05,9,Damaged item,1,305.46,0.0,Completed
R0002261,SL000045141,O00026387,2023-05-16,32,Faulty product,1,44.36,0.0,Completed
R0002262,SL000045221,O00026441,2023-09-10,4,Size or fit issue,1,33.95,0.0,Pending
R0002263,SL000045230,O00026449,2025-12-21,14,Changed mind,1,20.69,0.0,Completed
R0002264,SL000045255,O00026462,2023-08-25,13,Not as described,1,27.19,0.0,Completed
R0002265,SL000045261,O00026465,2025-12-19,5,Not as described,4,103.77,0.0,Completed
R0002266,SL000045287,O00026478,2023-10-18,4,Faulty product,1,32.2,0.0,Pending
R0002267,SL000045291,O00026481,2026-01-06,29,Changed mind,1,384.72,0.0,Completed
R0002268,SL000045319,O00026498,2025-06-24,6,Incorrect item,1,14.28,0.0,Completed
R0002269,SL000045383,O00026530,2025-01-26,28,Faulty product,2,56.92,0.0,Completed
R0002270,SL000045388,O00026533,2023-05-14,10,Incorrect item,1,37.95,0.0,Completed
R0002271,SL000045393,O00026537,2023-01-30,9,Changed mind,1,5.35,0.0,Completed
R0002272,SL000045402,O00026544,2025-01-07,13,Incorrect item,2,109.04,0.0,Completed
R0002273,SL000045443,O00026563,2025-11-01,8,Changed mind,1,34.65,0.0,Completed
R0002274,SL000045454,O00026570,2025-10-16,3,Not as described,1,141.23,0.0,Completed
R0002275,SL000045478,O00026583,2024-10-03,24,Not as described,4,99.07,0.0,Completed
R0002276,SL000045489,O00026590,2023-07-05,12,Faulty product,1,64.0,0.0,Completed
R0002277,SL000045506,O00026598,2023-12-05,12,Not as described,1,81.9,0.0,Completed
R0002278,SL000045513,O00026601,2023-04-16,20,Incorrect item,1,42.08,0.0,Pending
R0002279,SL000045520,O00026604,2023-12-15,16,Damaged item,1,11.76,0.0,Completed
R0002280,SL000045529,O00026611,2024-02-02,5,Size or fit issue,2,16.78,0.0,Completed
R0002281,SL000045536,O00026617,2024-04-27,14,Incorrect item,1,11.76,0.0,Completed
R0002282,SL000045551,O00026625,2025-01-20,3,Incorrect item,1,567.05,0.0,Completed
R0002283,SL000045573,O00026639,2024-04-10,18,Incorrect item,1,50.76,0.0,Completed
R0002284,SL000045596,O00026648,2026-01-01,7,Damaged item,1,403.21,0.0,Completed
R0002285,SL000045600,O00026652,2024-11-25,6,Changed mind,2,107.09,0.0,Completed
R0002286,SL000045617,O00026662,2023-08-13,14,Size or fit issue,1,8.3,0.0,Completed
R0002287,SL000045620,O00026663,2025-10-25,18,Damaged item,1,156.37,0.0,Completed
R0002288,SL000045625,O00026667,2023-02-16,5,Not as described,1,407.28,0.0,Completed
R0002289,SL000045630,O00026668,2023-06-22,18,Changed mind,1,10.93,0.0,Completed
R0002290,SL000045639,O00026674,2023-05-13,10,Changed mind,1,27.59,0.0,Completed
R0002291,SL000045642,O00026676,2025-06-12,2,Changed mind,1,23.91,0.0,Completed
R0002292,SL000045644,O00026677,2023-07-27,13,Changed mind,1,35.0,0.0,Completed
R0002293,SL000045667,O00026691,2025-12-16,19,Faulty product,1,67.93,0.0,Completed
R0002294,SL000045668,O00026691,2025-12-08,11,Changed mind,1,185.56,0.0,Completed
R0002295,SL000045669,O00026692,2025-07-10,16,Incorrect item,1,6.32,0.0,Completed
R0002296,SL000045689,O00026704,2023-09-24,13,Damaged item,1,131.33,0.0,Completed
R0002297,SL000045697,O00026710,2023-12-27,2,Size or fit issue,1,194.22,0.0,Completed
R0002298,SL000045706,O00026715,2025-10-07,38,Faulty product,2,102.21,0.0,Completed
R0002299,SL000045720,O00026723,2023-07-04,17,Changed mind,3,119.99,0.0,Completed
R0002300,SL000045752,O00026745,2024-10-17,20,Faulty product,1,2.97,0.0,Completed
R0002301,SL000045784,O00026763,2025-07-13,10,Size or fit issue,4,71.55,0.0,Completed
R0002302,SL000045787,O00026764,2025-02-07,11,Size or fit issue,1,41.97,0.0,Pending
R0002303,SL000045793,O00026768,2025-11-22,16,Late delivery,1,42.64,0.0,Completed
R0002304,SL000045796,O00026768,2025-11-13,7,Changed mind,1,26.06,0.0,Completed
R0002305,SL000045811,O00026776,2025-01-23,8,Damaged item,1,70.19,0.0,Completed
R0002306,SL000045872,O00026816,2024-07-26,8,Damaged item,1,30.98,0.0,Completed
R0002307,SL000045875,O00026818,2023-12-29,9,Changed mind,3,73.62,12.99,Completed
R0002308,SL000045915,O00026839,2023-07-13,16,Size or fit issue,2,18.53,0.0,Completed
R0002309,SL000045931,O00026849,2024-05-21,6,Size or fit issue,1,20.79,0.0,Completed
R0002310,SL000045945,O00026856,2026-01-04,5,Changed mind,1,257.41,0.0,Completed
R0002311,SL000045997,O00026889,2023-01-20,3,Size or fit issue,2,46.12,0.0,Completed
R0002312,SL000046002,O00026893,2025-04-19,9,Changed mind,1,96.78,0.0,Completed
R0002313,SL000046004,O00026895,2025-10-19,3,Faulty product,1,18.25,0.0,Completed
R0002314,SL000046025,O00026907,2025-12-27,20,Changed mind,1,235.56,41.57,Completed
R0002315,SL000046051,O00026925,2024-08-20,22,Incorrect item,1,75.34,0.0,Completed
R0002316,SL000046083,O00026941,2024-02-16,5,Not as described,1,7.0,0.0,Completed
R0002317,SL000046106,O00026956,2025-09-17,9,Changed mind,4,10.1,1.78,Completed
R0002318,SL000046126,O00026967,2024-08-21,3,Changed mind,2,56.64,0.0,Completed
R0002319,SL000046159,O00026982,2025-01-05,14,Damaged item,2,105.23,0.0,Completed
R0002320,SL000046187,O00026998,2024-01-29,16,Incorrect item,1,68.93,0.0,Completed
R0002321,SL000046190,O00027001,2025-07-02,19,Damaged item,3,86.71,0.0,Completed
R0002322,SL000046192,O00027003,2023-07-31,9,Changed mind,1,120.31,0.0,Completed
R0002323,SL000046224,O00027019,2023-08-03,12,Incorrect item,3,23.04,0.0,Completed
R0002324,SL000046281,O00027055,2025-12-02,13,Not as described,1,13.14,0.0,Completed
R0002325,SL000046283,O00027057,2023-10-19,11,Faulty product,1,130.1,0.0,Pending
R0002326,SL000046320,O00027077,2024-08-26,26,Late delivery,1,2.91,0.0,Completed
R0002327,SL000046363,O00027100,2025-01-10,23,Changed mind,4,172.46,30.43,Completed
R0002328,SL000046374,O00027108,2024-06-21,6,Changed mind,2,28.48,5.03,Completed
R0002329,SL000046382,O00027113,2025-04-27,17,Late delivery,1,34.65,0.0,Completed
R0002330,SL000046402,O00027123,2025-08-11,5,Late delivery,1,266.85,0.0,Completed
R0002331,SL000046458,O00027155,2024-01-28,28,Incorrect item,1,93.41,0.0,Completed
R0002332,SL000046480,O00027171,2023-09-13,18,Changed mind,1,209.55,0.0,Completed
R0002333,SL000046481,O00027171,2023-09-11,16,Changed mind,1,34.3,0.0,Completed
R0002334,SL000046494,O00027179,2025-11-28,10,Not as described,1,13.71,0.0,Completed
R0002335,SL000046527,O00027197,2024-06-30,14,Changed mind,1,84.9,14.98,Completed
R0002336,SL000046562,O00027217,2023-11-27,6,Late delivery,2,248.23,0.0,Completed
R0002337,SL000046583,O00027229,2025-08-08,14,Changed mind,1,148.24,26.16,Completed
R0002338,SL000046590,O00027233,2023-11-07,19,Changed mind,1,80.0,0.0,Completed
R0002339,SL000046592,O00027234,2024-01-07,13,Incorrect item,1,14.85,0.0,Completed
R0002340,SL000046594,O00027236,2023-05-01,4,Late delivery,1,131.41,0.0,Completed
R0002341,SL000046599,O00027239,2025-11-04,11,Changed mind,2,60.49,0.0,Pending
R0002342,SL000046608,O00027245,2026-01-05,16,Not as described,2,13.12,0.0,Completed
R0002343,SL000046618,O00027252,2025-04-10,24,Changed mind,1,8.0,0.0,Pending
R0002344,SL000046654,O00027275,2024-09-22,24,Damaged item,1,79.2,0.0,Completed
R0002345,SL000046680,O00027290,2025-08-03,5,Changed mind,1,386.65,0.0,Completed
R0002346,SL000046681,O00027291,2023-07-29,14,Faulty product,4,55.56,0.0,Completed
R0002347,SL000046684,O00027292,2024-12-30,4,Incorrect item,1,35.94,0.0,Completed
R0002348,SL000046699,O00027298,2025-11-05,26,Incorrect item,1,11.39,0.0,Completed
R0002349,SL000046763,O00027337,2024-11-29,5,Changed mind,1,13.03,0.0,Completed
R0002350,SL000046770,O00027339,2025-01-31,11,Changed mind,1,53.56,0.0,Completed
R0002351,SL000046785,O00027348,2024-12-28,8,Changed mind,1,189.91,0.0,Completed
R0002352,SL000046810,O00027363,2025-03-02,15,Changed mind,2,63.0,11.12,Pending
R0002353,SL000046836,O00027381,2023-07-13,17,Damaged item,1,59.67,0.0,Completed
R0002354,SL000046842,O00027386,2024-04-14,13,Not as described,1,35.0,0.0,Completed
R0002355,SL000046849,O00027390,2023-08-26,21,Faulty product,1,675.06,0.0,Completed
R0002356,SL000046859,O00027395,2024-07-26,6,Damaged item,4,46.56,0.0,Completed
R0002357,SL000046863,O00027399,2023-12-02,5,Changed mind,1,11.68,0.0,Completed
R0002358,SL000046878,O00027409,2025-09-07,29,Damaged item,1,208.26,0.0,Completed
R0002359,SL000046888,O00027415,2024-08-04,28,Late delivery,3,89.19,0.0,Completed
R0002360,SL000046893,O00027417,2023-12-05,4,Size or fit issue,1,23.91,0.0,Completed
R0002361,SL000046915,O00027431,2025-11-30,8,Damaged item,2,5.98,0.0,Completed
R0002362,SL000046974,O00027471,2023-12-27,11,Changed mind,1,8.42,1.48,Completed
R0002363,SL000047020,O00027500,2024-01-27,15,Faulty product,1,7.95,0.0,Completed
R0002364,SL000047033,O00027507,2024-12-22,18,Faulty product,1,62.51,0.0,Pending
R0002365,SL000047042,O00027512,2025-07-02,3,Not as described,1,64.0,0.0,Completed
R0002366,SL000047061,O00027524,2025-03-16,4,Changed mind,1,194.66,0.0,Pending
R0002367,SL000047087,O00027541,2025-06-08,7,Not as described,1,245.7,0.0,Completed
R0002368,SL000047133,O00027570,2025-06-30,4,Changed mind,1,73.73,0.0,Completed
R0002369,SL000047146,O00027577,2025-04-30,17,Changed mind,2,155.22,0.0,Completed
R0002370,SL000047147,O00027577,2025-05-03,20,Incorrect item,4,119.16,0.0,Completed
R0002371,SL000047167,O00027589,2025-05-22,8,Faulty product,1,17.3,0.0,Completed
R0002372,SL000047172,O00027594,2025-06-10,15,Size or fit issue,1,386.92,0.0,Completed
R0002373,SL000047196,O00027609,2023-03-12,29,Damaged item,1,130.2,0.0,Completed
R0002374,SL000047197,O00027609,2023-02-20,9,Not as described,4,135.8,0.0,Completed
R0002375,SL000047208,O00027618,2024-11-05,10,Faulty product,1,58.12,0.0,Completed
R0002376,SL000047260,O00027647,2024-07-05,6,Damaged item,2,18.19,0.0,Completed
R0002377,SL000047266,O00027651,2025-06-06,7,Faulty product,1,150.75,0.0,Completed
R0002378,SL000047279,O00027656,2025-02-20,8,Faulty product,1,38.11,0.0,Completed
R0002379,SL000047285,O00027659,2025-09-07,4,Size or fit issue,4,64.24,0.0,Pending
R0002380,SL000047291,O00027663,2023-03-18,25,Late delivery,1,3.03,0.0,Completed
R0002381,SL000047299,O00027666,2024-12-25,3,Late delivery,1,31.1,0.0,Completed
R0002382,SL000047328,O00027684,2024-06-05,10,Size or fit issue,3,12.51,0.0,Completed
R0002383,SL000047359,O00027703,2023-11-19,6,Size or fit issue,1,255.14,0.0,Completed
R0002384,SL000047379,O00027713,2024-11-16,14,Changed mind,4,60.0,0.0,Completed
R0002385,SL000047380,O00027713,2024-11-10,8,Not as described,1,392.9,0.0,Completed
R0002386,SL000047387,O00027717,2025-04-26,2,Incorrect item,1,124.12,0.0,Completed
R0002387,SL000047401,O00027727,2023-04-13,7,Not as described,1,4.2,0.0,Completed
R0002388,SL000047424,O00027741,2023-09-30,8,Damaged item,1,30.28,0.0,Completed
R0002389,SL000047429,O00027743,2025-05-27,26,Incorrect item,1,113.83,0.0,Completed
R0002390,SL000047442,O00027752,2024-06-17,15,Changed mind,1,167.78,0.0,Pending
R0002391,SL000047457,O00027761,2025-06-19,3,Faulty product,1,61.24,0.0,Completed
R0002392,SL000047476,O00027773,2024-07-14,17,Changed mind,3,27.0,0.0,Pending
R0002393,SL000047482,O00027777,2024-04-25,14,Damaged item,3,9.0,0.0,Completed
R0002394,SL000047503,O00027793,2025-02-10,9,Late delivery,1,3.6,0.0,Completed
R0002395,SL000047536,O00027813,2025-03-19,5,Changed mind,2,60.49,0.0,Completed
R0002396,SL000047592,O00027844,2026-01-11,18,Changed mind,4,154.01,0.0,Completed
R0002397,SL000047659,O00027879,2025-01-06,9,Changed mind,1,12.18,0.0,Completed
R0002398,SL000047672,O00027886,2023-07-23,7,Changed mind,4,207.62,0.0,Completed
R0002399,SL000047691,O00027896,2023-10-10,14,Not as described,1,32.2,0.0,Completed
R0002400,SL000047700,O00027903,2025-10-18,8,Changed mind,3,102.9,0.0,Completed
R0002401,SL000047720,O00027917,2025-04-27,13,Faulty product,1,130.71,0.0,Completed
R0002402,SL000047733,O00027926,2025-09-28,2,Changed mind,1,91.24,0.0,Completed
R0002403,SL000047750,O00027936,2025-12-21,8,Not as described,1,253.44,0.0,Completed
R0002404,SL000047752,O00027938,2024-01-06,14,Size or fit issue,1,83.66,0.0,Completed
R0002405,SL000047793,O00027964,2024-02-25,9,Faulty product,1,130.02,0.0,Completed
R0002406,SL000047820,O00027980,2024-08-16,2,Incorrect item,1,103.11,0.0,Completed
R0002407,SL000047834,O00027992,2024-08-14,7,Damaged item,1,153.24,0.0,Completed
R0002408,SL000047835,O00027993,2023-09-28,19,Faulty product,1,34.03,0.0,Completed
R0002409,SL000047836,O00027993,2023-09-14,5,Changed mind,1,26.54,0.0,Completed
R0002410,SL000047843,O00027999,2025-12-10,10,Late delivery,1,39.94,0.0,Completed
R0002411,SL000047876,O00028016,2023-11-25,8,Changed mind,4,119.16,0.0,Completed
R0002412,SL000047914,O00028036,2024-01-01,7,Damaged item,1,173.14,0.0,Completed
R0002413,SL000047933,O00028044,2024-06-16,15,Faulty product,3,91.99,0.0,Completed
R0002414,SL000047943,O00028049,2024-05-05,15,Changed mind,2,355.92,0.0,Completed
R0002415,SL000047949,O00028051,2025-05-04,11,Damaged item,1,34.81,0.0,Completed
R0002416,SL000047950,O00028052,2024-01-06,3,Faulty product,3,129.48,0.0,Completed
R0002417,SL000047954,O00028054,2024-11-09,23,Incorrect item,1,109.01,0.0,Completed
R0002418,SL000047967,O00028062,2025-06-11,1,Size or fit issue,1,257.72,0.0,Completed
R0002419,SL000047997,O00028080,2025-08-19,1,Changed mind,1,395.06,0.0,Completed
R0002420,SL000048036,O00028104,2025-12-29,8,Not as described,1,249.69,0.0,Completed
R0002421,SL000048044,O00028110,2025-02-13,24,Not as described,1,11.76,0.0,Completed
R0002422,SL000048082,O00028133,2023-12-15,1,Damaged item,1,30.8,0.0,Completed
R0002423,SL000048093,O00028138,2024-08-05,8,Changed mind,1,29.01,0.0,Completed
R0002424,SL000048119,O00028153,2023-05-05,5,Changed mind,2,155.11,27.37,Completed
R0002425,SL000048141,O00028165,2024-02-05,19,Changed mind,1,56.14,0.0,Completed
R0002426,SL000048157,O00028173,2024-01-15,1,Damaged item,1,35.0,0.0,Pending
R0002427,SL000048169,O00028180,2023-12-31,12,Faulty product,1,14.1,0.0,Completed
R0002428,SL000048202,O00028199,2025-01-16,4,Incorrect item,2,36.9,0.0,Completed
R0002429,SL000048204,O00028201,2025-01-10,17,Changed mind,1,16.34,2.88,Completed
R0002430,SL000048223,O00028213,2026-01-09,19,Size or fit issue,2,133.47,0.0,Completed
R0002431,SL000048233,O00028218,2025-12-18,4,Not as described,3,54.62,0.0,Completed
R0002432,SL000048245,O00028223,2024-12-19,18,Damaged item,2,91.92,0.0,Completed
R0002433,SL000048262,O00028234,2024-12-25,13,Changed mind,2,20.88,0.0,Completed
R0002434,SL000048285,O00028246,2023-06-07,26,Changed mind,1,131.41,0.0,Completed
R0002435,SL000048286,O00028246,2023-06-02,21,Changed mind,1,119.12,0.0,Completed
R0002436,SL000048297,O00028254,2023-04-09,22,Changed mind,1,59.1,10.43,Completed
R0002437,SL000048346,O00028281,2024-12-29,19,Changed mind,1,132.91,23.46,Completed
R0002438,SL000048348,O00028281,2024-12-16,6,Late delivery,1,92.16,0.0,Completed
R0002439,SL000048351,O00028283,2023-05-28,4,Size or fit issue,1,14.7,0.0,Completed
R0002440,SL000048385,O00028300,2023-12-07,10,Damaged item,1,8.88,0.0,Completed
R0002441,SL000048386,O00028301,2024-12-17,10,Faulty product,1,26.22,0.0,Completed
R0002442,SL000048420,O00028324,2023-12-27,4,Changed mind,1,69.09,0.0,Completed
R0002443,SL000048431,O00028332,2025-01-30,1,Faulty product,2,6.97,0.0,Pending
R0002444,SL000048438,O00028335,2023-10-06,1,Changed mind,1,28.32,0.0,Completed
R0002445,SL000048476,O00028361,2024-11-27,4,Faulty product,1,18.76,0.0,Completed
R0002446,SL000048491,O00028368,2023-08-24,19,Faulty product,1,333.08,0.0,Completed
R0002447,SL000048493,O00028368,2023-08-14,9,Damaged item,1,88.74,0.0,Completed
R0002448,SL000048507,O00028378,2025-12-28,25,Size or fit issue,2,60.9,0.0,Completed
R0002449,SL000048510,O00028379,2025-05-17,19,Late delivery,1,7.92,0.0,Completed
R0002450,SL000048517,O00028384,2024-11-27,3,Faulty product,1,16.15,0.0,Completed
R0002451,SL000048519,O00028384,2024-12-03,9,Changed mind,1,45.11,7.96,Completed
R0002452,SL000048522,O00028386,2024-06-07,19,Damaged item,1,35.0,0.0,Completed
R0002453,SL000048552,O00028407,2025-02-01,13,Faulty product,1,49.04,0.0,Completed
R0002454,SL000048569,O00028415,2025-12-04,5,Not as described,4,79.58,0.0,Completed
R0002455,SL000048572,O00028417,2025-02-20,2,Faulty product,1,12.0,0.0,Pending
R0002456,SL000048625,O00028448,2024-12-25,6,Changed mind,1,25.0,0.0,Completed
R0002457,SL000048629,O00028450,2026-01-03,11,Changed mind,1,221.64,0.0,Completed
R0002458,SL000048694,O00028487,2024-01-09,14,Faulty product,1,36.69,0.0,Completed
R0002459,SL000048714,O00028498,2023-05-26,8,Faulty product,1,80.0,0.0,Completed
R0002460,SL000048720,O00028502,2023-08-16,7,Size or fit issue,1,193.79,0.0,Completed
R0002461,SL000048721,O00028502,2023-08-26,17,Size or fit issue,1,103.29,0.0,Completed
R0002462,SL000048727,O00028507,2024-07-20,2,Damaged item,1,178.49,0.0,Completed
R0002463,SL000048759,O00028530,2026-01-04,7,Size or fit issue,2,103.24,0.0,Completed
R0002464,SL000048764,O00028531,2023-11-11,6,Changed mind,1,124.12,0.0,Completed
R0002465,SL000048777,O00028538,2024-02-14,13,Damaged item,1,94.84,0.0,Completed
R0002466,SL000048792,O00028546,2025-12-18,4,Faulty product,1,80.79,0.0,Pending
R0002467,SL000048793,O00028546,2025-12-19,5,Faulty product,1,28.7,0.0,Completed
R0002468,SL000048794,O00028546,2025-12-24,10,Late delivery,2,87.16,0.0,Completed
R0002469,SL000048812,O00028556,2025-08-15,14,Faulty product,1,15.71,0.0,Completed
R0002470,SL000048824,O00028564,2025-07-22,14,Faulty product,1,149.79,0.0,Completed
R0002471,SL000048840,O00028572,2025-01-17,6,Changed mind,1,274.63,48.46,Completed
R0002472,SL000048846,O00028577,2023-09-10,17,Changed mind,3,69.08,0.0,Completed
R0002473,SL000048849,O00028578,2025-05-02,7,Faulty product,2,40.65,0.0,Completed
R0002474,SL000048862,O00028587,2023-07-01,3,Incorrect item,1,62.4,0.0,Completed
R0002475,SL000048890,O00028602,2025-05-06,9,Not as described,1,6.02,0.0,Completed
R0002476,SL000048905,O00028609,2025-12-23,20,Changed mind,1,35.25,0.0,Completed
R0002477,SL000048992,O00028657,2025-08-31,4,Late delivery,1,121.65,0.0,Completed
R0002478,SL000049016,O00028674,2023-02-18,21,Changed mind,1,24.87,0.0,Completed
R0002479,SL000049026,O00028680,2023-01-29,17,Faulty product,1,10.08,0.0,Completed
R0002480,SL000049035,O00028685,2023-08-28,9,Not as described,1,287.51,0.0,Completed
R0002481,SL000049056,O00028696,2024-05-06,22,Faulty product,1,28.32,0.0,Completed
R0002482,SL000049066,O00028701,2025-07-30,20,Damaged item,2,45.66,0.0,Completed
R0002483,SL000049090,O00028710,2025-12-24,8,Changed mind,1,213.76,0.0,Completed
R0002484,SL000049099,O00028714,2025-02-04,7,Late delivery,1,79.2,0.0,Completed
R0002485,SL000049135,O00028735,2025-04-08,29,Damaged item,1,136.99,0.0,Completed
R0002486,SL000049137,O00028737,2025-12-27,11,Not as described,1,317.05,0.0,Pending
R0002487,SL000049139,O00028738,2023-12-25,12,Changed mind,1,63.8,0.0,Completed
R0002488,SL000049147,O00028741,2024-03-01,13,Changed mind,1,56.39,0.0,Completed
R0002489,SL000049150,O00028743,2024-01-07,13,Damaged item,1,65.98,0.0,Completed
R0002490,SL000049176,O00028757,2023-09-15,8,Late delivery,1,145.23,0.0,Completed
R0002491,SL000049190,O00028762,2023-02-18,13,Damaged item,1,14.9,0.0,Completed
R0002492,SL000049211,O00028772,2025-01-08,4,Not as described,2,67.2,0.0,Completed
R0002493,SL000049227,O00028781,2024-02-25,8,Incorrect item,1,99.68,0.0,Completed
R0002494,SL000049243,O00028792,2024-03-27,9,Size or fit issue,4,137.2,0.0,Completed
R0002495,SL000049289,O00028820,2024-05-16,12,Faulty product,1,28.75,0.0,Completed
R0002496,SL000049303,O00028827,2024-02-07,7,Not as described,1,60.6,0.0,Completed
R0002497,SL000049348,O00028852,2023-05-15,2,Changed mind,4,128.2,0.0,Completed
R0002498,SL000049352,O00028855,2023-09-08,12,Incorrect item,1,200.23,0.0,Completed
R0002499,SL000049363,O00028863,2023-06-01,6,Changed mind,1,109.68,0.0,Completed
R0002500,SL000049403,O00028886,2025-07-09,18,Not as described,1,121.97,0.0,Completed
R0002501,SL000049411,O00028889,2025-07-05,11,Changed mind,2,146.4,25.84,Completed
R0002502,SL000049444,O00028906,2023-11-21,1,Late delivery,1,10.09,0.0,Completed
R0002503,SL000049469,O00028921,2024-06-04,19,Changed mind,1,68.4,0.0,Completed
R0002504,SL000049472,O00028922,2024-04-13,4,Late delivery,3,125.36,0.0,Completed
R0002505,SL000049488,O00028930,2024-08-22,8,Late delivery,1,69.41,0.0,Completed
R0002506,SL000049533,O00028952,2023-07-29,7,Not as described,1,189.91,0.0,Completed
R0002507,SL000049543,O00028958,2025-02-08,6,Changed mind,4,132.94,0.0,Completed
R0002508,SL000049561,O00028967,2024-08-19,16,Late delivery,3,32.95,0.0,Completed
R0002509,SL000049568,O00028972,2024-07-08,20,Late delivery,1,32.11,0.0,Completed
R0002510,SL000049596,O00028985,2023-11-23,6,Incorrect item,1,190.77,0.0,Completed
R0002511,SL000049602,O00028989,2023-12-04,2,Changed mind,3,91.35,0.0,Completed
R0002512,SL000049632,O00029007,2023-08-21,10,Faulty product,1,56.4,0.0,Completed
R0002513,SL000049691,O00029043,2024-02-13,11,Size or fit issue,1,23.06,0.0,Completed
R0002514,SL000049699,O00029047,2024-01-05,15,Damaged item,1,200.35,0.0,Completed
R0002515,SL000049718,O00029057,2024-01-20,13,Not as described,3,44.55,0.0,Completed
R0002516,SL000049720,O00029059,2024-05-05,20,Late delivery,1,47.22,0.0,Completed
R0002517,SL000049743,O00029069,2024-06-14,16,Size or fit issue,1,4.97,0.0,Completed
R0002518,SL000049768,O00029082,2025-06-24,5,Changed mind,1,19.58,3.46,Completed
R0002519,SL000049785,O00029090,2023-11-29,10,Faulty product,1,27.57,0.0,Completed
R0002520,SL000049800,O00029100,2023-07-24,6,Not as described,1,28.84,0.0,Completed
R0002521,SL000049806,O00029104,2025-09-20,20,Not as described,1,35.0,0.0,Completed
R0002522,SL000049920,O00029169,2023-08-04,19,Changed mind,2,40.58,7.16,Pending
R0002523,SL000049925,O00029173,2025-12-29,4,Changed mind,1,64.53,0.0,Completed
R0002524,SL000049952,O00029189,2024-07-19,17,Changed mind,1,200.74,35.42,Pending
R0002525,SL000049960,O00029194,2024-04-20,8,Changed mind,1,139.82,0.0,Completed
R0002526,SL000049968,O00029198,2025-10-31,14,Faulty product,3,101.85,0.0,Completed
R0002527,SL000049985,O00029208,2024-01-27,20,Faulty product,1,16.43,0.0,Completed
R0002528,SL000049991,O00029211,2023-12-12,14,Changed mind,3,20.4,3.6,Completed
R0002529,SL000049998,O00029213,2025-06-17,11,Damaged item,1,20.04,0.0,Completed
R0002530,SL000050016,O00029224,2023-07-28,17,Damaged item,1,145.3,0.0,Completed
R0002531,SL000050036,O00029235,2025-08-15,6,Changed mind,1,15.59,2.75,Completed
R0002532,SL000050059,O00029251,2025-10-02,14,Size or fit issue,4,40.8,0.0,Completed
R0002533,SL000050088,O00029268,2024-01-12,1,Changed mind,2,50.89,8.98,Completed
R0002534,SL000050133,O00029291,2025-11-07,8,Faulty product,1,198.23,0.0,Completed
R0002535,SL000050154,O00029303,2023-04-19,8,Changed mind,1,51.51,0.0,Completed
R0002536,SL000050189,O00029326,2023-09-27,14,Not as described,1,97.76,0.0,Completed
R0002537,SL000050225,O00029345,2024-12-23,11,Size or fit issue,1,577.48,0.0,Completed
R0002538,SL000050240,O00029354,2024-10-22,9,Changed mind,1,34.3,0.0,Completed
R0002539,SL000050244,O00029355,2023-03-07,4,Changed mind,1,28.26,4.99,Completed
R0002540,SL000050285,O00029378,2024-01-29,2,Changed mind,3,77.12,13.61,Completed
R0002541,SL000050300,O00029387,2024-09-22,7,Incorrect item,1,326.42,0.0,Completed
R0002542,SL000050305,O00029390,2023-08-04,11,Faulty product,1,50.39,0.0,Completed
R0002543,SL000050331,O00029405,2023-09-17,18,Changed mind,1,42.64,0.0,Completed
R0002544,SL000050355,O00029420,2023-08-31,10,Faulty product,1,18.56,0.0,Completed
R0002545,SL000050387,O00029438,2024-11-26,9,Damaged item,1,100.02,0.0,Completed
R0002546,SL000050392,O00029440,2025-06-05,20,Changed mind,1,131.33,0.0,Completed
R0002547,SL000050467,O00029484,2025-01-08,11,Faulty product,1,32.55,0.0,Completed
R0002548,SL000050474,O00029488,2025-02-13,22,Changed mind,1,196.49,0.0,Completed
R0002549,SL000050478,O00029491,2023-01-09,1,Late delivery,1,22.33,0.0,Completed
R0002550,SL000050517,O00029516,2024-10-04,6,Size or fit issue,2,55.52,0.0,Completed
R0002551,SL000050523,O00029521,2025-07-17,8,Changed mind,1,4.17,0.0,Completed
R0002552,SL000050524,O00029522,2025-05-10,15,Faulty product,2,18.16,0.0,Completed
R0002553,SL000050528,O00029525,2025-09-24,7,Faulty product,1,66.4,0.0,Completed
R0002554,SL000050562,O00029539,2025-10-13,11,Incorrect item,1,80.0,0.0,Completed
R0002555,SL000050574,O00029545,2025-12-12,17,Changed mind,3,62.87,0.0,Completed
R0002556,SL000050589,O00029553,2024-07-10,16,Faulty product,1,13.99,0.0,Completed
R0002557,SL000050603,O00029560,2025-04-12,6,Size or fit issue,2,36.83,0.0,Completed
R0002558,SL000050608,O00029564,2026-01-09,17,Incorrect item,1,89.21,0.0,Pending
R0002559,SL000050614,O00029569,2025-12-14,4,Changed mind,1,200.23,0.0,Completed
R0002560,SL000050633,O00029579,2024-12-20,26,Damaged item,1,26.11,0.0,Completed
R0002561,SL000050687,O00029608,2024-01-31,8,Changed mind,4,117.27,0.0,Completed
R0002562,SL000050702,O00029615,2025-06-29,7,Changed mind,1,158.18,0.0,Completed
R0002563,SL000050724,O00029631,2023-12-05,4,Faulty product,1,62.87,0.0,Completed
R0002564,SL000050732,O00029635,2023-11-15,1,Not as described,1,127.39,0.0,Completed
R0002565,SL000050778,O00029658,2025-08-12,1,Incorrect item,2,66.5,0.0,Completed
R0002566,SL000050784,O00029660,2023-02-05,23,Changed mind,1,65.16,0.0,Completed
R0002567,SL000050788,O00029662,2023-06-16,12,Damaged item,4,75.39,0.0,Pending
R0002568,SL000050794,O00029666,2023-07-05,35,Faulty product,1,35.0,0.0,Completed
R0002569,SL000050811,O00029678,2024-10-06,9,Faulty product,1,287.51,0.0,Completed
R0002570,SL000050817,O00029682,2024-05-03,4,Damaged item,1,12.0,0.0,Completed
R0002571,SL000050828,O00029689,2024-12-30,15,Damaged item,1,45.43,0.0,Completed
R0002572,SL000050835,O00029692,2024-02-25,1,Damaged item,1,67.54,0.0,Completed
R0002573,SL000050837,O00029694,2024-08-31,4,Changed mind,1,34.3,0.0,Completed
R0002574,SL000050849,O00029702,2025-12-12,5,Damaged item,1,30.1,0.0,Completed
R0002575,SL000050867,O00029712,2025-12-12,14,Faulty product,2,50.4,0.0,Completed
R0002576,SL000050869,O00029714,2024-12-12,17,Incorrect item,3,87.85,0.0,Completed
R0002577,SL000050871,O00029714,2024-11-27,2,Faulty product,1,47.75,0.0,Completed
R0002578,SL000050921,O00029742,2024-11-08,15,Changed mind,1,115.5,0.0,Completed
R0002579,SL000051059,O00029824,2025-12-31,8,Changed mind,1,60.56,0.0,Completed
R0002580,SL000051066,O00029827,2024-06-15,6,Late delivery,2,9.54,0.0,Completed
R0002581,SL000051070,O00029829,2024-09-07,39,Size or fit issue,3,99.21,0.0,Completed
R0002582,SL000051072,O00029830,2023-10-28,12,Changed mind,3,23.76,0.0,Completed
R0002583,SL000051087,O00029839,2023-07-18,16,Not as described,1,89.94,0.0,Completed
R0002584,SL000051100,O00029850,2025-11-02,8,Changed mind,1,176.18,0.0,Completed
R0002585,SL000051171,O00029884,2024-06-28,8,Faulty product,1,112.98,0.0,Completed
R0002586,SL000051186,O00029892,2025-06-27,3,Incorrect item,1,17.25,0.0,Completed
R0002587,SL000051202,O00029902,2024-12-13,6,Incorrect item,1,47.33,0.0,Completed
R0002588,SL000051204,O00029904,2024-02-02,6,Damaged item,1,112.94,0.0,Completed
R0002589,SL000051216,O00029910,2025-06-30,3,Not as described,1,19.08,0.0,Completed
R0002590,SL000051262,O00029934,2025-02-14,17,Not as described,1,12.0,0.0,Pending
R0002591,SL000051264,O00029936,2023-02-06,11,Late delivery,1,46.44,0.0,Completed
R0002592,SL000051291,O00029952,2023-12-30,11,Incorrect item,1,9.96,0.0,Completed
R0002593,SL000051294,O00029954,2025-12-07,7,Changed mind,1,253.38,0.0,Pending
R0002594,SL000051316,O00029966,2023-09-20,3,Incorrect item,2,34.97,0.0,Completed
R0002595,SL000051343,O00029983,2025-12-25,3,Incorrect item,1,15.53,0.0,Completed
R0002596,SL000051347,O00029985,2023-03-15,5,Changed mind,1,241.91,42.69,Completed
R0002597,SL000051351,O00029988,2023-08-19,11,Faulty product,1,34.3,0.0,Completed
R0002598,SL000051373,O00030000,2025-08-29,5,Incorrect item,2,41.38,0.0,Completed
R0002599,SL000051380,O00030004,2025-04-04,4,Incorrect item,1,7.03,0.0,Pending
R0002600,SL000051398,O00030016,2023-12-27,12,Changed mind,1,263.27,0.0,Completed
R0002601,SL000051401,O00030018,2025-01-01,17,Changed mind,1,16.94,2.99,Completed
R0002602,SL000051417,O00030024,2024-07-25,23,Late delivery,1,20.32,0.0,Completed
R0002603,SL000051424,O00030028,2025-12-30,9,Changed mind,1,42.25,0.0,Completed
R0002604,SL000051443,O00030041,2024-12-30,15,Damaged item,1,213.83,0.0,Completed
R0002605,SL000051447,O00030044,2025-01-05,3,Changed mind,1,67.2,0.0,Completed
R0002606,SL000051499,O00030072,2025-03-08,10,Changed mind,1,33.25,0.0,Completed
R0002607,SL000051542,O00030096,2023-11-20,5,Late delivery,1,186.87,0.0,Completed
R0002608,SL000051545,O00030098,2024-11-19,12,Damaged item,2,303.6,0.0,Completed
R0002609,SL000051552,O00030101,2025-03-13,19,Late delivery,1,51.62,0.0,Completed
R0002610,SL000051555,O00030104,2024-02-21,5,Not as described,1,36.32,0.0,Completed
R0002611,SL000051598,O00030131,2024-10-13,2,Damaged item,1,80.0,0.0,Completed
R0002612,SL000051614,O00030141,2023-03-07,6,Damaged item,2,69.37,0.0,Completed
R0002613,SL000051619,O00030145,2023-03-20,2,Changed mind,1,3.61,0.64,Completed
R0002614,SL000051671,O00030177,2023-11-15,7,Size or fit issue,1,11.44,0.0,Completed
R0002615,SL000051677,O00030180,2023-03-21,8,Faulty product,1,243.24,0.0,Completed
R0002616,SL000051682,O00030182,2025-01-27,17,Changed mind,4,120.97,0.0,Completed
R0002617,SL000051704,O00030195,2023-03-12,11,Damaged item,1,107.92,0.0,Completed
R0002618,SL000051714,O00030203,2024-07-08,9,Size or fit issue,1,27.3,0.0,Completed
R0002619,SL000051798,O00030251,2025-04-15,2,Changed mind,2,66.5,0.0,Completed
R0002620,SL000051840,O00030271,2024-03-16,18,Late delivery,1,119.1,0.0,Completed
R0002621,SL000051843,O00030273,2023-10-29,20,Changed mind,1,28.33,5.0,Completed
R0002622,SL000051853,O00030280,2025-02-03,8,Not as described,1,48.47,0.0,Completed
R0002623,SL000051857,O00030282,2025-11-23,22,Late delivery,2,90.5,0.0,Completed
R0002624,SL000051887,O00030298,2024-06-27,8,Late delivery,1,9.48,0.0,Completed
R0002625,SL000051891,O00030301,2024-03-24,6,Changed mind,1,32.83,0.0,Completed
R0002626,SL000051930,O00030325,2025-02-17,2,Changed mind,4,117.81,20.79,Completed
R0002627,SL000051937,O00030328,2024-12-11,16,Damaged item,2,43.67,0.0,Completed
R0002628,SL000051961,O00030341,2025-05-30,25,Faulty product,2,56.64,0.0,Completed
R0002629,SL000052001,O00030364,2024-07-23,14,Size or fit issue,1,44.07,0.0,Completed
R0002630,SL000052026,O00030377,2024-12-27,23,Damaged item,1,30.62,0.0,Completed
R0002631,SL000052066,O00030397,2025-03-16,14,Late delivery,1,7.92,0.0,Completed
R0002632,SL000052069,O00030400,2025-10-02,7,Faulty product,1,36.85,0.0,Completed
R0002633,SL000052084,O00030409,2025-10-17,23,Faulty product,1,98.68,0.0,Completed
R0002634,SL000052120,O00030426,2025-10-05,20,Damaged item,2,13.28,0.0,Completed
R0002635,SL000052164,O00030449,2024-10-18,12,Size or fit issue,4,138.6,0.0,Completed
R0002636,SL000052167,O00030451,2023-11-04,10,Changed mind,1,115.84,0.0,Completed
R0002637,SL000052194,O00030465,2025-09-17,11,Incorrect item,1,9.96,0.0,Completed
R0002638,SL000052223,O00030482,2025-12-13,14,Damaged item,1,17.7,0.0,Completed
R0002639,SL000052229,O00030486,2025-07-08,2,Faulty product,1,300.25,0.0,Completed
R0002640,SL000052265,O00030507,2024-12-12,25,Incorrect item,4,73.83,0.0,Completed
R0002641,SL000052303,O00030523,2024-04-01,3,Faulty product,1,63.88,0.0,Pending
R0002642,SL000052304,O00030523,2024-04-07,9,Changed mind,2,22.65,0.0,Completed
R0002643,SL000052311,O00030527,2023-01-22,18,Not as described,1,33.6,0.0,Completed
R0002644,SL000052337,O00030540,2025-10-08,11,Changed mind,1,49.12,0.0,Completed
R0002645,SL000052342,O00030543,2023-06-01,1,Faulty product,1,14.4,0.0,Completed
R0002646,SL000052345,O00030546,2023-12-29,13,Incorrect item,1,53.23,0.0,Completed
R0002647,SL000052354,O00030551,2025-06-07,23,Changed mind,3,153.81,0.0,Completed
R0002648,SL000052358,O00030553,2024-10-12,9,Late delivery,1,141.18,0.0,Completed
R0002649,SL000052363,O00030556,2023-12-19,3,Damaged item,1,213.76,0.0,Completed
R0002650,SL000052408,O00030583,2024-08-30,1,Size or fit issue,1,34.65,0.0,Completed
R0002651,SL000052439,O00030600,2025-06-30,7,Faulty product,2,109.66,0.0,Completed
R0002652,SL000052530,O00030657,2024-12-15,2,Changed mind,1,163.07,28.78,Completed
R0002653,SL000052538,O00030662,2024-11-14,9,Faulty product,1,13.18,0.0,Completed
R0002654,SL000052547,O00030669,2023-04-28,5,Not as described,1,78.51,0.0,Completed
R0002655,SL000052548,O00030669,2023-04-27,4,Damaged item,1,131.41,0.0,Completed
R0002656,SL000052551,O00030671,2024-02-19,24,Size or fit issue,3,94.28,0.0,Completed
R0002657,SL000052565,O00030678,2025-04-18,8,Faulty product,1,33.95,0.0,Completed
R0002658,SL000052634,O00030725,2025-05-05,7,Changed mind,2,387.58,0.0,Completed
R0002659,SL000052636,O00030727,2024-07-14,8,Faulty product,1,140.28,0.0,Completed
R0002660,SL000052640,O00030728,2023-12-28,11,Late delivery,1,20.47,0.0,Completed
R0002661,SL000052674,O00030754,2025-10-30,5,Not as described,2,27.5,0.0,Completed
R0002662,SL000052704,O00030769,2024-03-11,29,Faulty product,1,4.09,0.0,Completed
R0002663,SL000052752,O00030794,2025-11-04,21,Changed mind,1,30.52,5.39,Completed
R0002664,SL000052797,O00030822,2024-04-05,29,Size or fit issue,1,117.88,0.0,Completed
R0002665,SL000052813,O00030830,2023-07-05,2,Damaged item,1,7.92,0.0,Completed
R0002666,SL000052817,O00030834,2025-04-25,5,Damaged item,1,33.95,0.0,Completed
R0002667,SL000052850,O00030851,2025-11-24,17,Damaged item,3,119.85,0.0,Completed
R0002668,SL000052855,O00030853,2025-07-14,3,Changed mind,1,50.63,0.0,Completed
R0002669,SL000052859,O00030856,2024-02-27,5,Changed mind,1,30.87,5.45,Completed
R0002670,SL000052903,O00030877,2025-12-28,18,Not as described,3,42.57,0.0,Completed
R0002671,SL000052908,O00030879,2025-09-26,8,Faulty product,3,71.0,0.0,Completed
R0002672,SL000052914,O00030885,2024-07-15,2,Changed mind,1,37.06,0.0,Pending
R0002673,SL000052921,O00030890,2024-06-20,28,Faulty product,1,109.01,0.0,Completed
R0002674,SL000052924,O00030892,2024-04-05,15,Faulty product,1,8.81,0.0,Completed
R0002675,SL000052938,O00030897,2024-01-18,17,Incorrect item,1,91.24,0.0,Completed
R0002676,SL000052967,O00030914,2025-06-22,12,Faulty product,1,76.83,0.0,Completed
R0002677,SL000052987,O00030922,2025-09-16,23,Incorrect item,1,96.0,0.0,Completed
R0002678,SL000053035,O00030954,2023-07-16,38,Damaged item,1,100.69,0.0,Completed
R0002679,SL000053047,O00030962,2024-12-07,28,Changed mind,3,82.67,14.59,Completed
R0002680,SL000053062,O00030966,2024-01-23,7,Faulty product,1,73.83,0.0,Completed
R0002681,SL000053063,O00030967,2024-01-01,1,Changed mind,1,6.66,1.18,Completed
R0002682,SL000053100,O00030993,2025-11-20,5,Changed mind,1,3.15,0.0,Completed
R0002683,SL000053105,O00030995,2023-12-29,16,Changed mind,2,36.4,6.42,Completed
R0002684,SL000053122,O00031006,2023-03-11,14,Changed mind,1,194.22,0.0,Completed
R0002685,SL000053124,O00031006,2023-03-04,7,Changed mind,1,18.59,3.28,Pending
R0002686,SL000053142,O00031014,2023-07-19,6,Damaged item,1,28.34,0.0,Completed
R0002687,SL000053182,O00031038,2025-01-04,13,Faulty product,2,303.36,0.0,Completed
R0002688,SL000053241,O00031077,2023-01-17,15,Faulty product,1,346.19,0.0,Completed
R0002689,SL000053265,O00031088,2025-12-23,9,Late delivery,1,194.22,0.0,Completed
R0002690,SL000053282,O00031095,2025-04-20,9,Incorrect item,1,18.07,0.0,Completed
R0002691,SL000053287,O00031099,2023-07-25,3,Changed mind,1,370.25,0.0,Completed
R0002692,SL000053306,O00031109,2023-04-25,7,Late delivery,1,88.31,0.0,Completed
R0002693,SL000053310,O00031113,2023-07-25,8,Incorrect item,4,55.0,0.0,Completed
R0002694,SL000053328,O00031120,2026-01-14,31,Changed mind,2,7.39,1.3,Completed
R0002695,SL000053341,O00031129,2025-07-02,11,Changed mind,1,354.49,0.0,Completed
R0002696,SL000053346,O00031131,2025-07-29,11,Incorrect item,1,370.25,0.0,Completed
R0002697,SL000053347,O00031131,2025-08-12,25,Incorrect item,1,17.7,0.0,Completed
R0002698,SL000053368,O00031143,2024-03-22,8,Changed mind,1,61.26,0.0,Completed
R0002699,SL000053404,O00031159,2025-06-05,3,Late delivery,1,399.13,0.0,Completed
R0002700,SL000053442,O00031176,2023-11-13,21,Late delivery,1,28.64,0.0,Completed
R0002701,SL000053451,O00031181,2023-12-23,3,Not as described,1,15.35,0.0,Completed
R0002702,SL000053481,O00031198,2025-04-04,11,Damaged item,3,105.0,0.0,Completed
R0002703,SL000053506,O00031214,2024-02-16,26,Damaged item,2,6.84,0.0,Completed
R0002704,SL000053513,O00031215,2025-12-18,17,Changed mind,1,89.86,0.0,Completed
R0002705,SL000053536,O00031226,2025-08-29,12,Damaged item,1,287.51,0.0,Pending
R0002706,SL000053545,O00031232,2025-06-15,6,Not as described,1,68.22,0.0,Completed
R0002707,SL000053550,O00031235,2025-07-17,21,Faulty product,1,35.82,0.0,Completed
R0002708,SL000053608,O00031266,2023-12-23,10,Late delivery,1,30.45,0.0,Pending
R0002709,SL000053613,O00031269,2024-06-12,7,Changed mind,2,62.18,0.0,Completed
R0002710,SL000053643,O00031282,2023-11-12,18,Changed mind,2,36.22,0.0,Completed
R0002711,SL000053724,O00031329,2024-12-24,4,Size or fit issue,1,43.87,0.0,Completed
R0002712,SL000053725,O00031329,2024-12-24,4,Faulty product,4,133.0,0.0,Completed
R0002713,SL000053738,O00031334,2025-04-03,16,Not as described,2,248.24,0.0,Completed
R0002714,SL000053805,O00031379,2025-09-17,18,Changed mind,1,91.24,0.0,Completed
R0002715,SL000053809,O00031381,2023-10-01,9,Changed mind,1,50.57,8.92,Completed
R0002716,SL000053814,O00031384,2024-12-04,4,Not as described,1,102.0,0.0,Completed
R0002717,SL000053853,O00031404,2024-07-28,13,Not as described,1,11.76,0.0,Completed
R0002718,SL000053863,O00031411,2025-10-24,5,Not as described,1,62.64,0.0,Completed
R0002719,SL000053883,O00031423,2024-06-14,10,Not as described,2,70.0,0.0,Completed
R0002720,SL000053912,O00031438,2024-01-08,18,Not as described,1,28.15,0.0,Completed
R0002721,SL000053928,O00031448,2026-01-14,23,Late delivery,1,25.57,0.0,Completed
R0002722,SL000053937,O00031455,2026-01-14,15,Size or fit issue,1,150.28,0.0,Completed
R0002723,SL000053940,O00031455,2026-01-08,9,Incorrect item,1,377.88,0.0,Completed
R0002724,SL000053951,O00031462,2024-12-04,4,Changed mind,1,20.69,0.0,Completed
R0002725,SL000053955,O00031464,2025-12-03,6,Size or fit issue,1,13.34,0.0,Completed
R0002726,SL000053965,O00031469,2023-02-04,4,Changed mind,2,57.68,0.0,Completed
R0002727,SL000054039,O00031505,2025-07-05,5,Changed mind,1,13.74,0.0,Completed
R0002728,SL000054055,O00031516,2024-11-24,13,Changed mind,2,67.9,0.0,Completed
R0002729,SL000054056,O00031517,2023-07-19,6,Faulty product,1,8.0,0.0,Completed
R0002730,SL000054084,O00031533,2024-12-03,12,Changed mind,1,51.05,0.0,Completed
R0002731,SL000054092,O00031537,2026-01-02,12,Changed mind,1,96.6,0.0,Completed
R0002732,SL000054120,O00031552,2026-01-04,25,Faulty product,3,107.84,0.0,Completed
R0002733,SL000054134,O00031559,2025-06-16,22,Not as described,4,123.44,0.0,Completed
R0002734,SL000054156,O00031570,2025-01-07,28,Faulty product,1,287.51,0.0,Completed
R0002735,SL000054183,O00031589,2023-04-22,14,Changed mind,1,109.68,0.0,Completed
R0002736,SL000054199,O00031600,2025-09-07,5,Incorrect item,4,137.2,0.0,Completed
R0002737,SL000054202,O00031602,2025-08-11,36,Incorrect item,1,49.1,0.0,Completed
R0002738,SL000054220,O00031613,2025-10-01,14,Not as described,1,136.99,0.0,Completed
R0002739,SL000054262,O00031637,2023-04-05,6,Changed mind,1,6.39,1.13,Completed
R0002740,SL000054269,O00031639,2023-03-24,9,Faulty product,1,63.07,0.0,Completed
R0002741,SL000054286,O00031650,2025-05-04,3,Not as described,1,13.75,0.0,Completed
R0002742,SL000054294,O00031653,2025-08-13,7,Size or fit issue,1,320.92,0.0,Completed
R0002743,SL000054330,O00031672,2024-12-21,11,Changed mind,1,29.75,5.25,Completed
R0002744,SL000054355,O00031688,2025-11-29,3,Faulty product,1,5.84,0.0,Completed
R0002745,SL000054389,O00031712,2023-06-15,8,Not as described,1,48.19,0.0,Completed
R0002746,SL000054406,O00031722,2025-12-11,28,Incorrect item,1,51.83,0.0,Completed
R0002747,SL000054421,O00031728,2025-03-20,11,Changed mind,1,13.45,0.0,Completed
R0002748,SL000054433,O00031733,2023-03-26,7,Changed mind,1,163.07,28.78,Completed
R0002749,SL000054445,O00031737,2024-08-27,12,Faulty product,2,69.3,0.0,Completed
R0002750,SL000054470,O00031755,2024-01-15,12,Faulty product,1,329.75,0.0,Completed
R0002751,SL000054480,O00031759,2024-12-11,23,Late delivery,1,141.47,0.0,Completed
R0002752,SL000054486,O00031763,2025-12-17,3,Not as described,2,24.31,0.0,Completed
R0002753,SL000054493,O00031768,2024-06-03,11,Late delivery,1,243.24,0.0,Completed
R0002754,SL000054498,O00031772,2023-08-26,13,Changed mind,1,243.46,0.0,Completed
R0002755,SL000054515,O00031783,2025-12-21,17,Faulty product,1,122.64,0.0,Completed
R0002756,SL000054587,O00031823,2024-03-04,4,Changed mind,1,2.55,0.45,Completed
R0002757,SL000054627,O00031844,2023-03-07,10,Changed mind,1,2.52,0.45,Completed
R0002758,SL000054637,O00031851,2025-06-16,3,Damaged item,1,63.39,0.0,Completed
R0002759,SL000054657,O00031860,2024-10-19,16,Damaged item,2,23.52,0.0,Completed
R0002760,SL000054674,O00031871,2025-06-04,6,Incorrect item,1,26.57,0.0,Completed
R0002761,SL000054685,O00031876,2023-06-30,2,Changed mind,1,23.64,0.0,Completed
R0002762,SL000054689,O00031879,2025-04-03,2,Incorrect item,1,200.23,0.0,Completed
R0002763,SL000054740,O00031907,2023-05-23,8,Size or fit issue,1,28.04,0.0,Completed
R0002764,SL000054747,O00031911,2023-04-08,1,Not as described,1,172.62,0.0,Pending
R0002765,SL000054762,O00031917,2025-09-02,20,Changed mind,1,403.21,0.0,Completed
R0002766,SL000054766,O00031920,2024-01-08,18,Damaged item,2,42.44,0.0,Completed
R0002767,SL000054784,O00031928,2023-02-03,4,Faulty product,1,30.1,0.0,Completed
R0002768,SL000054790,O00031932,2026-01-21,32,Changed mind,1,37.73,0.0,Completed
R0002769,SL000054791,O00031933,2025-07-05,32,Changed mind,1,153.19,27.03,Completed
R0002770,SL000054811,O00031947,2023-01-30,15,Size or fit issue,1,68.0,0.0,Completed
R0002771,SL000054815,O00031948,2025-07-31,10,Changed mind,1,73.11,0.0,Completed
R0002772,SL000054822,O00031952,2025-01-04,12,Not as described,1,108.58,0.0,Completed
R0002773,SL000054829,O00031957,2024-12-23,2,Late delivery,1,143.77,0.0,Completed
R0002774,SL000054839,O00031965,2023-10-19,24,Changed mind,2,77.27,13.64,Completed
R0002775,SL000054840,O00031965,2023-10-06,11,Not as described,1,41.18,0.0,Completed
R0002776,SL000054860,O00031980,2024-06-20,17,Not as described,1,11.64,0.0,Completed
R0002777,SL000054903,O00032005,2025-12-15,24,Size or fit issue,2,66.04,0.0,Completed
R0002778,SL000054968,O00032048,2025-08-09,7,Damaged item,4,69.97,0.0,Completed
R0002779,SL000054996,O00032064,2024-04-28,7,Not as described,1,88.5,0.0,Completed
R0002780,SL000055002,O00032068,2023-11-23,18,Damaged item,1,194.66,0.0,Completed
R0002781,SL000055021,O00032078,2025-07-27,4,Changed mind,2,68.97,0.0,Completed
R0002782,SL000055058,O00032096,2025-01-28,8,Damaged item,1,36.09,0.0,Completed
R0002783,SL000055067,O00032100,2025-12-10,2,Changed mind,1,12.32,0.0,Completed
R0002784,SL000055078,O00032107,2024-06-18,2,Size or fit issue,1,57.76,0.0,Completed
R0002785,SL000055119,O00032134,2024-12-12,8,Changed mind,1,68.0,12.0,Completed
R0002786,SL000055122,O00032135,2025-04-07,6,Not as described,1,277.13,0.0,Completed
R0002787,SL000055125,O00032136,2023-06-20,22,Changed mind,1,34.65,0.0,Completed
R0002788,SL000055133,O00032139,2024-10-31,7,Late delivery,1,627.81,0.0,Completed
R0002789,SL000055139,O00032142,2024-12-05,10,Damaged item,1,24.15,0.0,Completed
R0002790,SL000055178,O00032166,2025-05-30,10,Damaged item,1,37.31,0.0,Completed
R0002791,SL000055183,O00032169,2025-12-11,17,Not as described,1,53.69,0.0,Completed
R0002792,SL000055184,O00032170,2024-01-16,7,Changed mind,1,128.78,0.0,Completed
R0002793,SL000055197,O00032177,2024-01-23,10,Late delivery,1,17.33,0.0,Completed
R0002794,SL000055243,O00032204,2023-03-27,9,Damaged item,2,30.43,0.0,Completed
R0002795,SL000055310,O00032242,2023-07-21,34,Late delivery,4,139.86,0.0,Completed
R0002796,SL000055315,O00032245,2023-07-24,20,Changed mind,1,56.08,9.9,Completed
R0002797,SL000055339,O00032261,2025-10-22,14,Not as described,1,21.04,0.0,Completed
R0002798,SL000055354,O00032267,2025-08-17,8,Changed mind,1,80.67,0.0,Completed
R0002799,SL000055365,O00032272,2025-08-11,23,Not as described,3,107.23,0.0,Completed
R0002800,SL000055387,O00032281,2023-01-21,1,Changed mind,1,30.86,0.0,Completed
R0002801,SL000055396,O00032287,2024-05-12,6,Changed mind,1,25.38,0.0,Completed
R0002802,SL000055399,O00032290,2023-08-14,11,Changed mind,1,144.21,0.0,Completed
R0002803,SL000055403,O00032293,2024-12-29,8,Late delivery,1,257.72,0.0,Completed
R0002804,SL000055418,O00032301,2024-01-24,8,Faulty product,1,2.64,0.0,Completed
R0002805,SL000055474,O00032338,2025-02-15,5,Faulty product,1,326.42,0.0,Completed
R0002806,SL000055490,O00032346,2023-01-15,4,Faulty product,1,67.85,0.0,Completed
R0002807,SL000055521,O00032366,2025-09-07,2,Faulty product,2,30.0,0.0,Completed
R0002808,SL000055562,O00032390,2023-05-03,11,Incorrect item,1,240.79,0.0,Completed
R0002809,SL000055564,O00032390,2023-05-16,24,Damaged item,1,284.6,0.0,Completed
R0002810,SL000055596,O00032405,2025-07-01,7,Not as described,1,103.81,0.0,Completed
R0002811,SL000055616,O00032416,2024-02-27,3,Changed mind,3,172.62,0.0,Completed
R0002812,SL000055663,O00032444,2025-04-30,5,Size or fit issue,1,11.21,0.0,Completed
R0002813,SL000055734,O00032482,2025-04-09,4,Not as described,1,150.12,0.0,Completed
R0002814,SL000055737,O00032484,2025-01-30,9,Faulty product,1,14.78,0.0,Completed
R0002815,SL000055760,O00032497,2025-12-14,27,Late delivery,4,156.51,0.0,Completed
R0002816,SL000055810,O00032525,2025-03-31,1,Faulty product,2,92.45,0.0,Completed
R0002817,SL000055828,O00032534,2023-04-08,6,Damaged item,1,21.87,0.0,Completed
R0002818,SL000055832,O00032536,2025-08-19,5,Not as described,1,78.51,0.0,Completed
R0002819,SL000055833,O00032536,2025-08-27,13,Damaged item,1,337.81,0.0,Completed
R0002820,SL000055835,O00032537,2023-07-15,13,Damaged item,1,131.98,0.0,Completed
R0002821,SL000055853,O00032546,2023-10-21,15,Changed mind,1,14.55,0.0,Completed
R0002822,SL000055863,O00032552,2025-12-30,10,Late delivery,3,44.1,0.0,Completed
R0002823,SL000055869,O00032553,2023-04-04,5,Faulty product,1,34.3,0.0,Completed
R0002824,SL000055871,O00032555,2023-07-21,3,Size or fit issue,1,24.87,0.0,Completed
R0002825,SL000055885,O00032561,2024-08-10,8,Damaged item,1,33.6,0.0,Completed
R0002826,SL000055905,O00032571,2023-02-10,8,Faulty product,1,29.4,0.0,Completed
R0002827,SL000055937,O00032591,2025-09-18,5,Late delivery,1,9.6,0.0,Completed
R0002828,SL000055943,O00032594,2025-05-14,12,Size or fit issue,3,104.43,0.0,Completed
R0002829,SL000055950,O00032598,2023-02-28,25,Incorrect item,4,31.04,0.0,Completed
R0002830,SL000056036,O00032648,2025-07-05,15,Late delivery,1,39.48,0.0,Completed
R0002831,SL000056037,O00032649,2025-08-26,24,Changed mind,1,48.19,0.0,Completed
R0002832,SL000056045,O00032653,2023-11-12,9,Incorrect item,1,80.0,0.0,Completed
R0002833,SL000056050,O00032655,2025-02-12,9,Faulty product,1,27.85,0.0,Completed
R0002834,SL000056053,O00032657,2024-03-23,5,Damaged item,2,100.23,0.0,Completed
R0002835,SL000056063,O00032663,2025-05-13,1,Faulty product,2,17.8,0.0,Completed
R0002836,SL000056080,O00032674,2024-08-05,9,Changed mind,1,15.02,2.65,Completed
R0002837,SL000056113,O00032690,2023-10-12,16,Incorrect item,1,37.06,0.0,Completed
R0002838,SL000056121,O00032693,2023-08-24,5,Faulty product,1,29.82,0.0,Completed
R0002839,SL000056124,O00032695,2025-11-10,8,Changed mind,1,121.53,0.0,Completed
R0002840,SL000056127,O00032696,2025-03-23,10,Size or fit issue,1,176.18,0.0,Completed
R0002841,SL000056159,O00032719,2025-07-16,8,Damaged item,1,19.2,0.0,Completed
R0002842,SL000056166,O00032723,2024-08-19,13,Changed mind,1,12.49,2.21,Completed
R0002843,SL000056180,O00032729,2024-09-22,10,Faulty product,1,83.39,0.0,Completed
R0002844,SL000056205,O00032744,2025-02-04,6,Not as described,1,28.35,0.0,Completed
R0002845,SL000056216,O00032749,2023-04-28,12,Not as described,1,4.17,0.0,Completed
R0002846,SL000056258,O00032775,2025-08-29,6,Changed mind,2,139.06,0.0,Completed
R0002847,SL000056286,O00032791,2023-08-19,23,Incorrect item,1,41.36,0.0,Completed
R0002848,SL000056332,O00032823,2025-08-29,31,Damaged item,1,49.88,0.0,Completed
R0002849,SL000056438,O00032893,2025-04-02,6,Changed mind,1,34.49,0.0,Completed
R0002850,SL000056489,O00032915,2025-10-16,10,Changed mind,1,27.92,0.0,Completed
R0002851,SL000056522,O00032933,2025-08-18,31,Incorrect item,1,130.02,0.0,Completed
R0002852,SL000056537,O00032940,2024-12-04,21,Changed mind,2,41.42,7.31,Completed
R0002853,SL000056567,O00032956,2025-05-02,2,Size or fit issue,1,300.25,0.0,Completed
R0002854,SL000056587,O00032971,2025-06-03,4,Size or fit issue,1,60.57,0.0,Completed
R0002855,SL000056632,O00032994,2025-03-13,19,Faulty product,1,68.14,0.0,Completed
R0002856,SL000056651,O00033006,2025-02-18,8,Changed mind,1,37.73,0.0,Completed
R0002857,SL000056698,O00033028,2025-12-07,11,Damaged item,1,112.59,0.0,Completed
R0002858,SL000056705,O00033033,2025-05-15,5,Changed mind,1,407.28,0.0,Completed
R0002859,SL000056733,O00033050,2025-12-13,11,Not as described,2,42.44,0.0,Completed
R0002860,SL000056764,O00033071,2023-12-17,1,Incorrect item,1,149.79,0.0,Completed
R0002861,SL000056864,O00033132,2025-02-13,4,Late delivery,3,13.31,0.0,Completed
R0002862,SL000056868,O00033135,2025-11-19,6,Faulty product,1,11.21,0.0,Completed
R0002863,SL000056873,O00033138,2023-07-16,7,Size or fit issue,1,21.68,0.0,Completed
R0002864,SL000056886,O00033146,2025-05-03,3,Faulty product,2,23.28,0.0,Completed
R0002865,SL000056910,O00033160,2024-12-27,9,Damaged item,1,30.45,0.0,Completed
R0002866,SL000056919,O00033167,2024-11-18,7,Damaged item,1,72.38,0.0,Completed
R0002867,SL000056943,O00033183,2023-12-28,13,Changed mind,1,395.06,0.0,Completed
R0002868,SL000056944,O00033183,2023-12-18,3,Late delivery,1,212.93,0.0,Completed
R0002869,SL000056972,O00033196,2024-10-05,22,Incorrect item,3,136.79,0.0,Completed
R0002870,SL000056978,O00033200,2024-01-09,8,Incorrect item,1,34.65,0.0,Completed
R0002871,SL000056985,O00033206,2024-01-10,4,Damaged item,1,17.91,0.0,Completed
R0002872,SL000056992,O00033209,2024-10-07,18,Not as described,3,133.69,0.0,Completed
R0002873,SL000057029,O00033227,2024-02-02,9,Faulty product,1,29.75,0.0,Completed
R0002874,SL000057031,O00033228,2023-03-06,26,Size or fit issue,1,99.68,0.0,Completed
R0002875,SL000057035,O00033230,2025-09-11,15,Changed mind,1,45.43,0.0,Completed
R0002876,SL000057044,O00033236,2025-01-17,5,Incorrect item,4,66.47,0.0,Completed
R0002877,SL000057063,O00033247,2025-04-01,4,Damaged item,1,15.39,0.0,Completed
R0002878,SL000057096,O00033267,2023-12-14,14,Damaged item,1,78.4,0.0,Completed
R0002879,SL000057127,O00033285,2024-09-18,7,Faulty product,1,66.8,0.0,Completed
R0002880,SL000057130,O00033286,2023-08-25,3,Faulty product,1,79.2,0.0,Completed
R0002881,SL000057160,O00033306,2023-02-01,6,Late delivery,1,4.7,0.0,Completed
R0002882,SL000057187,O00033322,2026-01-13,17,Faulty product,1,7.84,0.0,Completed
R0002883,SL000057190,O00033324,2024-08-27,18,Damaged item,1,74.19,0.0,Completed
R0002884,SL000057207,O00033336,2025-11-28,34,Changed mind,1,26.61,0.0,Completed
R0002885,SL000057271,O00033371,2023-05-07,7,Incorrect item,1,255.14,0.0,Pending
R0002886,SL000057307,O00033390,2024-01-12,11,Changed mind,1,187.98,0.0,Completed
R0002887,SL000057322,O00033398,2023-03-01,8,Not as described,1,19.06,0.0,Completed
R0002888,SL000057336,O00033403,2025-01-08,10,Not as described,1,49.7,0.0,Completed
R0002889,SL000057356,O00033414,2025-04-11,4,Faulty product,2,317.28,0.0,Pending
R0002890,SL000057416,O00033456,2025-12-25,18,Changed mind,1,8.87,1.57,Completed
R0002891,SL000057418,O00033458,2023-11-19,7,Damaged item,1,11.64,0.0,Pending
R0002892,SL000057419,O00033459,2024-07-13,13,Changed mind,1,126.66,0.0,Completed
R0002893,SL000057428,O00033462,2025-10-31,2,Faulty product,4,44.39,0.0,Completed
R0002894,SL000057457,O00033479,2025-05-27,10,Changed mind,1,34.13,0.0,Completed
R0002895,SL000057473,O00033487,2024-01-25,11,Late delivery,2,56.07,0.0,Completed
R0002896,SL000057482,O00033491,2023-09-20,17,Late delivery,1,284.6,0.0,Completed
R0002897,SL000057485,O00033493,2025-12-15,1,Faulty product,2,50.1,0.0,Completed
R0002898,SL000057488,O00033494,2023-04-20,25,Faulty product,1,267.18,0.0,Completed
R0002899,SL000057502,O00033504,2025-10-16,18,Size or fit issue,3,34.32,0.0,Pending
R0002900,SL000057520,O00033517,2025-03-02,3,Late delivery,1,243.46,0.0,Completed
R0002901,SL000057539,O00033528,2025-05-11,12,Damaged item,1,200.23,0.0,Completed
R0002902,SL000057562,O00033539,2025-03-20,4,Changed mind,1,50.44,8.9,Completed
R0002903,SL000057592,O00033553,2025-07-23,21,Changed mind,1,117.35,0.0,Completed
R0002904,SL000057649,O00033587,2025-01-16,4,Late delivery,3,114.15,0.0,Completed
R0002905,SL000057654,O00033590,2025-06-03,10,Size or fit issue,1,8.82,0.0,Completed
R0002906,SL000057719,O00033627,2026-01-02,12,Faulty product,1,15.53,0.0,Completed
R0002907,SL000057720,O00033628,2024-11-16,12,Faulty product,4,140.0,0.0,Completed
R0002908,SL000057722,O00033628,2024-11-13,9,Size or fit issue,1,208.54,0.0,Completed
R0002909,SL000057729,O00033632,2023-02-07,16,Late delivery,1,49.69,0.0,Completed
R0002910,SL000057742,O00033641,2024-08-12,24,Late delivery,3,12.26,0.0,Completed
R0002911,SL000057762,O00033649,2024-12-11,15,Damaged item,1,143.4,0.0,Completed
R0002912,SL000057765,O00033651,2023-09-17,4,Changed mind,1,37.14,0.0,Completed
R0002913,SL000057774,O00033655,2023-04-26,13,Not as described,1,675.06,0.0,Completed
R0002914,SL000057781,O00033658,2025-09-02,6,Changed mind,1,76.14,0.0,Completed
R0002915,SL000057800,O00033669,2023-10-06,1,Changed mind,2,86.38,0.0,Completed
R0002916,SL000057805,O00033673,2025-02-04,37,Damaged item,1,122.88,0.0,Completed
R0002917,SL000057806,O00033673,2025-01-23,25,Incorrect item,2,160.0,0.0,Completed
R0002918,SL000057819,O00033679,2024-09-30,13,Changed mind,1,8.57,1.51,Completed
R0002919,SL000057852,O00033701,2025-12-13,21,Changed mind,1,39.23,0.0,Completed
R0002920,SL000057859,O00033706,2025-06-18,3,Changed mind,1,12.0,0.0,Pending
R0002921,SL000057863,O00033707,2023-08-15,2,Changed mind,1,30.88,0.0,Completed
R0002922,SL000057869,O00033709,2024-10-09,6,Damaged item,1,252.26,0.0,Completed
R0002923,SL000057873,O00033711,2025-04-10,14,Changed mind,2,68.6,0.0,Completed
R0002924,SL000057896,O00033730,2023-06-13,5,Changed mind,1,103.11,0.0,Completed
R0002925,SL000057898,O00033731,2024-12-22,8,Changed mind,1,8.0,0.0,Completed
R0002926,SL000057913,O00033741,2025-08-28,6,Changed mind,1,15.0,0.0,Completed
R0002927,SL000057918,O00033743,2024-12-07,1,Damaged item,2,104.72,0.0,Completed
R0002928,SL000057968,O00033772,2024-05-17,3,Changed mind,1,14.7,0.0,Completed
R0002929,SL000057969,O00033773,2024-06-26,6,Changed mind,1,41.59,0.0,Pending
R0002930,SL000057976,O00033776,2023-02-01,9,Faulty product,1,36.97,0.0,Completed
R0002931,SL000057982,O00033778,2023-09-25,16,Changed mind,1,50.76,0.0,Completed
R0002932,SL000057994,O00033785,2025-01-11,4,Changed mind,2,33.91,0.0,Completed
R0002933,SL000057995,O00033786,2024-03-27,6,Faulty product,2,68.6,0.0,Completed
R0002934,SL000058052,O00033823,2024-10-01,9,Damaged item,1,67.39,0.0,Completed
R0002935,SL000058075,O00033838,2023-02-21,4,Size or fit issue,1,71.64,0.0,Completed
R0002936,SL000058081,O00033844,2024-12-05,6,Faulty product,1,60.0,0.0,Completed
R0002937,SL000058098,O00033855,2025-11-28,8,Faulty product,2,4.2,0.0,Completed
R0002938,SL000058124,O00033868,2025-05-31,13,Damaged item,2,65.56,0.0,Pending
R0002939,SL000058147,O00033878,2024-08-08,7,Damaged item,2,60.49,0.0,Completed
R0002940,SL000058168,O00033890,2024-12-29,11,Damaged item,2,15.52,0.0,Completed
R0002941,SL000058178,O00033895,2026-01-09,17,Changed mind,1,169.06,0.0,Completed
R0002942,SL000058211,O00033918,2023-11-27,1,Faulty product,4,169.86,0.0,Pending
R0002943,SL000058228,O00033930,2024-10-27,10,Faulty product,1,80.0,0.0,Pending
R0002944,SL000058234,O00033932,2023-12-23,5,Changed mind,1,22.05,3.89,Completed
R0002945,SL000058247,O00033938,2025-06-25,25,Not as described,1,77.6,0.0,Completed
R0002946,SL000058327,O00033979,2023-03-25,7,Size or fit issue,3,36.0,0.0,Completed
R0002947,SL000058337,O00033984,2023-06-22,4,Changed mind,1,64.0,0.0,Completed
R0002948,SL000058394,O00034015,2023-10-05,19,Faulty product,3,141.92,0.0,Completed
R0002949,SL000058423,O00034034,2024-01-16,5,Not as described,1,303.93,0.0,Completed
R0002950,SL000058520,O00034088,2023-12-21,7,Size or fit issue,1,274.36,0.0,Pending
R0002951,SL000058523,O00034091,2023-02-07,25,Faulty product,1,33.25,0.0,Completed
R0002952,SL000058534,O00034096,2023-02-17,6,Changed mind,1,11.44,0.0,Completed
R0002953,SL000058538,O00034099,2024-04-24,4,Not as described,1,240.79,0.0,Completed
R0002954,SL000058580,O00034121,2023-12-22,24,Changed mind,1,239.44,42.25,Completed
R0002955,SL000058597,O00034130,2023-01-22,12,Faulty product,1,35.0,0.0,Completed
R0002956,SL000058606,O00034138,2025-07-05,6,Changed mind,4,58.5,0.0,Completed
R0002957,SL000058610,O00034140,2025-12-15,17,Late delivery,2,73.56,0.0,Completed
R0002958,SL000058627,O00034149,2023-12-25,13,Size or fit issue,1,30.8,0.0,Completed
R0002959,SL000058632,O00034151,2024-01-22,8,Changed mind,3,68.98,0.0,Completed
R0002960,SL000058663,O00034170,2025-12-26,7,Not as described,3,90.14,0.0,Completed
R0002961,SL000058668,O00034173,2023-12-13,33,Changed mind,1,208.11,36.72,Completed
R0002962,SL000058700,O00034189,2025-11-23,4,Damaged item,2,34.13,0.0,Completed
R0002963,SL000058739,O00034212,2024-11-25,6,Incorrect item,1,13.69,0.0,Completed
R0002964,SL000058761,O00034223,2024-01-23,20,Changed mind,1,249.69,0.0,Completed
R0002965,SL000058803,O00034244,2026-01-02,14,Late delivery,1,6.96,0.0,Completed
R0002966,SL000058824,O00034255,2023-12-23,10,Damaged item,1,60.6,0.0,Completed
R0002967,SL000058845,O00034268,2025-02-24,6,Size or fit issue,1,14.7,0.0,Completed
R0002968,SL000058874,O00034281,2025-12-27,12,Incorrect item,1,34.54,0.0,Pending
R0002969,SL000058881,O00034285,2023-06-29,13,Changed mind,3,107.24,0.0,Completed
R0002970,SL000058917,O00034300,2024-04-14,8,Changed mind,1,42.21,0.0,Completed
R0002971,SL000058919,O00034301,2023-03-17,7,Late delivery,1,11.64,0.0,Completed
R0002972,SL000058925,O00034305,2025-12-29,14,Changed mind,3,86.1,0.0,Completed
R0002973,SL000058929,O00034307,2023-12-08,9,Not as described,1,66.48,0.0,Completed
R0002974,SL000058936,O00034311,2023-05-12,4,Faulty product,1,28.17,0.0,Completed
R0002975,SL000059012,O00034359,2024-09-19,17,Changed mind,1,6.8,0.0,Completed
R0002976,SL000059018,O00034364,2024-01-21,21,Changed mind,1,43.96,7.76,Completed
R0002977,SL000059023,O00034367,2023-10-07,7,Changed mind,1,56.39,0.0,Completed
R0002978,SL000059063,O00034396,2024-03-21,21,Damaged item,4,69.08,0.0,Completed
R0002979,SL000059115,O00034431,2023-03-09,23,Incorrect item,2,40.55,0.0,Completed
R0002980,SL000059132,O00034442,2024-06-17,24,Not as described,1,9.18,0.0,Completed
R0002981,SL000059136,O00034446,2025-02-14,1,Changed mind,2,67.9,0.0,Completed
R0002982,SL000059138,O00034447,2023-10-28,19,Changed mind,1,17.7,0.0,Completed
R0002983,SL000059150,O00034453,2024-07-17,15,Not as described,1,107.49,0.0,Completed
R0002984,SL000059152,O00034454,2025-10-05,7,Damaged item,1,24.15,0.0,Completed
R0002985,SL000059153,O00034454,2025-10-09,11,Not as described,1,7.68,0.0,Completed
R0002986,SL000059166,O00034461,2023-01-25,15,Not as described,1,43.32,0.0,Pending
R0002987,SL000059178,O00034466,2023-08-09,14,Late delivery,4,93.52,0.0,Completed
R0002988,SL000059188,O00034470,2024-04-06,19,Damaged item,1,20.53,0.0,Completed
R0002989,SL000059201,O00034478,2023-12-10,5,Size or fit issue,1,13.93,0.0,Completed
R0002990,SL000059213,O00034488,2024-11-29,5,Not as described,1,150.17,0.0,Pending
R0002991,SL000059221,O00034492,2023-04-13,4,Changed mind,1,11.76,0.0,Completed
R0002992,SL000059224,O00034494,2025-12-22,5,Size or fit issue,2,36.41,0.0,Completed
R0002993,SL000059250,O00034507,2025-06-28,2,Not as described,1,11.53,0.0,Completed
R0002994,SL000059274,O00034522,2024-02-10,2,Damaged item,1,120.31,0.0,Pending
R0002995,SL000059279,O00034524,2025-11-25,3,Not as described,1,60.17,0.0,Completed
R0002996,SL000059309,O00034539,2023-05-02,10,Faulty product,1,27.49,0.0,Completed
R0002997,SL000059334,O00034553,2023-07-31,4,Damaged item,2,70.0,0.0,Completed
R0002998,SL000059355,O00034564,2025-11-14,8,Faulty product,4,138.6,0.0,Completed
R0002999,SL000059371,O00034573,2024-10-29,20,Faulty product,1,17.7,0.0,Completed
R0003000,SL000059377,O00034576,2024-10-06,8,Changed mind,1,187.98,0.0,Completed
R0003001,SL000059401,O00034591,2023-01-19,12,Changed mind,1,327.28,57.76,Pending
R0003002,SL000059407,O00034594,2025-04-04,14,Late delivery,1,7.84,0.0,Completed
R0003003,SL000059417,O00034600,2025-08-26,7,Damaged item,1,131.77,0.0,Completed
R0003004,SL000059439,O00034612,2023-09-05,5,Changed mind,1,235.87,0.0,Completed
R0003005,SL000059447,O00034619,2024-12-08,3,Damaged item,1,15.2,0.0,Completed
R0003006,SL000059459,O00034626,2025-11-01,10,Size or fit issue,1,339.78,0.0,Completed
R0003007,SL000059544,O00034672,2025-08-29,9,Changed mind,2,279.64,0.0,Completed
R0003008,SL000059551,O00034676,2023-06-30,11,Damaged item,1,57.08,0.0,Completed
R0003009,SL000059571,O00034690,2025-12-17,19,Late delivery,1,126.73,0.0,Completed
R0003010,SL000059598,O00034705,2025-07-04,6,Changed mind,3,34.65,0.0,Completed
R0003011,SL000059600,O00034706,2024-10-27,29,Changed mind,1,12.78,0.0,Completed
R0003012,SL000059651,O00034733,2025-08-09,23,Changed mind,1,29.45,5.2,Completed
R0003013,SL000059673,O00034749,2023-02-04,1,Faulty product,1,271.24,0.0,Pending
R0003014,SL000059677,O00034751,2024-08-11,33,Changed mind,1,11.4,0.0,Completed
R0003015,SL000059697,O00034762,2025-01-20,1,Damaged item,1,204.35,0.0,Completed
R0003016,SL000059711,O00034770,2023-10-13,8,Changed mind,1,142.3,0.0,Completed
R0003017,SL000059762,O00034799,2025-05-13,7,Damaged item,1,4.39,0.0,Completed
R0003018,SL000059777,O00034807,2023-07-01,8,Damaged item,1,65.6,0.0,Completed
R0003019,SL000059797,O00034817,2025-01-06,20,Incorrect item,1,11.64,0.0,Completed
R0003020,SL000059817,O00034830,2024-06-21,31,Damaged item,1,80.0,0.0,Completed
R0003021,SL000059819,O00034831,2024-06-05,11,Late delivery,1,27.88,0.0,Completed
R0003022,SL000059880,O00034867,2023-04-22,2,Faulty product,2,8.34,0.0,Completed
R0003023,SL000059905,O00034882,2025-12-18,4,Faulty product,2,22.05,0.0,Completed
R0003024,SL000059923,O00034894,2025-10-05,5,Changed mind,2,34.07,6.01,Completed
R0003025,SL000059924,O00034895,2024-02-28,27,Not as described,1,213.83,0.0,Completed
R0003026,SL000059927,O00034896,2025-11-18,6,Faulty product,4,54.45,0.0,Completed
R0003027,SL000059929,O00034897,2025-07-14,9,Size or fit issue,2,6.7,0.0,Completed
R0003028,SL000059945,O00034907,2024-10-05,15,Faulty product,4,47.52,0.0,Completed
R0003029,SL000059964,O00034917,2023-05-14,14,Size or fit issue,1,61.36,0.0,Completed
R0003030,SL000060007,O00034942,2024-11-17,5,Damaged item,1,119.15,0.0,Completed
R0003031,SL000060023,O00034951,2025-10-08,18,Changed mind,1,15.0,0.0,Completed
R0003032,SL000060030,O00034953,2024-10-11,4,Faulty product,2,43.82,0.0,Completed
R0003033,SL000060057,O00034967,2025-07-26,16,Size or fit issue,2,37.35,0.0,Completed
R0003034,SL000060061,O00034968,2024-11-24,8,Damaged item,1,5.65,0.0,Completed
R0003035,SL000060062,O00034968,2024-11-24,8,Not as described,1,29.19,0.0,Completed
R0003036,SL000060068,O00034972,2024-02-01,16,Faulty product,3,115.59,0.0,Completed
R0003037,SL000060070,O00034974,2023-05-27,19,Not as described,1,238.33,0.0,Completed
R0003038,SL000060098,O00034991,2025-12-03,2,Incorrect item,1,20.74,0.0,Completed
R0003039,SL000060136,O00035009,2023-09-21,8,Damaged item,1,12.66,0.0,Completed
R0003040,SL000060149,O00035019,2024-05-21,9,Late delivery,1,29.94,0.0,Completed
R0003041,SL000060165,O00035026,2024-03-03,11,Not as described,1,4.25,0.0,Completed
R0003042,SL000060192,O00035039,2025-07-01,39,Damaged item,3,108.9,0.0,Completed
R0003043,SL000060235,O00035066,2025-02-09,5,Changed mind,1,30.45,0.0,Completed
R0003044,SL000060241,O00035072,2025-12-17,11,Changed mind,1,9.9,0.0,Completed
R0003045,SL000060266,O00035089,2025-02-25,10,Faulty product,1,11.28,0.0,Completed
R0003046,SL000060270,O00035092,2023-11-03,10,Incorrect item,1,6.88,0.0,Completed
R0003047,SL000060289,O00035105,2025-10-03,7,Faulty product,1,46.7,0.0,Completed
R0003048,SL000060290,O00035106,2025-08-17,34,Incorrect item,1,240.79,0.0,Completed
R0003049,SL000060296,O00035107,2024-01-23,5,Changed mind,1,42.21,0.0,Completed
R0003050,SL000060298,O00035108,2024-07-20,6,Faulty product,1,118.84,0.0,Completed
R0003051,SL000060300,O00035109,2024-03-19,15,Faulty product,4,27.83,0.0,Completed
R0003052,SL000060309,O00035114,2024-12-12,10,Damaged item,1,63.49,0.0,Completed
R0003053,SL000060311,O00035115,2025-11-04,13,Damaged item,1,34.65,0.0,Completed
R0003054,SL000060317,O00035118,2025-05-25,8,Faulty product,1,29.43,0.0,Completed
R0003055,SL000060348,O00035133,2023-07-02,11,Faulty product,1,42.04,0.0,Completed
R0003056,SL000060362,O00035142,2023-05-19,13,Changed mind,1,44.52,0.0,Completed
R0003057,SL000060364,O00035143,2023-04-13,6,Changed mind,1,186.59,32.93,Completed
R0003058,SL000060388,O00035155,2025-09-04,16,Changed mind,1,71.46,0.0,Completed
R0003059,SL000060390,O00035157,2025-12-03,15,Changed mind,1,209.1,0.0,Pending
R0003060,SL000060394,O00035161,2024-11-25,4,Faulty product,1,124.12,0.0,Completed
R0003061,SL000060413,O00035172,2023-05-18,33,Faulty product,4,50.17,0.0,Completed
R0003062,SL000060419,O00035176,2024-01-27,12,Incorrect item,2,52.59,0.0,Pending
R0003063,SL000060449,O00035193,2025-01-05,10,Changed mind,4,60.69,10.71,Completed
R0003064,SL000060468,O00035204,2024-08-26,8,Changed mind,1,32.94,5.81,Completed
R0003065,SL000060533,O00035235,2023-10-06,5,Damaged item,1,11.04,0.0,Completed
R0003066,SL000060580,O00035262,2023-08-04,38,Faulty product,1,11.43,0.0,Completed
R0003067,SL000060601,O00035272,2023-04-02,21,Not as described,2,68.65,0.0,Completed
R0003068,SL000060720,O00035336,2024-02-02,24,Faulty product,1,17.67,0.0,Completed
R0003069,SL000060726,O00035341,2023-12-03,9,Changed mind,1,101.01,17.83,Completed
R0003070,SL000060738,O00035348,2024-08-03,15,Not as described,1,32.55,0.0,Completed
R0003071,SL000060746,O00035351,2025-10-09,3,Faulty product,1,72.38,0.0,Completed
R0003072,SL000060763,O00035363,2024-10-03,16,Changed mind,1,46.72,8.25,Completed
R0003073,SL000060768,O00035368,2024-08-22,25,Faulty product,3,141.51,0.0,Completed
R0003074,SL000060775,O00035374,2025-01-07,2,Changed mind,1,234.89,0.0,Completed
R0003075,SL000060783,O00035378,2024-11-14,4,Faulty product,1,51.1,0.0,Completed
R0003076,SL000060818,O00035399,2023-09-07,37,Late delivery,4,164.62,0.0,Completed
R0003077,SL000060842,O00035409,2023-05-12,9,Not as described,1,8.0,0.0,Completed
R0003078,SL000060875,O00035424,2024-12-15,15,Not as described,1,7.76,0.0,Completed
R0003079,SL000060891,O00035436,2024-11-16,7,Faulty product,1,54.74,0.0,Completed
R0003080,SL000060937,O00035469,2024-09-23,6,Faulty product,3,84.96,0.0,Completed
R0003081,SL000060940,O00035471,2024-09-29,13,Changed mind,1,20.58,0.0,Completed
R0003082,SL000060962,O00035486,2025-07-05,11,Late delivery,1,9.24,0.0,Completed
R0003083,SL000061051,O00035528,2023-12-29,5,Faulty product,1,156.37,0.0,Completed
R0003084,SL000061083,O00035546,2025-04-12,4,Size or fit issue,3,106.56,0.0,Completed
R0003085,SL000061116,O00035566,2024-01-08,1,Incorrect item,1,68.33,0.0,Completed
R0003086,SL000061157,O00035588,2024-02-17,8,Incorrect item,2,70.33,0.0,Completed
R0003087,SL000061219,O00035625,2023-08-17,10,Faulty product,1,57.54,0.0,Completed
R0003088,SL000061246,O00035645,2023-10-21,10,Changed mind,1,320.25,0.0,Completed
R0003089,SL000061261,O00035653,2025-09-05,3,Changed mind,1,150.2,26.51,Completed
R0003090,SL000061291,O00035672,2025-10-18,6,Changed mind,2,341.33,0.0,Completed
R0003091,SL000061308,O00035681,2024-11-26,4,Size or fit issue,1,37.02,0.0,Completed
R0003092,SL000061341,O00035702,2025-02-23,5,Changed mind,2,53.81,0.0,Completed
R0003093,SL000061369,O00035720,2024-08-19,15,Changed mind,1,34.65,0.0,Completed
R0003094,SL000061398,O00035734,2025-09-03,21,Size or fit issue,4,48.0,0.0,Completed
R0003095,SL000061400,O00035735,2024-04-19,3,Damaged item,2,243.28,0.0,Pending
R0003096,SL000061452,O00035760,2025-06-30,29,Faulty product,1,156.37,0.0,Completed
R0003097,SL000061469,O00035766,2023-08-14,5,Faulty product,1,22.14,0.0,Completed
R0003098,SL000061470,O00035766,2023-08-18,9,Changed mind,2,184.59,32.58,Completed
R0003099,SL000061486,O00035776,2024-11-27,9,Damaged item,2,27.66,0.0,Completed
R0003100,SL000061490,O00035778,2025-06-05,6,Incorrect item,1,31.19,0.0,Completed
R0003101,SL000061499,O00035784,2023-04-05,12,Late delivery,1,196.23,0.0,Completed
R0003102,SL000061546,O00035814,2024-10-09,4,Changed mind,2,15.52,0.0,Completed
R0003103,SL000061559,O00035824,2024-04-13,4,Late delivery,4,64.02,0.0,Completed
R0003104,SL000061568,O00035828,2024-02-04,11,Not as described,1,58.47,0.0,Completed
R0003105,SL000061581,O00035836,2023-11-23,16,Changed mind,1,35.0,0.0,Completed
R0003106,SL000061587,O00035839,2023-10-28,25,Not as described,1,33.95,0.0,Completed
R0003107,SL000061611,O00035853,2024-01-06,11,Damaged item,4,87.49,0.0,Completed
R0003108,SL000061621,O00035858,2023-05-14,14,Incorrect item,2,217.17,0.0,Pending
R0003109,SL000061631,O00035866,2024-01-07,8,Changed mind,1,86.97,0.0,Completed
R0003110,SL000061655,O00035879,2023-05-08,13,Changed mind,1,284.27,50.16,Completed
R0003111,SL000061689,O00035899,2024-11-13,5,Damaged item,1,32.55,0.0,Completed
R0003112,SL000061702,O00035907,2024-05-30,9,Changed mind,1,6.81,0.0,Completed
R0003113,SL000061719,O00035916,2024-03-16,7,Changed mind,1,279.63,0.0,Completed
R0003114,SL000061735,O00035925,2023-04-15,6,Changed mind,1,238.59,0.0,Completed
R0003115,SL000061748,O00035931,2025-08-27,7,Not as described,1,206.41,0.0,Completed
R0003116,SL000061793,O00035956,2023-12-12,15,Damaged item,4,53.55,0.0,Completed
R0003117,SL000061822,O00035970,2023-03-12,18,Damaged item,1,128.7,0.0,Completed
R0003118,SL000061840,O00035982,2023-02-25,14,Faulty product,1,68.86,0.0,Completed
R0003119,SL000061866,O00035992,2023-06-20,9,Faulty product,1,10.87,0.0,Completed
R0003120,SL000061885,O00036001,2024-01-27,6,Incorrect item,1,95.03,0.0,Completed
R0003121,SL000061908,O00036011,2023-03-22,4,Faulty product,1,20.57,0.0,Completed
R0003122,SL000061913,O00036013,2025-01-27,21,Damaged item,1,108.24,0.0,Completed
R0003123,SL000061942,O00036029,2025-05-25,6,Not as described,1,178.49,0.0,Completed
R0003124,SL000061945,O00036030,2024-12-04,28,Damaged item,1,34.65,0.0,Completed
R0003125,SL000061954,O00036033,2025-09-01,13,Late delivery,1,14.55,0.0,Completed
R0003126,SL000061955,O00036034,2025-08-02,17,Incorrect item,1,407.28,0.0,Completed
R0003127,SL000061958,O00036036,2023-12-27,5,Faulty product,1,26.22,0.0,Completed
R0003128,SL000061959,O00036036,2023-12-29,7,Not as described,1,157.07,0.0,Pending
R0003129,SL000061987,O00036053,2024-07-25,4,Changed mind,3,71.74,0.0,Completed
R0003130,SL000061988,O00036054,2024-09-25,14,Not as described,1,91.03,0.0,Completed
R0003131,SL000061993,O00036056,2023-07-16,8,Late delivery,3,99.35,0.0,Completed
R0003132,SL000062006,O00036066,2023-12-17,14,Changed mind,1,121.64,0.0,Completed
R0003133,SL000062010,O00036069,2024-11-09,13,Faulty product,1,62.64,0.0,Completed
R0003134,SL000062044,O00036092,2025-11-20,15,Faulty product,1,180.96,0.0,Completed
R0003135,SL000062058,O00036101,2024-09-21,15,Not as described,1,342.12,0.0,Completed
R0003136,SL000062159,O00036158,2023-01-26,7,Size or fit issue,1,212.93,0.0,Completed
R0003137,SL000062187,O00036174,2025-08-30,4,Damaged item,1,24.15,0.0,Completed
R0003138,SL000062249,O00036211,2023-09-27,20,Late delivery,1,6.88,0.0,Completed
R0003139,SL000062285,O00036238,2025-01-20,2,Faulty product,2,80.82,0.0,Completed
R0003140,SL000062296,O00036245,2025-01-18,20,Faulty product,1,238.97,0.0,Completed
R0003141,SL000062300,O00036247,2025-10-29,10,Damaged item,1,29.93,0.0,Completed
R0003142,SL000062323,O00036260,2023-12-24,8,Incorrect item,1,62.51,0.0,Completed
R0003143,SL000062346,O00036274,2026-01-02,3,Faulty product,1,2.94,0.0,Completed
R0003144,SL000062347,O00036274,2026-01-08,9,Size or fit issue,1,184.1,0.0,Completed
R0003145,SL000062359,O00036282,2024-01-15,4,Changed mind,1,3.61,0.64,Completed
R0003146,SL000062364,O00036284,2026-01-01,8,Not as described,1,17.15,0.0,Completed
R0003147,SL000062408,O00036309,2025-02-18,7,Changed mind,2,300.72,0.0,Completed
R0003148,SL000062431,O00036326,2024-12-19,11,Faulty product,2,34.99,0.0,Completed
R0003149,SL000062488,O00036360,2023-12-30,17,Changed mind,1,209.42,0.0,Completed
R0003150,SL000062491,O00036362,2025-12-06,8,Incorrect item,3,69.93,0.0,Completed
R0003151,SL000062497,O00036364,2025-02-04,15,Incorrect item,1,232.65,0.0,Completed
R0003152,SL000062513,O00036372,2025-06-20,5,Incorrect item,1,27.3,0.0,Completed
R0003153,SL000062570,O00036411,2023-02-14,7,Faulty product,1,153.24,0.0,Completed
R0003154,SL000062573,O00036413,2024-03-27,1,Size or fit issue,1,39.66,0.0,Completed
R0003155,SL000062599,O00036426,2024-07-27,5,Incorrect item,1,275.29,0.0,Completed
R0003156,SL000062616,O00036438,2024-09-26,2,Size or fit issue,1,339.78,0.0,Completed
R0003157,SL000062617,O00036439,2025-09-27,1,Not as described,1,186.21,0.0,Completed
R0003158,SL000062622,O00036441,2025-12-26,13,Not as described,3,75.15,0.0,Completed
R0003159,SL000062634,O00036447,2025-09-22,1,Changed mind,1,131.59,23.22,Completed
R0003160,SL000062644,O00036450,2024-06-11,14,Not as described,1,57.25,0.0,Pending
R0003161,SL000062665,O00036464,2024-05-25,9,Changed mind,1,10.86,1.92,Completed
R0003162,SL000062668,O00036465,2025-05-25,7,Changed mind,1,43.88,7.74,Completed
R0003163,SL000062685,O00036476,2025-01-08,2,Incorrect item,1,167.19,0.0,Completed
R0003164,SL000062721,O00036503,2025-06-19,11,Size or fit issue,1,35.77,0.0,Completed
R0003165,SL000062722,O00036504,2024-11-29,7,Not as described,1,53.33,0.0,Completed
R0003166,SL000062769,O00036530,2024-10-31,10,Incorrect item,1,55.81,0.0,Completed
R0003167,SL000062781,O00036536,2025-12-25,22,Not as described,1,200.23,0.0,Pending
R0003168,SL000062792,O00036545,2024-01-18,24,Size or fit issue,2,222.96,0.0,Completed
R0003169,SL000062812,O00036558,2025-03-08,38,Faulty product,1,295.61,0.0,Completed
R0003170,SL000062847,O00036576,2023-11-25,7,Changed mind,3,98.7,0.0,Completed
R0003171,SL000062854,O00036579,2024-09-07,17,Late delivery,3,103.95,0.0,Completed
R0003172,SL000062877,O00036596,2024-12-17,2,Late delivery,4,50.93,0.0,Completed
R0003173,SL000062881,O00036597,2024-12-11,15,Faulty product,4,84.96,0.0,Completed
R0003174,SL000062889,O00036601,2023-05-31,23,Faulty product,1,35.0,0.0,Completed
R0003175,SL000062906,O00036613,2024-11-20,2,Faulty product,1,9.0,0.0,Completed
R0003176,SL000062910,O00036616,2023-06-20,6,Faulty product,1,89.4,0.0,Completed
R0003177,SL000062936,O00036636,2023-03-20,4,Changed mind,1,374.07,0.0,Completed
R0003178,SL000062947,O00036643,2025-03-24,27,Incorrect item,3,49.5,0.0,Completed
R0003179,SL000062971,O00036658,2025-09-18,21,Faulty product,1,85.84,0.0,Completed
R0003180,SL000062984,O00036667,2023-12-13,8,Changed mind,1,183.79,32.43,Completed
R0003181,SL000062997,O00036672,2024-04-15,4,Faulty product,1,37.55,0.0,Completed
R0003182,SL000063012,O00036681,2025-05-23,33,Size or fit issue,3,24.68,0.0,Completed
R0003183,SL000063019,O00036684,2023-07-18,4,Late delivery,1,53.32,0.0,Completed
R0003184,SL000063025,O00036688,2023-12-19,7,Late delivery,1,37.06,0.0,Completed
R0003185,SL000063033,O00036691,2025-08-13,31,Changed mind,1,333.08,0.0,Pending
R0003186,SL000063039,O00036693,2025-04-18,14,Changed mind,1,96.0,0.0,Completed
R0003187,SL000063117,O00036738,2025-07-26,3,Faulty product,1,47.17,0.0,Completed
R0003188,SL000063131,O00036745,2025-12-11,5,Size or fit issue,1,4.3,0.0,Completed
R0003189,SL000063134,O00036745,2025-12-11,5,Incorrect item,1,18.26,0.0,Completed
R0003190,SL000063163,O00036759,2024-06-13,1,Changed mind,2,294.33,51.94,Pending
R0003191,SL000063184,O00036775,2025-07-04,11,Damaged item,1,194.1,0.0,Completed
R0003192,SL000063188,O00036779,2023-09-28,2,Changed mind,1,325.41,57.43,Completed
R0003193,SL000063200,O00036787,2025-05-14,7,Changed mind,4,104.6,18.46,Pending
R0003194,SL000063242,O00036808,2025-12-19,12,Faulty product,1,29.4,0.0,Completed
R0003195,SL000063294,O00036841,2023-04-11,11,Changed mind,1,96.0,0.0,Completed
R0003196,SL000063309,O00036850,2023-12-11,25,Faulty product,1,7.92,0.0,Completed
R0003197,SL000063311,O00036850,2023-11-26,10,Late delivery,1,148.29,0.0,Completed
R0003198,SL000063312,O00036851,2023-02-24,17,Not as described,1,69.74,0.0,Completed
R0003199,SL000063323,O00036855,2024-09-05,33,Size or fit issue,1,18.22,0.0,Completed
R0003200,SL000063377,O00036887,2024-05-08,27,Changed mind,1,7.76,0.0,Completed
R0003201,SL000063383,O00036893,2023-12-26,13,Size or fit issue,2,24.18,0.0,Completed
R0003202,SL000063387,O00036894,2024-11-09,8,Not as described,1,176.71,0.0,Completed
R0003203,SL000063398,O00036900,2023-08-07,33,Changed mind,4,39.58,6.98,Completed
R0003204,SL000063447,O00036928,2024-09-22,7,Faulty product,1,24.84,0.0,Completed
R0003205,SL000063456,O00036930,2025-04-08,10,Changed mind,2,53.85,0.0,Completed
R0003206,SL000063494,O00036955,2024-06-03,7,Faulty product,1,76.83,0.0,Completed
R0003207,SL000063503,O00036961,2023-12-28,7,Changed mind,1,61.26,0.0,Completed
R0003208,SL000063506,O00036962,2024-12-28,5,Not as described,1,117.93,0.0,Completed
R0003209,SL000063510,O00036963,2024-12-30,6,Damaged item,1,80.0,0.0,Completed
R0003210,SL000063518,O00036969,2025-03-13,14,Damaged item,2,49.24,0.0,Completed
R0003211,SL000063530,O00036974,2023-02-12,11,Size or fit issue,4,60.0,0.0,Completed
R0003212,SL000063535,O00036978,2024-03-02,20,Damaged item,1,90.12,0.0,Completed
R0003213,SL000063604,O00037018,2023-10-02,7,Changed mind,1,131.98,0.0,Completed
R0003214,SL000063616,O00037027,2023-11-03,11,Changed mind,1,58.66,0.0,Completed
R0003215,SL000063668,O00037055,2023-01-30,6,Late delivery,1,146.53,0.0,Completed
R0003216,SL000063700,O00037078,2024-12-20,10,Changed mind,1,17.4,3.07,Completed
R0003217,SL000063721,O00037091,2023-11-27,7,Faulty product,1,60.9,0.0,Completed
R0003218,SL000063722,O00037092,2023-08-19,2,Changed mind,1,5.23,0.0,Completed
R0003219,SL000063758,O00037112,2025-01-21,2,Changed mind,1,69.35,12.24,Completed
R0003220,SL000063763,O00037116,2023-05-18,6,Faulty product,1,137.18,0.0,Completed
R0003221,SL000063798,O00037139,2025-06-23,6,Incorrect item,1,15.0,0.0,Completed
R0003222,SL000063799,O00037140,2025-02-21,27,Changed mind,3,110.26,19.46,Completed
R0003223,SL000063833,O00037160,2023-11-21,17,Changed mind,1,30.69,5.42,Completed
R0003224,SL000063841,O00037164,2023-11-30,6,Size or fit issue,1,15.01,0.0,Pending
R0003225,SL000063881,O00037192,2025-09-06,11,Damaged item,1,85.88,0.0,Completed
R0003226,SL000063941,O00037229,2025-02-01,28,Late delivery,1,109.07,0.0,Completed
R0003227,SL000063958,O00037239,2025-12-18,15,Late delivery,2,28.5,0.0,Completed
R0003228,SL000063959,O00037239,2025-12-19,16,Not as described,1,129.39,0.0,Completed
R0003229,SL000063963,O00037242,2023-12-26,7,Faulty product,1,30.8,0.0,Completed
R0003230,SL000063981,O00037252,2024-12-18,6,Faulty product,1,68.11,0.0,Completed
R0003231,SL000063993,O00037261,2023-03-27,4,Changed mind,2,176.95,0.0,Completed
R0003232,SL000064028,O00037283,2023-03-10,3,Incorrect item,1,394.54,0.0,Completed
R0003233,SL000064057,O00037299,2023-07-16,24,Changed mind,1,18.45,0.0,Completed
R0003234,SL000064063,O00037303,2023-05-25,10,Size or fit issue,1,69.53,0.0,Completed
R0003235,SL000064112,O00037334,2024-12-07,10,Not as described,1,72.73,0.0,Completed
R0003236,SL000064134,O00037344,2024-10-11,5,Not as described,4,31.68,0.0,Completed
R0003237,SL000064167,O00037365,2025-08-12,7,Damaged item,1,73.11,0.0,Completed
R0003238,SL000064178,O00037373,2024-02-10,1,Not as described,1,17.85,0.0,Completed
R0003239,SL000064188,O00037381,2026-01-09,11,Damaged item,1,30.25,0.0,Completed
R0003240,SL000064221,O00037401,2023-12-03,27,Not as described,1,45.25,0.0,Completed
R0003241,SL000064230,O00037405,2024-09-09,7,Not as described,4,188.68,0.0,Completed
R0003242,SL000064296,O00037447,2024-08-23,24,Faulty product,1,17.31,0.0,Completed
R0003243,SL000064297,O00037447,2024-08-05,6,Faulty product,1,212.93,0.0,Pending
R0003244,SL000064298,O00037448,2025-04-28,35,Changed mind,1,209.55,0.0,Completed
R0003245,SL000064313,O00037459,2026-01-02,22,Incorrect item,1,193.79,0.0,Completed
R0003246,SL000064322,O00037463,2024-10-20,13,Changed mind,1,11.52,0.0,Completed
R0003247,SL000064431,O00037533,2024-04-14,11,Damaged item,1,11.76,0.0,Completed
R0003248,SL000064460,O00037549,2023-04-13,9,Changed mind,1,134.17,0.0,Completed
R0003249,SL000064473,O00037558,2024-12-21,32,Faulty product,1,93.09,0.0,Completed
R0003250,SL000064474,O00037559,2023-08-30,14,Changed mind,2,83.65,14.76,Completed
R0003251,SL000064475,O00037560,2024-07-30,11,Faulty product,1,87.63,0.0,Completed
R0003252,SL000064484,O00037564,2024-10-08,11,Damaged item,1,91.24,0.0,Completed
R0003253,SL000064488,O00037567,2024-12-13,2,Size or fit issue,3,89.73,0.0,Completed
R0003254,SL000064565,O00037613,2023-04-20,8,Faulty product,1,272.99,0.0,Completed
R0003255,SL000064569,O00037614,2025-06-17,11,Changed mind,1,112.72,0.0,Completed
R0003256,SL000064599,O00037634,2023-07-25,15,Incorrect item,4,16.99,0.0,Completed
R0003257,SL000064601,O00037635,2024-07-01,12,Faulty product,1,9.48,0.0,Completed
R0003258,SL000064607,O00037639,2025-02-20,6,Late delivery,2,303.36,0.0,Completed
R0003259,SL000064615,O00037645,2025-04-03,13,Changed mind,3,52.01,0.0,Completed
R0003260,SL000064644,O00037662,2023-05-07,23,Faulty product,1,77.6,0.0,Completed
R0003261,SL000064646,O00037664,2026-01-18,18,Size or fit issue,2,72.23,0.0,Completed
R0003262,SL000064658,O00037672,2026-01-01,8,Late delivery,3,20.88,0.0,Completed
R0003263,SL000064673,O00037682,2025-10-12,12,Changed mind,4,64.15,0.0,Completed
R0003264,SL000064683,O00037687,2025-04-13,3,Not as described,1,571.71,0.0,Completed
R0003265,SL000064688,O00037691,2024-12-21,8,Incorrect item,4,133.0,0.0,Completed
R0003266,SL000064692,O00037693,2024-06-29,19,Faulty product,1,121.53,0.0,Completed
R0003267,SL000064694,O00037695,2024-04-06,3,Late delivery,1,333.08,0.0,Completed
R0003268,SL000064755,O00037733,2025-01-21,6,Changed mind,2,44.74,0.0,Completed
R0003269,SL000064757,O00037734,2023-08-14,15,Incorrect item,1,17.93,0.0,Completed
R0003270,SL000064780,O00037750,2025-04-06,6,Incorrect item,1,51.27,0.0,Completed
R0003271,SL000064791,O00037757,2024-02-01,2,Damaged item,4,223.46,0.0,Completed
R0003272,SL000064832,O00037778,2025-01-01,21,Damaged item,1,211.3,0.0,Completed
R0003273,SL000064850,O00037788,2023-05-02,5,Not as described,1,16.0,0.0,Completed
R0003274,SL000064860,O00037794,2025-03-19,18,Not as described,1,23.26,0.0,Completed
R0003275,SL000064868,O00037800,2023-10-22,38,Damaged item,1,7.92,0.0,Completed
R0003276,SL000064871,O00037802,2025-09-16,15,Faulty product,1,35.0,0.0,Completed
R0003277,SL000064886,O00037808,2023-07-16,6,Changed mind,1,186.34,32.88,Completed
R0003278,SL000064900,O00037816,2025-10-20,9,Damaged item,1,17.42,0.0,Completed
R0003279,SL000064943,O00037843,2025-02-26,28,Damaged item,2,178.44,0.0,Completed
R0003280,SL000064952,O00037850,2025-08-06,10,Not as described,3,35.64,0.0,Pending
R0003281,SL000064958,O00037853,2025-06-16,20,Damaged item,1,63.88,0.0,Completed
R0003282,SL000064983,O00037868,2023-12-17,9,Changed mind,2,20.88,0.0,Completed
R0003283,SL000064985,O00037869,2024-03-30,8,Faulty product,1,35.0,0.0,Completed
R0003284,SL000064997,O00037876,2023-05-17,3,Changed mind,1,99.68,0.0,Completed
R0003285,SL000065012,O00037884,2024-01-22,30,Late delivery,4,97.01,0.0,Completed
R0003286,SL000065046,O00037908,2024-07-27,15,Not as described,1,7.84,0.0,Completed
R0003287,SL000065066,O00037923,2023-12-27,6,Size or fit issue,1,40.88,0.0,Completed
R0003288,SL000065075,O00037929,2023-12-09,6,Late delivery,2,47.71,0.0,Completed
R0003289,SL000065077,O00037929,2023-12-09,6,Not as described,3,89.25,0.0,Completed
R0003290,SL000065098,O00037941,2024-07-14,5,Changed mind,1,35.0,0.0,Completed
R0003291,SL000065099,O00037941,2024-08-02,24,Size or fit issue,1,88.74,0.0,Completed
R0003292,SL000065120,O00037953,2023-07-03,19,Faulty product,1,117.35,0.0,Completed
R0003293,SL000065127,O00037957,2025-12-15,6,Faulty product,2,193.94,0.0,Completed
R0003294,SL000065132,O00037960,2024-01-11,6,Incorrect item,1,192.29,0.0,Completed
R0003295,SL000065158,O00037973,2023-10-18,9,Changed mind,2,184.32,0.0,Completed
R0003296,SL000065188,O00037991,2024-04-14,7,Faulty product,3,25.88,0.0,Pending
R0003297,SL000065195,O00037995,2024-07-22,4,Size or fit issue,2,43.22,0.0,Completed
R0003298,SL000065199,O00037998,2025-08-26,14,Size or fit issue,2,34.25,0.0,Completed
R0003299,SL000065216,O00038006,2025-02-07,9,Size or fit issue,2,5.66,0.0,Completed
R0003300,SL000065235,O00038015,2024-10-09,9,Changed mind,1,14.26,0.0,Completed
R0003301,SL000065236,O00038015,2024-10-22,22,Faulty product,1,374.81,0.0,Completed
R0003302,SL000065238,O00038015,2024-10-06,6,Incorrect item,1,28.13,0.0,Completed
R0003303,SL000065251,O00038024,2025-12-03,11,Faulty product,1,42.83,0.0,Completed
R0003304,SL000065272,O00038035,2024-07-24,10,Size or fit issue,1,164.21,0.0,Completed
R0003305,SL000065296,O00038052,2025-11-19,6,Faulty product,1,7.92,0.0,Completed
R0003306,SL000065302,O00038055,2025-06-21,3,Changed mind,1,46.66,8.23,Completed
R0003307,SL000065311,O00038062,2026-01-23,33,Not as described,2,20.64,0.0,Completed
R0003308,SL000065329,O00038073,2024-03-03,18,Changed mind,1,27.65,0.0,Completed
R0003309,SL000065335,O00038075,2024-09-20,11,Faulty product,3,107.31,0.0,Completed
R0003310,SL000065339,O00038077,2023-04-19,9,Changed mind,1,34.65,0.0,Completed
R0003311,SL000065340,O00038077,2023-04-13,3,Incorrect item,1,76.8,0.0,Completed
R0003312,SL000065360,O00038089,2024-11-18,15,Not as described,1,11.88,0.0,Completed
R0003313,SL000065367,O00038093,2023-07-31,3,Faulty product,1,4.13,0.0,Completed
R0003314,SL000065387,O00038102,2025-03-29,8,Damaged item,1,5.27,0.0,Completed
R0003315,SL000065468,O00038145,2024-10-02,38,Changed mind,1,28.84,0.0,Completed
R0003316,SL000065472,O00038147,2025-01-14,15,Incorrect item,1,35.05,0.0,Completed
R0003317,SL000065488,O00038160,2023-07-20,13,Incorrect item,1,89.21,0.0,Completed
R0003318,SL000065506,O00038166,2025-06-15,8,Changed mind,4,147.87,0.0,Completed
R0003319,SL000065527,O00038175,2026-01-09,13,Incorrect item,1,11.28,0.0,Completed
R0003320,SL000065575,O00038205,2025-01-17,10,Faulty product,1,33.43,0.0,Completed
R0003321,SL000065586,O00038212,2023-06-23,6,Faulty product,1,14.33,0.0,Completed
R0003322,SL000065637,O00038238,2025-10-12,3,Changed mind,1,63.24,0.0,Completed
R0003323,SL000065656,O00038248,2025-12-27,9,Damaged item,1,58.76,0.0,Completed
R0003324,SL000065678,O00038262,2025-11-19,6,Incorrect item,1,98.68,0.0,Completed
R0003325,SL000065734,O00038297,2025-11-21,4,Not as described,1,241.24,0.0,Completed
R0003326,SL000065745,O00038304,2024-11-30,12,Size or fit issue,1,94.62,0.0,Completed
R0003327,SL000065784,O00038328,2024-11-14,16,Late delivery,2,35.7,0.0,Completed
R0003328,SL000065823,O00038350,2024-07-24,11,Faulty product,1,6.67,0.0,Completed
R0003329,SL000065862,O00038373,2024-10-04,7,Size or fit issue,2,36.88,0.0,Pending
R0003330,SL000065881,O00038382,2023-06-23,3,Changed mind,1,6.58,0.0,Completed
R0003331,SL000065926,O00038411,2023-07-08,24,Changed mind,1,121.23,0.0,Completed
R0003332,SL000065953,O00038424,2025-05-13,19,Late delivery,4,196.81,0.0,Completed
R0003333,SL000065969,O00038434,2024-10-08,28,Faulty product,1,10.2,0.0,Completed
R0003334,SL000066007,O00038456,2024-07-28,13,Not as described,1,83.89,0.0,Completed
R0003335,SL000066044,O00038473,2025-05-17,6,Late delivery,3,24.36,0.0,Completed
R0003336,SL000066060,O00038483,2024-06-24,1,Not as described,1,155.73,0.0,Completed
R0003337,SL000066061,O00038483,2024-06-25,2,Faulty product,1,94.82,0.0,Completed
R0003338,SL000066063,O00038484,2025-01-20,9,Changed mind,1,51.95,0.0,Completed
R0003339,SL000066092,O00038499,2025-11-18,10,Changed mind,2,18.97,3.35,Completed
R0003340,SL000066115,O00038511,2024-04-25,19,Damaged item,2,46.52,0.0,Completed
R0003341,SL000066120,O00038515,2024-01-23,34,Changed mind,4,96.39,17.01,Completed
R0003342,SL000066130,O00038522,2025-11-11,7,Not as described,1,48.71,0.0,Completed
R0003343,SL000066144,O00038530,2025-05-23,12,Not as described,1,257.72,0.0,Completed
R0003344,SL000066145,O00038531,2025-11-04,5,Damaged item,1,47.17,0.0,Completed
R0003345,SL000066151,O00038534,2025-02-05,13,Changed mind,1,23.08,4.07,Completed
R0003346,SL000066170,O00038543,2024-03-30,3,Not as described,1,661.56,0.0,Completed
R0003347,SL000066172,O00038544,2024-03-07,8,Damaged item,1,30.17,0.0,Completed
R0003348,SL000066179,O00038547,2025-07-09,8,Incorrect item,1,15.88,0.0,Completed
R0003349,SL000066190,O00038555,2024-12-18,15,Size or fit issue,1,289.78,0.0,Completed
R0003350,SL000066209,O00038569,2024-06-03,8,Not as described,1,11.88,0.0,Completed
R0003351,SL000066284,O00038609,2025-12-04,14,Size or fit issue,1,21.75,0.0,Completed
R0003352,SL000066293,O00038615,2024-07-14,12,Late delivery,4,196.47,0.0,Completed
R0003353,SL000066299,O00038618,2024-06-09,5,Changed mind,1,103.39,18.25,Completed
R0003354,SL000066303,O00038621,2024-07-31,20,Incorrect item,1,334.43,0.0,Completed
R0003355,SL000066307,O00038623,2023-12-12,20,Changed mind,1,146.17,0.0,Completed
R0003356,SL000066323,O00038633,2023-01-18,14,Size or fit issue,2,104.72,0.0,Completed
R0003357,SL000066338,O00038643,2025-02-16,7,Faulty product,1,78.81,0.0,Completed
R0003358,SL000066376,O00038666,2024-03-11,7,Damaged item,2,29.7,0.0,Completed
R0003359,SL000066378,O00038667,2025-03-25,13,Changed mind,1,329.59,0.0,Completed
R0003360,SL000066380,O00038669,2025-04-17,19,Changed mind,1,4.04,0.0,Completed
R0003361,SL000066396,O00038679,2024-11-24,12,Faulty product,1,77.67,0.0,Completed
R0003362,SL000066424,O00038696,2024-01-03,11,Not as described,1,30.26,0.0,Completed
R0003363,SL000066431,O00038701,2024-12-27,5,Changed mind,1,250.68,0.0,Completed
R0003364,SL000066444,O00038708,2025-07-26,12,Faulty product,1,11.21,0.0,Completed
R0003365,SL000066463,O00038722,2023-11-04,2,Not as described,1,43.89,0.0,Completed
R0003366,SL000066487,O00038736,2023-09-09,30,Changed mind,1,154.81,0.0,Completed
R0003367,SL000066501,O00038744,2025-10-21,4,Faulty product,2,14.06,0.0,Completed
R0003368,SL000066503,O00038746,2023-11-30,12,Faulty product,1,377.88,0.0,Completed
R0003369,SL000066520,O00038758,2025-07-21,16,Faulty product,2,98.24,0.0,Completed
R0003370,SL000066525,O00038762,2024-09-21,6,Size or fit issue,1,192.71,0.0,Completed
R0003371,SL000066529,O00038763,2024-04-18,10,Faulty product,1,8.0,0.0,Completed
R0003372,SL000066530,O00038764,2026-01-26,26,Changed mind,1,20.53,0.0,Completed
R0003373,SL000066546,O00038773,2025-12-08,9,Late delivery,2,69.3,0.0,Completed
R0003374,SL000066553,O00038775,2025-06-11,10,Late delivery,1,109.01,0.0,Completed
R0003375,SL000066573,O00038786,2025-01-08,20,Faulty product,1,226.79,0.0,Completed
R0003376,SL000066582,O00038791,2024-12-24,17,Changed mind,1,14.68,0.0,Completed
R0003377,SL000066610,O00038812,2024-11-14,5,Changed mind,1,198.23,0.0,Completed
R0003378,SL000066622,O00038820,2023-11-07,10,Not as described,1,374.7,0.0,Pending
R0003379,SL000066623,O00038821,2023-12-29,18,Late delivery,1,123.53,0.0,Completed
R0003380,SL000066635,O00038829,2024-01-29,11,Changed mind,1,171.94,30.34,Completed
R0003381,SL000066654,O00038844,2024-09-02,1,Not as described,2,100.49,0.0,Completed
R0003382,SL000066657,O00038846,2023-10-10,21,Changed mind,1,125.38,0.0,Completed
R0003383,SL000066663,O00038848,2024-12-31,3,Faulty product,1,19.06,0.0,Completed
R0003384,SL000066716,O00038884,2025-03-08,17,Incorrect item,1,370.25,0.0,Completed
R0003385,SL000066748,O00038902,2024-12-08,5,Changed mind,1,239.44,42.25,Completed
R0003386,SL000066765,O00038912,2023-11-19,11,Late delivery,1,213.83,0.0,Completed
R0003387,SL000066801,O00038928,2024-09-04,7,Changed mind,1,11.88,0.0,Completed
R0003388,SL000066803,O00038929,2024-12-27,13,Faulty product,3,51.29,0.0,Completed
R0003389,SL000066808,O00038931,2025-12-20,1,Damaged item,1,116.18,0.0,Completed
R0003390,SL000066830,O00038946,2024-03-12,17,Faulty product,1,194.22,0.0,Completed
R0003391,SL000066840,O00038953,2025-10-12,1,Changed mind,1,29.79,0.0,Completed
R0003392,SL000066857,O00038963,2025-06-18,18,Changed mind,1,63.24,0.0,Completed
R0003393,SL000066866,O00038969,2024-12-09,21,Size or fit issue,1,184.27,0.0,Completed
R0003394,SL000066957,O00039026,2025-04-22,8,Faulty product,1,3.0,0.0,Completed
R0003395,SL000066964,O00039030,2023-10-23,8,Incorrect item,2,32.67,0.0,Completed
R0003396,SL000066993,O00039051,2023-12-26,10,Changed mind,1,27.92,4.93,Completed
R0003397,SL000066994,O00039052,2025-07-02,9,Changed mind,4,110.6,0.0,Completed
R0003398,SL000067004,O00039058,2024-12-15,13,Changed mind,4,21.72,0.0,Completed
R0003399,SL000067006,O00039059,2024-02-07,26,Incorrect item,1,36.85,0.0,Completed
R0003400,SL000067035,O00039081,2025-11-05,6,Changed mind,1,240.79,0.0,Completed
R0003401,SL000067098,O00039115,2025-07-06,4,Changed mind,1,288.28,50.87,Completed
R0003402,SL000067124,O00039131,2025-12-20,1,Changed mind,1,105.29,0.0,Completed
R0003403,SL000067145,O00039144,2025-11-21,1,Changed mind,1,35.29,0.0,Completed
R0003404,SL000067148,O00039145,2024-11-15,7,Changed mind,1,6.16,0.0,Completed
R0003405,SL000067154,O00039150,2023-06-12,1,Changed mind,4,69.2,0.0,Completed
R0003406,SL000067199,O00039179,2023-05-31,4,Not as described,1,63.68,0.0,Completed
R0003407,SL000067204,O00039183,2025-02-15,6,Not as described,1,138.41,0.0,Completed
R0003408,SL000067242,O00039203,2023-12-31,9,Faulty product,1,123.82,0.0,Completed
R0003409,SL000067243,O00039203,2023-12-23,1,Changed mind,1,287.14,50.67,Completed
R0003410,SL000067270,O00039217,2023-11-05,4,Not as described,4,81.32,0.0,Completed
R0003411,SL000067271,O00039218,2023-03-31,12,Late delivery,3,72.18,0.0,Completed
R0003412,SL000067285,O00039227,2025-07-09,5,Faulty product,3,62.07,0.0,Completed
R0003413,SL000067292,O00039231,2024-03-18,20,Size or fit issue,1,109.01,0.0,Pending
R0003414,SL000067308,O00039240,2024-06-06,13,Changed mind,1,38.64,0.0,Completed
R0003415,SL000067309,O00039241,2025-05-25,4,Changed mind,1,193.79,0.0,Completed
R0003416,SL000067312,O00039242,2024-08-17,10,Faulty product,1,85.02,0.0,Completed
R0003417,SL000067330,O00039252,2024-06-01,7,Damaged item,2,35.4,0.0,Completed
R0003418,SL000067336,O00039255,2023-10-04,8,Changed mind,1,35.0,0.0,Completed
R0003419,SL000067374,O00039275,2025-01-24,20,Changed mind,1,35.52,0.0,Completed
R0003420,SL000067382,O00039280,2023-07-18,9,Incorrect item,3,93.57,0.0,Completed
R0003421,SL000067401,O00039290,2023-01-19,3,Late delivery,1,60.09,0.0,Pending
R0003422,SL000067410,O00039295,2025-01-26,2,Changed mind,4,20.12,3.55,Completed
R0003423,SL000067427,O00039304,2024-09-28,25,Changed mind,1,127.32,0.0,Pending
R0003424,SL000067438,O00039309,2024-09-17,13,Damaged item,3,43.03,0.0,Completed
R0003425,SL000067460,O00039323,2025-08-05,9,Faulty product,1,39.95,0.0,Completed
R0003426,SL000067532,O00039366,2025-03-27,6,Changed mind,1,17.97,0.0,Completed
R0003427,SL000067555,O00039382,2024-04-29,6,Incorrect item,1,44.52,0.0,Completed
R0003428,SL000067557,O00039383,2024-12-22,6,Faulty product,1,38.05,0.0,Completed
R0003429,SL000067561,O00039385,2025-12-26,10,Changed mind,1,81.6,14.4,Completed
R0003430,SL000067567,O00039387,2024-02-19,7,Late delivery,1,27.21,0.0,Completed
R0003431,SL000067571,O00039389,2025-08-29,22,Incorrect item,4,140.0,0.0,Completed
R0003432,SL000067580,O00039393,2024-05-05,21,Not as described,1,242.26,0.0,Completed
R0003433,SL000067591,O00039400,2023-01-27,5,Incorrect item,3,44.1,0.0,Completed
R0003434,SL000067592,O00039401,2025-04-10,7,Damaged item,1,13.61,0.0,Completed
R0003435,SL000067620,O00039417,2024-04-18,4,Incorrect item,1,34.65,0.0,Completed
R0003436,SL000067632,O00039425,2025-06-10,8,Changed mind,1,120.31,0.0,Completed
R0003437,SL000067636,O00039428,2024-03-26,12,Incorrect item,1,67.48,0.0,Completed
R0003438,SL000067644,O00039433,2025-12-07,18,Not as described,1,4.56,0.0,Completed
R0003439,SL000067645,O00039433,2025-12-06,17,Faulty product,1,49.37,0.0,Completed
R0003440,SL000067659,O00039442,2025-03-28,9,Damaged item,1,96.0,0.0,Completed
R0003441,SL000067706,O00039468,2024-12-15,8,Damaged item,1,20.32,0.0,Completed
R0003442,SL000067713,O00039472,2024-08-09,9,Damaged item,1,61.3,0.0,Completed
R0003443,SL000067714,O00039473,2024-05-23,12,Faulty product,3,45.0,0.0,Completed
R0003444,SL000067736,O00039488,2025-12-15,10,Changed mind,2,260.9,0.0,Completed
R0003445,SL000067746,O00039495,2024-01-22,9,Incorrect item,1,34.3,0.0,Completed
R0003446,SL000067747,O00039495,2024-01-16,3,Damaged item,1,55.64,0.0,Completed
R0003447,SL000067764,O00039509,2024-10-21,19,Late delivery,1,165.5,0.0,Completed
R0003448,SL000067781,O00039517,2024-01-09,19,Faulty product,1,28.7,0.0,Completed
R0003449,SL000067789,O00039522,2025-12-27,4,Not as described,1,122.87,0.0,Completed
R0003450,SL000067828,O00039540,2025-03-08,7,Damaged item,1,377.88,0.0,Completed
R0003451,SL000067846,O00039550,2025-01-17,11,Changed mind,2,61.76,0.0,Completed
R0003452,SL000067908,O00039584,2025-03-01,12,Incorrect item,1,33.06,0.0,Completed
R0003453,SL000067938,O00039603,2025-01-01,8,Size or fit issue,2,13.48,0.0,Completed
R0003454,SL000067976,O00039621,2023-11-09,15,Changed mind,1,84.16,0.0,Completed
R0003455,SL000067981,O00039623,2024-08-21,11,Changed mind,1,29.15,5.14,Completed
R0003456,SL000067998,O00039635,2024-12-12,18,Late delivery,1,65.67,0.0,Completed
R0003457,SL000068017,O00039645,2024-11-30,13,Faulty product,4,52.8,0.0,Completed
R0003458,SL000068058,O00039671,2023-05-11,2,Changed mind,1,188.82,0.0,Completed
R0003459,SL000068078,O00039681,2023-07-18,7,Changed mind,1,23.03,0.0,Completed
R0003460,SL000068084,O00039683,2023-08-09,6,Damaged item,1,190.77,0.0,Pending
R0003461,SL000068116,O00039700,2025-09-26,19,Changed mind,1,67.1,0.0,Completed
R0003462,SL000068135,O00039709,2024-09-05,15,Not as described,1,675.06,0.0,Completed
R0003463,SL000068157,O00039723,2025-04-11,5,Changed mind,1,141.23,0.0,Completed
R0003464,SL000068215,O00039757,2024-07-04,8,Late delivery,2,48.07,0.0,Completed
R0003465,SL000068225,O00039762,2024-02-05,6,Incorrect item,2,39.18,0.0,Completed
R0003466,SL000068246,O00039773,2025-11-20,4,Incorrect item,1,78.4,0.0,Completed
R0003467,SL000068265,O00039783,2025-12-04,8,Faulty product,1,160.25,0.0,Completed
R0003468,SL000068289,O00039794,2025-07-28,19,Changed mind,1,36.42,0.0,Completed
R0003469,SL000068323,O00039816,2023-02-16,5,Faulty product,1,14.7,0.0,Completed
R0003470,SL000068388,O00039859,2024-09-23,5,Changed mind,1,192.71,0.0,Completed
R0003471,SL000068389,O00039860,2025-03-22,2,Not as described,1,17.1,0.0,Completed
R0003472,SL000068405,O00039867,2025-07-22,4,Changed mind,1,28.13,0.0,Completed
R0003473,SL000068480,O00039911,2025-07-06,9,Incorrect item,1,18.38,0.0,Completed
R0003474,SL000068491,O00039919,2023-01-10,5,Changed mind,3,35.95,6.34,Completed
R0003475,SL000068514,O00039937,2025-04-16,13,Not as described,1,21.86,0.0,Completed
R0003476,SL000068534,O00039950,2025-01-25,12,Changed mind,3,104.8,18.5,Completed
R0003477,SL000068548,O00039956,2024-01-17,7,Incorrect item,1,34.65,0.0,Completed
R0003478,SL000068579,O00039976,2025-08-17,17,Faulty product,1,20.28,0.0,Completed
R0003479,SL000068587,O00039981,2023-05-27,3,Damaged item,1,79.2,0.0,Completed
R0003480,SL000068613,O00040002,2023-01-27,5,Changed mind,1,14.85,0.0,Completed
R0003481,SL000068617,O00040004,2024-05-18,6,Size or fit issue,1,164.9,0.0,Completed
R0003482,SL000068624,O00040006,2024-01-31,2,Size or fit issue,3,101.3,0.0,Completed
R0003483,SL000068635,O00040012,2024-08-19,19,Damaged item,1,152.27,0.0,Completed
R0003484,SL000068719,O00040064,2025-10-23,20,Incorrect item,1,12.0,0.0,Pending
R0003485,SL000068737,O00040076,2024-12-14,4,Incorrect item,1,334.43,0.0,Completed
R0003486,SL000068743,O00040081,2025-01-25,37,Faulty product,1,9.19,0.0,Completed
R0003487,SL000068753,O00040088,2025-10-24,15,Changed mind,1,15.0,0.0,Completed
R0003488,SL000068774,O00040098,2024-12-30,7,Size or fit issue,2,210.18,0.0,Completed
R0003489,SL000068775,O00040098,2025-01-14,22,Damaged item,1,200.23,0.0,Completed
R0003490,SL000068780,O00040101,2024-10-14,9,Damaged item,1,34.65,0.0,Completed
R0003491,SL000068781,O00040102,2023-05-30,1,Damaged item,2,60.51,0.0,Completed
R0003492,SL000068795,O00040111,2024-12-30,18,Not as described,1,14.34,0.0,Completed
R0003493,SL000068818,O00040126,2024-06-09,14,Not as described,1,27.07,0.0,Completed
R0003494,SL000068856,O00040147,2025-05-05,10,Changed mind,3,45.0,0.0,Completed
R0003495,SL000068870,O00040155,2023-05-19,20,Faulty product,1,194.22,0.0,Completed
R0003496,SL000068873,O00040158,2024-07-05,1,Changed mind,3,97.53,17.21,Completed
R0003497,SL000068887,O00040167,2025-11-26,11,Size or fit issue,1,11.04,0.0,Completed
R0003498,SL000068924,O00040198,2023-05-26,21,Faulty product,1,49.2,0.0,Completed
R0003499,SL000069008,O00040246,2025-12-23,10,Incorrect item,4,61.4,0.0,Pending
R0003500,SL000069023,O00040257,2023-05-11,9,Not as described,1,10.04,0.0,Completed
R0003501,SL000069029,O00040261,2023-12-09,4,Changed mind,3,90.3,0.0,Completed
R0003502,SL000069045,O00040270,2023-04-12,4,Changed mind,1,18.26,0.0,Completed
R0003503,SL000069110,O00040318,2023-02-10,1,Damaged item,1,13.19,0.0,Pending
R0003504,SL000069139,O00040336,2023-08-17,18,Incorrect item,1,18.16,0.0,Completed
R0003505,SL000069164,O00040354,2025-12-08,19,Incorrect item,1,18.61,0.0,Completed
R0003506,SL000069197,O00040373,2023-02-16,9,Incorrect item,1,35.0,0.0,Completed
R0003507,SL000069216,O00040384,2025-10-13,2,Changed mind,1,22.68,0.0,Completed
R0003508,SL000069228,O00040390,2025-12-21,20,Faulty product,1,281.7,0.0,Completed
R0003509,SL000069236,O00040398,2025-05-06,5,Changed mind,1,153.24,0.0,Completed
R0003510,SL000069271,O00040418,2025-12-17,1,Size or fit issue,3,136.79,0.0,Completed
R0003511,SL000069295,O00040433,2023-05-19,1,Damaged item,1,48.04,0.0,Completed
R0003512,SL000069329,O00040449,2025-02-06,10,Faulty product,2,15.52,0.0,Completed
R0003513,SL000069332,O00040452,2025-08-14,7,Not as described,1,122.21,0.0,Completed
R0003514,SL000069388,O00040487,2024-05-13,1,Changed mind,1,40.93,0.0,Completed
R0003515,SL000069395,O00040490,2024-09-13,14,Not as described,1,49.73,0.0,Completed
R0003516,SL000069401,O00040493,2023-04-19,12,Damaged item,1,34.65,0.0,Completed
R0003517,SL000069425,O00040506,2024-10-02,31,Damaged item,1,122.55,0.0,Completed
R0003518,SL000069503,O00040549,2023-07-26,23,Faulty product,1,40.4,0.0,Completed
R0003519,SL000069514,O00040552,2023-05-10,11,Faulty product,1,130.02,0.0,Completed
R0003520,SL000069581,O00040589,2024-07-06,5,Late delivery,2,23.52,0.0,Completed
R0003521,SL000069592,O00040594,2025-02-01,45,Not as described,4,119.0,0.0,Completed
R0003522,SL000069629,O00040620,2024-07-10,11,Size or fit issue,1,51.14,0.0,Completed
R0003523,SL000069630,O00040621,2026-01-02,9,Damaged item,1,155.29,0.0,Completed
R0003524,SL000069670,O00040646,2024-06-10,8,Changed mind,1,20.69,0.0,Completed
R0003525,SL000069727,O00040673,2025-11-28,4,Incorrect item,1,88.37,0.0,Completed
R0003526,SL000069765,O00040696,2023-07-06,8,Changed mind,1,7.04,1.24,Completed
R0003527,SL000069776,O00040705,2024-10-29,6,Size or fit issue,1,11.39,0.0,Completed
R0003528,SL000069790,O00040716,2023-10-19,6,Not as described,1,7.63,0.0,Completed
R0003529,SL000069816,O00040733,2024-11-01,3,Incorrect item,3,105.0,0.0,Completed
R0003530,SL000069829,O00040738,2023-12-04,7,Late delivery,1,24.28,0.0,Completed
R0003531,SL000069865,O00040760,2025-03-05,4,Late delivery,1,167.78,0.0,Completed
R0003532,SL000069877,O00040767,2023-08-26,11,Not as described,3,103.95,0.0,Completed
R0003533,SL000069890,O00040773,2024-09-03,4,Faulty product,1,194.66,0.0,Completed
R0003534,SL000069901,O00040778,2025-05-16,9,Changed mind,3,35.28,0.0,Completed
R0003535,SL000069912,O00040787,2023-03-14,8,Not as described,1,154.81,0.0,Completed
R0003536,SL000069915,O00040788,2024-09-23,16,Incorrect item,1,122.75,0.0,Completed
R0003537,SL000069952,O00040812,2023-12-03,2,Late delivery,1,164.33,0.0,Completed
R0003538,SL000070007,O00040849,2023-10-18,14,Damaged item,1,198.23,0.0,Completed
R0003539,SL000070052,O00040881,2024-03-02,15,Faulty product,1,44.8,0.0,Completed
R0003540,SL000070062,O00040888,2024-07-12,13,Damaged item,4,25.92,0.0,Completed
R0003541,SL000070067,O00040891,2025-09-25,23,Not as described,1,324.44,0.0,Completed
R0003542,SL000070093,O00040903,2023-12-04,8,Changed mind,1,15.19,0.0,Completed
R0003543,SL000070102,O00040909,2025-02-14,5,Changed mind,2,66.9,0.0,Completed
R0003544,SL000070129,O00040925,2025-01-21,13,Incorrect item,1,71.88,0.0,Completed
R0003545,SL000070153,O00040940,2025-03-25,23,Changed mind,1,119.42,0.0,Completed
R0003546,SL000070159,O00040942,2024-06-02,15,Size or fit issue,1,44.77,0.0,Completed
R0003547,SL000070167,O00040949,2023-10-20,16,Not as described,1,329.75,0.0,Completed
R0003548,SL000070189,O00040964,2024-05-23,2,Changed mind,1,11.21,0.0,Pending
R0003549,SL000070235,O00040991,2024-12-05,30,Changed mind,1,39.91,0.0,Completed
R0003550,SL000070284,O00041018,2025-11-08,18,Changed mind,1,125.94,0.0,Completed
R0003551,SL000070288,O00041021,2023-07-23,19,Late delivery,1,91.52,0.0,Completed
R0003552,SL000070292,O00041022,2024-10-30,11,Size or fit issue,2,355.92,0.0,Completed
R0003553,SL000070321,O00041037,2025-12-07,8,Changed mind,1,382.84,0.0,Completed
R0003554,SL000070353,O00041054,2023-02-11,3,Incorrect item,1,290.41,0.0,Completed
R0003555,SL000070395,O00041079,2024-09-07,13,Not as described,1,32.55,0.0,Completed
R0003556,SL000070396,O00041079,2024-09-04,10,Size or fit issue,2,34.99,0.0,Completed
R0003557,SL000070428,O00041100,2024-03-18,4,Changed mind,1,107.49,0.0,Pending
R0003558,SL000070471,O00041122,2023-12-30,6,Incorrect item,1,4.09,0.0,Completed
R0003559,SL000070483,O00041129,2024-05-31,28,Size or fit issue,1,17.88,0.0,Completed
R0003560,SL000070492,O00041133,2025-06-18,4,Late delivery,4,117.19,0.0,Completed
R0003561,SL000070512,O00041144,2023-07-15,2,Changed mind,2,297.53,0.0,Pending
R0003562,SL000070583,O00041182,2025-02-04,15,Changed mind,1,87.8,0.0,Completed
R0003563,SL000070627,O00041206,2025-12-16,5,Changed mind,1,29.4,0.0,Completed
R0003564,SL000070637,O00041214,2023-07-28,4,Changed mind,1,300.25,0.0,Completed
R0003565,SL000070682,O00041242,2024-07-09,6,Damaged item,1,23.38,0.0,Completed
R0003566,SL000070688,O00041245,2024-12-19,3,Not as described,1,77.6,0.0,Completed
R0003567,SL000070710,O00041256,2023-03-13,12,Not as described,1,407.28,0.0,Completed
R0003568,SL000070716,O00041260,2023-12-15,8,Faulty product,2,387.58,0.0,Completed
R0003569,SL000070718,O00041261,2023-09-30,10,Size or fit issue,1,33.95,0.0,Completed
R0003570,SL000070741,O00041277,2024-06-23,9,Faulty product,1,121.01,0.0,Completed
R0003571,SL000070760,O00041286,2024-03-11,3,Not as described,1,65.76,0.0,Completed
R0003572,SL000070764,O00041289,2023-06-14,19,Faulty product,1,247.11,0.0,Completed
R0003573,SL000070775,O00041295,2025-05-14,9,Not as described,1,20.53,0.0,Completed
R0003574,SL000070813,O00041317,2025-07-03,14,Late delivery,2,27.33,0.0,Completed
R0003575,SL000070825,O00041323,2024-04-08,43,Not as described,1,156.03,0.0,Completed
R0003576,SL000070894,O00041360,2026-01-03,13,Damaged item,2,39.98,0.0,Completed
R0003577,SL000070941,O00041388,2024-03-20,5,Not as described,2,79.01,0.0,Completed
R0003578,SL000070943,O00041389,2025-05-08,12,Size or fit issue,1,73.11,0.0,Completed
R0003579,SL000070964,O00041400,2025-01-20,3,Damaged item,1,130.1,0.0,Completed
R0003580,SL000070988,O00041416,2023-06-09,2,Not as described,1,63.24,0.0,Completed
R0003581,SL000071052,O00041448,2025-05-03,27,Incorrect item,2,16.0,0.0,Completed
R0003582,SL000071055,O00041451,2023-05-18,10,Damaged item,1,12.78,0.0,Completed
R0003583,SL000071068,O00041457,2024-03-27,9,Changed mind,1,99.68,0.0,Completed
R0003584,SL000071112,O00041477,2025-08-26,17,Damaged item,1,23.06,0.0,Completed
R0003585,SL000071141,O00041496,2025-08-16,18,Incorrect item,1,8.04,0.0,Completed
R0003586,SL000071147,O00041500,2024-07-29,17,Faulty product,2,23.76,0.0,Completed
R0003587,SL000071172,O00041515,2025-01-31,8,Late delivery,1,26.03,0.0,Completed
R0003588,SL000071214,O00041541,2023-05-27,11,Changed mind,4,158.77,28.02,Completed
R0003589,SL000071241,O00041555,2023-01-14,7,Changed mind,1,174.92,0.0,Completed
R0003590,SL000071247,O00041558,2023-04-04,9,Damaged item,1,131.41,0.0,Completed
R0003591,SL000071256,O00041563,2025-01-02,19,Faulty product,1,91.04,0.0,Completed
R0003592,SL000071268,O00041568,2025-06-20,31,Incorrect item,1,271.24,0.0,Completed
R0003593,SL000071287,O00041578,2025-10-25,14,Size or fit issue,1,85.71,0.0,Completed
R0003594,SL000071326,O00041596,2024-05-14,2,Changed mind,1,77.6,0.0,Completed
R0003595,SL000071332,O00041600,2023-12-08,5,Size or fit issue,1,56.25,0.0,Completed
R0003596,SL000071334,O00041602,2026-01-05,6,Faulty product,1,34.84,0.0,Completed
R0003597,SL000071352,O00041611,2025-10-03,3,Faulty product,1,58.76,0.0,Completed
R0003598,SL000071363,O00041616,2025-11-08,27,Late delivery,1,11.64,0.0,Completed
R0003599,SL000071372,O00041622,2024-06-08,3,Changed mind,1,33.95,0.0,Completed
R0003600,SL000071381,O00041627,2024-12-17,15,Damaged item,1,407.28,0.0,Completed
R0003601,SL000071416,O00041649,2025-04-28,8,Size or fit issue,1,7.68,0.0,Completed
R0003602,SL000071450,O00041666,2024-08-21,1,Changed mind,2,260.52,45.97,Completed
R0003603,SL000071479,O00041682,2024-10-17,26,Late delivery,1,174.4,0.0,Completed
R0003604,SL000071488,O00041687,2023-04-13,7,Not as described,1,119.19,0.0,Completed
R0003605,SL000071494,O00041692,2023-12-16,24,Faulty product,1,48.4,0.0,Completed
R0003606,SL000071545,O00041723,2024-05-14,6,Not as described,1,7.76,0.0,Completed
R0003607,SL000071589,O00041755,2025-12-25,11,Incorrect item,4,126.65,0.0,Completed
R0003608,SL000071592,O00041758,2024-01-24,2,Not as described,1,15.71,0.0,Completed
R0003609,SL000071627,O00041777,2025-05-16,8,Faulty product,1,173.14,0.0,Completed
R0003610,SL000071630,O00041779,2024-01-06,22,Changed mind,1,30.8,0.0,Completed
R0003611,SL000071666,O00041803,2024-10-06,5,Not as described,2,29.7,0.0,Completed
R0003612,SL000071667,O00041804,2025-12-11,4,Changed mind,2,53.24,0.0,Completed
R0003613,SL000071685,O00041816,2024-12-17,8,Incorrect item,3,91.7,0.0,Completed
R0003614,SL000071687,O00041817,2023-05-23,9,Size or fit issue,2,23.76,0.0,Completed
R0003615,SL000071730,O00041841,2023-07-24,2,Size or fit issue,2,66.5,0.0,Pending
R0003616,SL000071774,O00041867,2023-12-12,5,Changed mind,1,35.4,0.0,Completed
R0003617,SL000071781,O00041872,2024-11-18,5,Changed mind,1,151.68,0.0,Completed
R0003618,SL000071816,O00041889,2025-03-16,4,Not as described,1,105.74,0.0,Completed
R0003619,SL000071863,O00041914,2023-02-06,18,Faulty product,1,155.29,0.0,Completed
R0003620,SL000071919,O00041943,2023-04-11,9,Faulty product,1,107.92,0.0,Completed
R0003621,SL000071927,O00041949,2025-05-25,6,Changed mind,2,70.11,0.0,Completed
R0003622,SL000071958,O00041969,2025-11-26,9,Damaged item,1,21.91,0.0,Completed
R0003623,SL000071967,O00041974,2025-08-13,14,Changed mind,1,72.27,12.75,Completed
R0003624,SL000071995,O00041988,2025-06-29,7,Incorrect item,1,101.16,0.0,Completed
R0003625,SL000072023,O00042000,2023-04-11,7,Changed mind,1,24.11,0.0,Completed
R0003626,SL000072027,O00042004,2025-06-01,13,Incorrect item,4,158.62,0.0,Completed
R0003627,SL000072042,O00042011,2024-12-30,8,Faulty product,1,102.7,0.0,Completed
R0003628,SL000072058,O00042021,2023-12-25,11,Faulty product,3,21.12,0.0,Completed
R0003629,SL000072096,O00042041,2023-05-02,6,Changed mind,1,19.6,3.46,Completed
R0003630,SL000072116,O00042053,2025-02-11,15,Damaged item,2,29.4,0.0,Completed
R0003631,SL000072143,O00042068,2024-03-29,15,Damaged item,2,57.02,0.0,Completed
R0003632,SL000072151,O00042070,2024-12-10,10,Changed mind,3,105.0,0.0,Completed
R0003633,SL000072166,O00042079,2025-02-27,2,Faulty product,1,316.43,0.0,Completed
R0003634,SL000072187,O00042091,2025-01-31,4,Faulty product,1,7.84,0.0,Completed
R0003635,SL000072201,O00042101,2025-07-25,6,Changed mind,1,12.21,0.0,Completed
R0003636,SL000072211,O00042109,2023-04-18,13,Size or fit issue,1,193.79,0.0,Completed
R0003637,SL000072218,O00042113,2024-01-05,29,Incorrect item,1,275.22,0.0,Completed
R0003638,SL000072268,O00042137,2025-04-26,12,Changed mind,2,74.68,0.0,Completed
R0003639,SL000072282,O00042149,2025-11-26,9,Not as described,1,97.7,0.0,Completed
R0003640,SL000072289,O00042154,2023-12-30,6,Changed mind,1,32.51,5.74,Completed
R0003641,SL000072298,O00042159,2025-01-22,16,Not as described,4,67.7,0.0,Completed
R0003642,SL000072319,O00042173,2025-05-15,5,Faulty product,1,19.68,0.0,Completed
R0003643,SL000072331,O00042178,2024-03-18,21,Changed mind,1,17.1,0.0,Completed
R0003644,SL000072338,O00042182,2023-11-24,15,Incorrect item,1,35.0,0.0,Completed
R0003645,SL000072348,O00042186,2024-11-23,25,Changed mind,1,95.03,0.0,Completed
R0003646,SL000072349,O00042187,2025-03-11,13,Damaged item,3,34.92,0.0,Completed
R0003647,SL000072372,O00042200,2023-12-16,4,Size or fit issue,1,209.42,0.0,Completed
R0003648,SL000072386,O00042208,2023-12-16,8,Size or fit issue,1,14.19,0.0,Completed
R0003649,SL000072432,O00042231,2025-10-10,8,Changed mind,1,160.5,28.32,Completed
R0003650,SL000072439,O00042237,2024-04-05,10,Incorrect item,1,33.25,0.0,Completed
R0003651,SL000072469,O00042254,2025-06-14,27,Incorrect item,1,42.76,0.0,Completed
R0003652,SL000072503,O00042270,2023-06-10,10,Faulty product,3,84.01,0.0,Completed
R0003653,SL000072512,O00042275,2025-02-26,28,Faulty product,3,52.03,0.0,Completed
R0003654,SL000072518,O00042279,2024-05-02,9,Size or fit issue,1,29.49,0.0,Completed
R0003655,SL000072525,O00042282,2025-04-07,12,Late delivery,1,17.88,0.0,Completed
R0003656,SL000072532,O00042286,2023-12-07,9,Damaged item,1,50.91,0.0,Completed
R0003657,SL000072560,O00042307,2024-12-21,2,Not as described,1,83.3,0.0,Completed
R0003658,SL000072578,O00042320,2025-07-27,1,Damaged item,1,92.16,0.0,Completed
R0003659,SL000072580,O00042321,2023-08-18,15,Changed mind,1,337.81,0.0,Completed
R0003660,SL000072595,O00042332,2025-04-10,9,Changed mind,1,93.41,0.0,Completed
R0003661,SL000072626,O00042357,2026-01-08,9,Changed mind,4,16.51,0.0,Completed
R0003662,SL000072629,O00042359,2023-02-25,24,Changed mind,1,118.23,0.0,Completed
R0003663,SL000072634,O00042361,2023-04-30,8,Changed mind,2,37.2,0.0,Completed
R0003664,SL000072647,O00042367,2024-05-24,11,Damaged item,1,7.44,0.0,Completed
R0003665,SL000072664,O00042378,2025-12-07,15,Changed mind,1,3.09,0.0,Completed
R0003666,SL000072686,O00042389,2025-12-26,3,Changed mind,1,24.07,4.25,Completed
R0003667,SL000072688,O00042389,2025-12-24,1,Faulty product,1,28.56,0.0,Completed
R0003668,SL000072695,O00042394,2025-12-14,5,Damaged item,1,6.56,0.0,Completed
R0003669,SL000072744,O00042422,2025-09-30,22,Changed mind,1,37.06,0.0,Completed
R0003670,SL000072773,O00042439,2025-12-24,9,Changed mind,2,59.58,10.51,Completed
R0003671,SL000072775,O00042441,2025-04-13,1,Damaged item,1,337.81,0.0,Completed
R0003672,SL000072776,O00042441,2025-04-22,10,Incorrect item,1,20.3,0.0,Completed
R0003673,SL000072779,O00042442,2023-06-26,3,Changed mind,1,56.21,9.92,Completed
R0003674,SL000072782,O00042444,2025-08-30,7,Not as described,1,150.12,0.0,Completed
R0003675,SL000072795,O00042451,2025-01-24,19,Faulty product,2,20.16,0.0,Completed
R0003676,SL000072806,O00042456,2026-01-04,13,Changed mind,1,481.99,85.06,Completed
R0003677,SL000072827,O00042470,2024-01-19,2,Size or fit issue,1,79.38,0.0,Completed
R0003678,SL000072841,O00042479,2024-09-20,19,Damaged item,2,36.83,0.0,Completed
R0003679,SL000072972,O00042560,2025-11-21,6,Size or fit issue,1,102.26,0.0,Completed
R0003680,SL000072979,O00042563,2026-01-06,20,Changed mind,2,59.5,0.0,Completed
R0003681,SL000072997,O00042573,2024-09-01,8,Faulty product,1,49.62,0.0,Completed
R0003682,SL000073045,O00042597,2023-12-22,5,Changed mind,2,21.12,0.0,Pending
R0003683,SL000073064,O00042606,2023-09-13,10,Incorrect item,3,101.85,0.0,Completed
R0003684,SL000073071,O00042608,2024-11-29,14,Damaged item,1,5.23,0.0,Completed
R0003685,SL000073078,O00042614,2024-08-09,8,Damaged item,1,18.64,0.0,Completed
R0003686,SL000073086,O00042620,2024-10-27,8,Late delivery,2,29.7,0.0,Completed
R0003687,SL000073120,O00042641,2024-03-19,19,Changed mind,1,18.58,0.0,Completed
R0003688,SL000073156,O00042662,2023-01-31,7,Not as described,1,22.1,0.0,Completed
R0003689,SL000073206,O00042687,2023-03-05,12,Late delivery,1,30.28,0.0,Completed
R0003690,SL000073215,O00042693,2023-12-07,14,Not as described,1,58.88,0.0,Completed
R0003691,SL000073236,O00042703,2024-02-28,5,Changed mind,1,565.93,0.0,Completed
R0003692,SL000073239,O00042706,2025-01-06,9,Faulty product,1,71.96,0.0,Completed
R0003693,SL000073251,O00042713,2023-11-26,4,Changed mind,1,50.37,0.0,Completed
R0003694,SL000073287,O00042736,2025-05-22,6,Changed mind,1,33.23,0.0,Completed
R0003695,SL000073308,O00042749,2025-12-10,14,Size or fit issue,1,31.13,0.0,Completed
R0003696,SL000073318,O00042756,2025-10-18,10,Size or fit issue,3,69.08,0.0,Completed
R0003697,SL000073328,O00042760,2023-01-25,3,Not as described,1,127.82,0.0,Completed
R0003698,SL000073339,O00042766,2024-11-25,8,Changed mind,1,219.22,0.0,Completed
R0003699,SL000073386,O00042794,2024-06-20,12,Damaged item,1,377.03,0.0,Completed
R0003700,SL000073391,O00042797,2025-10-15,3,Late delivery,1,37.82,0.0,Completed
R0003701,SL000073411,O00042807,2024-01-17,5,Changed mind,1,50.76,0.0,Pending
R0003702,SL000073424,O00042815,2026-01-02,7,Size or fit issue,1,24.87,0.0,Completed
R0003703,SL000073460,O00042833,2024-12-04,1,Damaged item,1,30.8,0.0,Completed
R0003704,SL000073464,O00042835,2025-09-20,3,Not as described,3,160.29,0.0,Completed
R0003705,SL000073482,O00042842,2025-07-07,4,Size or fit issue,1,77.6,0.0,Completed
R0003706,SL000073519,O00042865,2023-08-09,13,Late delivery,1,156.37,0.0,Completed
R0003707,SL000073570,O00042898,2024-05-27,10,Changed mind,2,24.0,0.0,Completed
R0003708,SL000073586,O00042905,2024-05-18,20,Late delivery,1,17.67,0.0,Completed
R0003709,SL000073623,O00042925,2024-12-14,5,Faulty product,4,121.02,0.0,Completed
R0003710,SL000073630,O00042929,2023-07-16,8,Faulty product,3,57.83,0.0,Completed
R0003711,SL000073737,O00042992,2023-09-11,20,Damaged item,2,96.18,0.0,Completed
R0003712,SL000073752,O00042999,2023-03-29,21,Changed mind,2,70.0,0.0,Completed
R0003713,SL000073755,O00043001,2024-02-02,11,Damaged item,1,30.8,0.0,Completed
R0003714,SL000073757,O00043002,2024-10-19,37,Damaged item,1,14.25,0.0,Completed
R0003715,SL000073761,O00043006,2024-01-03,10,Faulty product,3,31.68,0.0,Completed
R0003716,SL000073774,O00043011,2025-05-16,19,Incorrect item,1,110.31,0.0,Completed
R0003717,SL000073844,O00043052,2026-01-14,21,Damaged item,1,60.09,0.0,Completed
R0003718,SL000073872,O00043067,2025-06-01,14,Changed mind,4,140.0,0.0,Completed
R0003719,SL000073896,O00043076,2024-12-04,15,Damaged item,1,11.53,0.0,Completed
R0003720,SL000073915,O00043086,2025-09-30,5,Incorrect item,1,12.0,0.0,Completed
R0003721,SL000073953,O00043105,2023-04-11,7,Not as described,4,140.0,0.0,Completed
R0003722,SL000073956,O00043108,2025-10-09,23,Incorrect item,1,53.05,0.0,Completed
R0003723,SL000074021,O00043148,2024-08-19,13,Faulty product,1,237.4,0.0,Pending
R0003724,SL000074022,O00043149,2023-11-13,8,Changed mind,3,103.95,0.0,Completed
R0003725,SL000074051,O00043166,2025-12-26,20,Changed mind,1,9.61,1.7,Completed
R0003726,SL000074056,O00043170,2023-08-12,3,Changed mind,1,4.11,0.0,Completed
R0003727,SL000074088,O00043184,2024-04-07,19,Damaged item,1,11.88,0.0,Completed
R0003728,SL000074090,O00043186,2025-05-12,13,Changed mind,1,2.5,0.44,Completed
R0003729,SL000074093,O00043189,2023-12-07,9,Incorrect item,2,70.81,0.0,Completed
R0003730,SL000074103,O00043195,2024-10-30,14,Changed mind,4,27.2,4.8,Completed
R0003731,SL000074111,O00043199,2025-04-15,14,Changed mind,1,16.79,0.0,Completed
R0003732,SL000074142,O00043219,2024-05-23,1,Changed mind,1,320.48,56.55,Completed
R0003733,SL000074147,O00043222,2025-11-01,11,Not as described,1,17.13,0.0,Pending
R0003734,SL000074163,O00043232,2024-11-14,3,Changed mind,4,138.79,0.0,Completed
R0003735,SL000074172,O00043239,2024-11-14,1,Late delivery,1,277.13,0.0,Completed
R0003736,SL000074174,O00043240,2025-02-23,10,Incorrect item,1,228.5,0.0,Completed
R0003737,SL000074193,O00043253,2023-06-29,10,Faulty product,1,13.2,0.0,Completed
R0003738,SL000074227,O00043277,2024-06-13,5,Changed mind,1,34.2,6.03,Completed
R0003739,SL000074268,O00043303,2025-06-21,7,Changed mind,1,325.82,0.0,Completed
R0003740,SL000074269,O00043304,2024-01-01,9,Faulty product,1,30.19,0.0,Completed
R0003741,SL000074312,O00043331,2024-01-02,7,Incorrect item,2,73.7,0.0,Completed
R0003742,SL000074349,O00043352,2025-04-15,4,Faulty product,2,8.32,0.0,Completed
R0003743,SL000074394,O00043375,2025-10-31,7,Damaged item,1,80.0,0.0,Completed
R0003744,SL000074408,O00043385,2024-12-18,12,Changed mind,1,101.29,17.87,Completed
R0003745,SL000074431,O00043399,2024-04-10,12,Not as described,2,69.68,0.0,Completed
R0003746,SL000074444,O00043406,2025-07-17,10,Damaged item,1,35.77,0.0,Completed
R0003747,SL000074461,O00043415,2024-08-30,18,Incorrect item,1,12.0,0.0,Completed
R0003748,SL000074475,O00043423,2024-07-23,4,Damaged item,1,4.2,0.0,Completed
R0003749,SL000074481,O00043426,2024-12-06,8,Incorrect item,1,37.94,0.0,Completed
R0003750,SL000074500,O00043435,2024-10-11,10,Late delivery,1,193.79,0.0,Completed
R0003751,SL000074513,O00043443,2024-05-28,6,Size or fit issue,1,281.7,0.0,Completed
R0003752,SL000074538,O00043455,2025-04-11,8,Late delivery,1,73.6,0.0,Completed
R0003753,SL000074539,O00043456,2024-12-01,9,Incorrect item,1,88.15,0.0,Completed
R0003754,SL000074584,O00043483,2025-07-08,13,Changed mind,1,72.81,0.0,Completed
R0003755,SL000074601,O00043491,2025-02-12,17,Incorrect item,2,18.39,0.0,Pending
R0003756,SL000074630,O00043508,2025-11-02,21,Changed mind,1,22.91,0.0,Completed
R0003757,SL000074638,O00043514,2024-10-01,8,Not as described,1,16.92,0.0,Completed
R0003758,SL000074702,O00043550,2024-12-04,15,Faulty product,1,17.07,0.0,Completed
R0003759,SL000074733,O00043574,2025-06-19,10,Not as described,2,283.49,0.0,Completed
R0003760,SL000074753,O00043588,2025-09-30,8,Damaged item,1,56.39,0.0,Completed
R0003761,SL000074782,O00043603,2024-08-03,5,Changed mind,1,53.13,9.38,Completed
R0003762,SL000074806,O00043617,2025-11-23,2,Faulty product,1,85.98,0.0,Completed
R0003763,SL000074809,O00043618,2025-06-07,16,Changed mind,1,33.6,0.0,Completed
R0003764,SL000074818,O00043624,2023-05-24,5,Late delivery,1,275.89,0.0,Completed
R0003765,SL000074827,O00043628,2025-09-16,5,Size or fit issue,2,346.27,0.0,Completed
R0003766,SL000074844,O00043638,2024-01-27,6,Changed mind,1,3.71,0.0,Completed
R0003767,SL000074875,O00043659,2023-01-16,6,Damaged item,1,81.5,0.0,Completed
R0003768,SL000074886,O00043664,2025-12-10,15,Changed mind,1,88.72,0.0,Completed
R0003769,SL000074909,O00043678,2023-05-23,13,Late delivery,2,65.8,0.0,Completed
R0003770,SL000074916,O00043682,2023-09-16,21,Faulty product,2,45.36,0.0,Completed
R0003771,SL000075014,O00043742,2024-12-20,4,Faulty product,1,25.27,0.0,Completed
R0003772,SL000075032,O00043751,2024-03-26,5,Changed mind,1,324.44,57.25,Completed
R0003773,SL000075064,O00043768,2025-04-29,8,Faulty product,1,194.22,0.0,Completed
R0003774,SL000075077,O00043774,2026-01-06,12,Faulty product,1,16.84,0.0,Completed
R0003775,SL000075087,O00043779,2024-03-26,16,Changed mind,1,116.6,20.58,Completed
R0003776,SL000075111,O00043791,2025-07-02,17,Faulty product,1,24.95,0.0,Completed
R0003777,SL000075125,O00043801,2023-02-26,7,Changed mind,1,19.84,0.0,Completed
R0003778,SL000075156,O00043821,2023-11-12,21,Faulty product,1,275.29,0.0,Completed
R0003779,SL000075241,O00043873,2023-09-16,12,Not as described,3,175.44,0.0,Completed
R0003780,SL000075247,O00043876,2023-10-14,31,Changed mind,3,20.4,3.6,Completed
R0003781,SL000075257,O00043882,2023-11-27,3,Faulty product,1,31.53,0.0,Completed
R0003782,SL000075272,O00043889,2024-12-06,8,Not as described,1,70.79,0.0,Completed
R0003783,SL000075277,O00043892,2024-10-19,20,Changed mind,1,10.1,1.78,Completed
R0003784,SL000075279,O00043893,2024-09-29,6,Faulty product,3,43.65,0.0,Completed
R0003785,SL000075280,O00043894,2025-08-25,7,Faulty product,3,152.27,0.0,Completed
R0003786,SL000075309,O00043912,2024-09-19,4,Damaged item,1,46.7,0.0,Completed
R0003787,SL000075332,O00043926,2025-12-19,11,Size or fit issue,1,103.9,0.0,Completed
R0003788,SL000075335,O00043928,2026-01-01,8,Faulty product,1,14.7,0.0,Completed
R0003789,SL000075340,O00043930,2023-08-16,4,Faulty product,1,178.49,0.0,Completed
R0003790,SL000075354,O00043939,2025-06-14,12,Changed mind,1,13.05,0.0,Completed
R0003791,SL000075398,O00043962,2023-08-18,14,Faulty product,4,221.24,0.0,Completed
R0003792,SL000075405,O00043968,2023-08-31,6,Late delivery,2,356.98,0.0,Completed
R0003793,SL000075423,O00043977,2025-06-28,11,Not as described,1,212.94,0.0,Completed
R0003794,SL000075428,O00043981,2024-03-19,5,Damaged item,4,46.56,0.0,Completed
R0003795,SL000075442,O00043990,2023-06-24,18,Incorrect item,1,151.68,0.0,Completed
R0003796,SL000075445,O00043992,2024-02-27,5,Changed mind,1,20.3,0.0,Completed
R0003797,SL000075473,O00044007,2024-01-14,15,Damaged item,2,66.5,0.0,Completed
R0003798,SL000075477,O00044009,2025-08-29,6,Faulty product,1,5.99,0.0,Completed
R0003799,SL000075500,O00044021,2023-02-15,4,Damaged item,1,205.19,0.0,Completed
R0003800,SL000075506,O00044026,2024-12-03,6,Late delivery,2,60.81,0.0,Completed
R0003801,SL000075534,O00044043,2023-12-16,44,Not as described,4,164.93,0.0,Pending
R0003802,SL000075600,O00044084,2025-02-16,3,Faulty product,1,75.28,0.0,Completed
R0003803,SL000075605,O00044087,2024-09-04,12,Incorrect item,1,14.63,0.0,Completed
R0003804,SL000075648,O00044112,2025-11-11,8,Changed mind,4,99.49,0.0,Completed
R0003805,SL000075655,O00044117,2025-11-03,5,Size or fit issue,4,31.04,0.0,Completed
R0003806,SL000075666,O00044122,2025-03-28,1,Incorrect item,1,29.43,0.0,Completed
R0003807,SL000075679,O00044129,2025-06-16,2,Faulty product,1,155.73,0.0,Pending
R0003808,SL000075691,O00044136,2023-09-24,8,Late delivery,1,316.43,0.0,Completed
R0003809,SL000075704,O00044145,2025-12-22,14,Damaged item,1,87.64,0.0,Completed
R0003810,SL000075710,O00044149,2024-12-16,11,Size or fit issue,4,119.0,0.0,Completed
R0003811,SL000075722,O00044155,2025-10-16,18,Damaged item,1,17.27,0.0,Completed
R0003812,SL000075775,O00044187,2023-12-21,7,Damaged item,1,23.1,0.0,Completed
R0003813,SL000075804,O00044201,2024-01-10,9,Damaged item,1,158.64,0.0,Completed
R0003814,SL000075814,O00044208,2023-11-16,6,Not as described,1,271.24,0.0,Completed
R0003815,SL000075826,O00044213,2023-08-04,8,Incorrect item,1,3.22,0.0,Completed
R0003816,SL000075846,O00044224,2025-12-28,4,Not as described,2,130.03,0.0,Completed
R0003817,SL000075853,O00044230,2025-02-01,10,Changed mind,1,40.64,0.0,Completed
R0003818,SL000075891,O00044248,2023-12-12,19,Not as described,3,73.99,0.0,Pending
R0003819,SL000075892,O00044249,2024-02-17,10,Changed mind,1,57.03,10.06,Completed
R0003820,SL000075900,O00044254,2024-12-19,6,Not as described,1,30.8,0.0,Completed
R0003821,SL000075901,O00044254,2024-12-19,6,Changed mind,4,51.0,9.0,Completed
R0003822,SL000075912,O00044260,2025-12-25,39,Faulty product,4,196.44,0.0,Completed
R0003823,SL000075933,O00044273,2023-03-30,4,Not as described,4,152.99,0.0,Completed
R0003824,SL000076016,O00044317,2025-01-08,15,Changed mind,1,64.99,0.0,Completed
R0003825,SL000076017,O00044318,2025-09-17,3,Not as described,1,36.85,0.0,Completed
R0003826,SL000076052,O00044337,2024-12-29,7,Damaged item,1,15.71,0.0,Completed
R0003827,SL000076072,O00044350,2024-10-20,17,Faulty product,1,33.08,0.0,Completed
R0003828,SL000076102,O00044370,2025-10-29,6,Changed mind,4,135.93,0.0,Completed
R0003829,SL000076210,O00044430,2025-11-06,11,Faulty product,1,116.18,0.0,Completed
R0003830,SL000076222,O00044437,2024-10-13,8,Damaged item,1,28.17,0.0,Completed
R0003831,SL000076240,O00044447,2024-01-03,12,Damaged item,1,30.57,0.0,Completed
R0003832,SL000076250,O00044455,2025-06-07,3,Faulty product,1,276.83,0.0,Completed
R0003833,SL000076260,O00044463,2025-02-10,13,Changed mind,1,67.32,11.88,Completed
R0003834,SL000076267,O00044468,2023-02-14,7,Damaged item,1,8.47,0.0,Completed
R0003835,SL000076285,O00044477,2025-11-13,4,Late delivery,1,395.06,0.0,Completed
R0003836,SL000076322,O00044498,2023-06-05,15,Damaged item,1,19.39,0.0,Completed
R0003837,SL000076326,O00044502,2025-07-05,21,Faulty product,1,450.43,0.0,Completed
R0003838,SL000076329,O00044503,2023-10-08,5,Damaged item,3,33.63,0.0,Completed
R0003839,SL000076401,O00044550,2024-03-08,11,Incorrect item,1,38.2,0.0,Completed
R0003840,SL000076406,O00044554,2024-11-21,29,Size or fit issue,1,66.33,0.0,Completed
R0003841,SL000076416,O00044561,2025-09-27,8,Changed mind,1,5.78,1.02,Completed
R0003842,SL000076425,O00044567,2024-03-27,14,Incorrect item,1,148.55,0.0,Completed
R0003843,SL000076434,O00044573,2025-01-06,32,Damaged item,1,18.39,0.0,Completed
R0003844,SL000076435,O00044574,2025-02-10,5,Changed mind,4,71.39,12.6,Pending
R0003845,SL000076437,O00044575,2025-08-17,24,Changed mind,2,84.49,14.91,Completed
R0003846,SL000076450,O00044583,2025-11-03,2,Incorrect item,1,193.79,0.0,Completed
R0003847,SL000076453,O00044585,2023-05-07,13,Faulty product,1,98.68,0.0,Completed
R0003848,SL000076459,O00044586,2023-06-18,13,Size or fit issue,1,19.59,0.0,Completed
R0003849,SL000076478,O00044598,2023-12-18,18,Changed mind,1,14.55,0.0,Completed
R0003850,SL000076516,O00044621,2025-07-06,16,Size or fit issue,1,9.24,0.0,Completed
R0003851,SL000076524,O00044627,2024-09-20,10,Faulty product,1,66.73,0.0,Completed
R0003852,SL000076560,O00044649,2025-12-10,10,Incorrect item,1,429.82,0.0,Completed
R0003853,SL000076616,O00044681,2023-09-09,7,Changed mind,1,172.39,0.0,Completed
R0003854,SL000076654,O00044702,2025-12-11,13,Not as described,1,8.97,0.0,Completed
R0003855,SL000076658,O00044704,2023-02-07,16,Not as described,1,407.28,0.0,Completed
R0003856,SL000076685,O00044723,2024-01-26,8,Not as described,1,87.6,0.0,Completed
R0003857,SL000076699,O00044729,2024-01-07,11,Late delivery,1,146.4,0.0,Completed
R0003858,SL000076708,O00044734,2024-10-29,2,Faulty product,1,34.7,0.0,Completed
R0003859,SL000076723,O00044742,2023-08-05,1,Incorrect item,1,2.82,0.0,Completed
R0003860,SL000076754,O00044753,2024-08-01,19,Size or fit issue,1,68.4,0.0,Completed
R0003861,SL000076762,O00044759,2025-07-04,8,Faulty product,1,105.13,0.0,Completed
R0003862,SL000076769,O00044763,2025-11-28,5,Late delivery,2,11.52,0.0,Completed
R0003863,SL000076779,O00044769,2024-09-10,7,Damaged item,1,11.93,0.0,Completed
R0003864,SL000076825,O00044792,2023-07-31,5,Changed mind,2,83.52,0.0,Completed
R0003865,SL000076827,O00044793,2025-07-23,6,Faulty product,1,88.5,0.0,Completed
R0003866,SL000076868,O00044816,2023-11-20,16,Changed mind,1,339.26,59.87,Completed
R0003867,SL000076872,O00044818,2025-01-01,13,Damaged item,1,10.08,0.0,Completed
R0003868,SL000076894,O00044832,2024-03-22,5,Changed mind,1,51.48,9.09,Completed
R0003869,SL000076912,O00044839,2026-01-09,12,Size or fit issue,1,16.68,0.0,Completed
R0003870,SL000076924,O00044847,2023-12-21,11,Size or fit issue,1,90.13,0.0,Pending
R0003871,SL000076946,O00044859,2023-06-30,1,Size or fit issue,3,56.52,0.0,Completed
R0003872,SL000076955,O00044863,2024-12-22,5,Not as described,1,55.56,0.0,Completed
R0003873,SL000076961,O00044868,2024-12-12,6,Not as described,1,184.93,0.0,Completed
R0003874,SL000076967,O00044871,2024-04-02,11,Late delivery,1,237.4,0.0,Completed
R0003875,SL000077082,O00044931,2025-11-06,5,Faulty product,1,28.0,0.0,Completed
R0003876,SL000077096,O00044942,2024-01-18,5,Faulty product,1,28.04,0.0,Completed
R0003877,SL000077100,O00044944,2024-12-02,7,Late delivery,1,25.55,0.0,Completed
R0003878,SL000077104,O00044946,2026-01-08,13,Not as described,1,16.04,0.0,Completed
R0003879,SL000077105,O00044946,2026-01-23,28,Late delivery,1,11.88,0.0,Completed
R0003880,SL000077110,O00044950,2023-01-22,11,Faulty product,1,22.1,0.0,Completed
R0003881,SL000077115,O00044953,2025-03-23,2,Damaged item,1,12.67,0.0,Completed
R0003882,SL000077117,O00044953,2025-04-01,11,Changed mind,1,41.89,0.0,Completed
R0003883,SL000077139,O00044967,2024-12-10,8,Changed mind,1,211.3,0.0,Completed
R0003884,SL000077142,O00044969,2026-01-05,14,Incorrect item,2,60.2,0.0,Completed
R0003885,SL000077148,O00044972,2024-07-24,11,Changed mind,1,128.78,0.0,Completed
R0003886,SL000077203,O00045003,2025-05-15,18,Changed mind,1,35.0,0.0,Completed
R0003887,SL000077207,O00045005,2024-10-09,8,Late delivery,1,35.77,0.0,Completed
R0003888,SL000077240,O00045023,2024-05-08,7,Incorrect item,4,12.0,0.0,Completed
R0003889,SL000077302,O00045051,2023-07-22,18,Changed mind,3,82.77,0.0,Completed
R0003890,SL000077332,O00045069,2025-08-07,15,Faulty product,2,128.51,0.0,Completed
R0003891,SL000077358,O00045082,2023-12-28,18,Not as described,1,114.26,0.0,Completed
R0003892,SL000077359,O00045082,2023-12-23,13,Late delivery,1,186.04,0.0,Completed
R0003893,SL000077381,O00045097,2024-12-14,2,Not as described,1,42.53,0.0,Completed
R0003894,SL000077387,O00045101,2025-12-22,25,Faulty product,1,78.97,0.0,Completed
R0003895,SL000077392,O00045103,2023-01-11,5,Not as described,2,306.49,0.0,Completed
R0003896,SL000077401,O00045107,2023-11-13,4,Faulty product,1,48.62,0.0,Completed
R0003897,SL000077413,O00045115,2025-01-06,20,Damaged item,1,27.19,0.0,Completed
R0003898,SL000077428,O00045124,2024-08-12,4,Faulty product,1,57.56,0.0,Completed
R0003899,SL000077441,O00045130,2025-02-20,11,Changed mind,2,143.2,0.0,Completed
R0003900,SL000077459,O00045140,2025-11-28,6,Faulty product,1,12.8,0.0,Completed
R0003901,SL000077471,O00045146,2024-02-03,12,Size or fit issue,1,51.27,0.0,Completed
R0003902,SL000077505,O00045170,2023-05-04,11,Changed mind,1,141.23,0.0,Completed
R0003903,SL000077517,O00045177,2025-12-27,10,Not as described,2,33.71,0.0,Completed
R0003904,SL000077519,O00045177,2025-12-24,7,Size or fit issue,1,36.71,0.0,Completed
R0003905,SL000077573,O00045206,2024-09-26,26,Changed mind,4,11.64,0.0,Completed
R0003906,SL000077579,O00045209,2024-12-19,5,Faulty product,2,85.2,0.0,Completed
R0003907,SL000077587,O00045212,2023-11-25,13,Faulty product,1,118.23,0.0,Completed
R0003908,SL000077599,O00045220,2024-07-14,24,Not as described,1,16.41,0.0,Completed
R0003909,SL000077630,O00045243,2023-04-27,7,Faulty product,3,34.53,0.0,Completed
R0003910,SL000077676,O00045271,2023-11-15,17,Changed mind,1,219.06,38.66,Completed
R0003911,SL000077700,O00045286,2023-07-21,5,Changed mind,2,30.74,0.0,Completed
R0003912,SL000077735,O00045305,2025-07-10,18,Changed mind,1,36.61,6.46,Completed
R0003913,SL000077742,O00045309,2023-05-13,24,Changed mind,1,6.88,0.0,Completed
R0003914,SL000077782,O00045331,2023-09-30,23,Damaged item,1,32.9,0.0,Completed
R0003915,SL000077788,O00045334,2024-02-17,21,Size or fit issue,1,7.92,0.0,Completed
R0003916,SL000077807,O00045344,2024-09-12,13,Faulty product,1,15.89,0.0,Completed
R0003917,SL000077818,O00045350,2024-06-20,14,Faulty product,1,68.4,0.0,Completed
R0003918,SL000077824,O00045354,2023-12-20,13,Changed mind,1,13.91,2.46,Completed
R0003919,SL000077893,O00045394,2024-07-26,7,Not as described,1,43.43,0.0,Completed
R0003920,SL000077898,O00045396,2023-01-20,16,Changed mind,1,29.45,5.2,Completed
R0003921,SL000077910,O00045405,2023-02-22,10,Incorrect item,1,194.22,0.0,Completed
R0003922,SL000077927,O00045414,2024-12-13,2,Damaged item,1,381.7,0.0,Completed
R0003923,SL000077929,O00045415,2025-07-28,8,Faulty product,1,35.0,0.0,Completed
R0003924,SL000077931,O00045417,2023-05-06,6,Not as described,1,113.83,0.0,Completed
R0003925,SL000077993,O00045457,2025-07-14,10,Faulty product,4,189.52,0.0,Completed
R0003926,SL000078034,O00045480,2023-11-29,3,Faulty product,3,17.04,0.0,Completed
R0003927,SL000078047,O00045488,2025-10-08,9,Changed mind,1,63.28,0.0,Completed
R0003928,SL000078065,O00045500,2024-01-06,44,Changed mind,1,53.97,9.52,Completed
R0003929,SL000078079,O00045507,2024-01-21,28,Not as described,4,42.24,0.0,Completed
R0003930,SL000078087,O00045513,2024-03-03,5,Late delivery,1,33.95,0.0,Completed
R0003931,SL000078090,O00045514,2024-04-23,4,Faulty product,2,136.44,0.0,Pending
R0003932,SL000078154,O00045557,2024-04-21,16,Faulty product,2,35.1,0.0,Completed
R0003933,SL000078164,O00045563,2024-12-17,27,Size or fit issue,1,33.16,0.0,Completed
R0003934,SL000078168,O00045565,2025-04-12,8,Damaged item,1,191.85,0.0,Completed
R0003935,SL000078178,O00045570,2025-01-04,5,Incorrect item,1,32.9,0.0,Completed
R0003936,SL000078182,O00045571,2025-12-30,12,Faulty product,1,339.3,0.0,Completed
R0003937,SL000078187,O00045574,2024-08-13,11,Changed mind,1,163.8,28.91,Completed
R0003938,SL000078253,O00045609,2024-01-25,14,Incorrect item,1,26.06,0.0,Pending
R0003939,SL000078297,O00045632,2025-02-06,24,Faulty product,1,15.22,0.0,Completed
R0003940,SL000078321,O00045642,2023-11-11,20,Faulty product,1,11.28,0.0,Completed
R0003941,SL000078328,O00045644,2023-08-15,10,Damaged item,2,30.0,0.0,Completed
R0003942,SL000078330,O00045645,2025-04-29,9,Changed mind,1,141.34,0.0,Completed
R0003943,SL000078374,O00045668,2025-03-27,6,Damaged item,1,120.42,0.0,Completed
R0003944,SL000078376,O00045669,2023-07-17,3,Late delivery,1,34.65,0.0,Completed
R0003945,SL000078399,O00045681,2025-03-16,7,Incorrect item,1,200.23,0.0,Completed
R0003946,SL000078415,O00045689,2024-08-01,20,Incorrect item,1,72.33,0.0,Completed
R0003947,SL000078428,O00045696,2024-03-30,6,Damaged item,2,5.88,0.0,Completed
R0003948,SL000078450,O00045705,2024-04-19,6,Changed mind,3,39.36,0.0,Completed
R0003949,SL000078453,O00045706,2023-01-23,20,Faulty product,1,100.69,0.0,Completed
R0003950,SL000078474,O00045719,2025-08-03,10,Late delivery,1,329.75,0.0,Completed
R0003951,SL000078482,O00045721,2025-03-09,9,Changed mind,1,56.21,0.0,Completed
R0003952,SL000078492,O00045727,2024-12-18,4,Changed mind,1,51.25,0.0,Completed
R0003953,SL000078506,O00045735,2024-03-29,11,Changed mind,3,88.36,15.59,Completed
R0003954,SL000078540,O00045751,2025-09-25,6,Damaged item,1,6.56,0.0,Completed
R0003955,SL000078573,O00045771,2024-11-25,25,Faulty product,1,18.44,0.0,Completed
R0003956,SL000078586,O00045776,2023-04-20,16,Changed mind,1,9.69,1.71,Completed
R0003957,SL000078622,O00045798,2025-11-06,23,Changed mind,1,186.66,0.0,Completed
R0003958,SL000078638,O00045804,2025-05-10,20,Changed mind,1,96.97,0.0,Completed
R0003959,SL000078644,O00045810,2024-02-14,8,Faulty product,1,281.7,0.0,Pending
R0003960,SL000078664,O00045823,2025-11-15,20,Changed mind,2,89.62,0.0,Completed
R0003961,SL000078671,O00045827,2024-06-03,7,Not as described,1,37.34,0.0,Completed
R0003962,SL000078674,O00045829,2024-02-26,10,Changed mind,1,11.76,0.0,Completed
R0003963,SL000078691,O00045836,2023-10-05,10,Damaged item,4,45.6,0.0,Completed
R0003964,SL000078707,O00045846,2023-04-01,6,Faulty product,1,157.02,0.0,Completed
R0003965,SL000078721,O00045857,2024-08-07,16,Not as described,1,16.2,0.0,Completed
R0003966,SL000078730,O00045863,2023-12-14,27,Late delivery,2,76.4,0.0,Completed
R0003967,SL000078841,O00045928,2024-10-24,8,Faulty product,4,203.03,0.0,Completed
R0003968,SL000078844,O00045929,2025-01-26,15,Incorrect item,3,51.94,0.0,Completed
R0003969,SL000078850,O00045934,2025-01-24,14,Faulty product,1,9.48,0.0,Completed
R0003970,SL000078889,O00045955,2026-01-06,12,Changed mind,3,109.27,0.0,Completed
R0003971,SL000078917,O00045972,2023-06-09,11,Damaged item,1,33.23,0.0,Completed
R0003972,SL000078927,O00045978,2025-01-01,4,Changed mind,1,107.92,0.0,Pending
R0003973,SL000078938,O00045984,2025-07-17,10,Changed mind,1,145.85,0.0,Completed
R0003974,SL000078948,O00045992,2025-01-01,10,Incorrect item,1,34.3,0.0,Completed
R0003975,SL000078949,O00045992,2024-12-30,8,Damaged item,1,174.92,0.0,Completed
R0003976,SL000078997,O00046015,2023-10-16,6,Faulty product,1,19.59,0.0,Completed
R0003977,SL000079001,O00046018,2024-06-23,4,Changed mind,2,45.01,0.0,Completed
R0003978,SL000079003,O00046019,2024-06-16,17,Changed mind,1,12.11,2.14,Completed
R0003979,SL000079022,O00046029,2025-12-01,11,Not as described,1,5.92,0.0,Completed
R0003980,SL000079050,O00046049,2024-05-24,11,Not as described,1,5.18,0.0,Completed
R0003981,SL000079051,O00046049,2024-05-26,13,Faulty product,1,91.04,0.0,Completed
R0003982,SL000079067,O00046058,2024-08-31,5,Changed mind,1,24.15,0.0,Completed
R0003983,SL000079068,O00046059,2025-08-01,2,Changed mind,1,72.23,0.0,Pending
R0003984,SL000079136,O00046100,2023-06-13,14,Faulty product,2,35.77,0.0,Completed
R0003985,SL000079143,O00046104,2024-06-03,32,Faulty product,1,45.52,0.0,Completed
R0003986,SL000079169,O00046118,2023-09-07,18,Incorrect item,1,7.92,0.0,Completed
R0003987,SL000079174,O00046121,2023-10-26,14,Not as described,1,285.85,0.0,Completed
R0003988,SL000079190,O00046130,2023-09-30,4,Faulty product,1,17.52,0.0,Completed
R0003989,SL000079197,O00046132,2024-09-13,6,Faulty product,1,16.06,0.0,Completed
R0003990,SL000079209,O00046139,2025-12-17,7,Not as described,1,15.53,0.0,Completed
R0003991,SL000079211,O00046141,2024-01-24,28,Damaged item,1,25.77,0.0,Completed
R0003992,SL000079213,O00046142,2025-01-10,6,Not as described,3,70.35,0.0,Completed
R0003993,SL000079248,O00046166,2023-11-30,4,Damaged item,1,15.19,0.0,Completed
R0003994,SL000079269,O00046178,2025-08-12,17,Not as described,4,11.88,0.0,Completed
R0003995,SL000079353,O00046230,2024-01-30,13,Damaged item,4,90.25,0.0,Pending
R0003996,SL000079360,O00046234,2025-02-12,7,Faulty product,2,39.18,0.0,Completed
R0003997,SL000079362,O00046236,2025-04-22,4,Size or fit issue,1,44.32,0.0,Completed
R0003998,SL000079407,O00046265,2025-07-27,1,Not as described,1,61.26,0.0,Completed
R0003999,SL000079428,O00046278,2024-07-12,8,Faulty product,1,17.91,0.0,Completed
R0004000,SL000079434,O00046281,2023-06-13,12,Faulty product,1,269.55,0.0,Completed
R0004001,SL000079476,O00046305,2025-01-07,3,Changed mind,1,166.19,0.0,Completed
R0004002,SL000079502,O00046319,2023-07-22,14,Changed mind,2,13.53,2.39,Completed
R0004003,SL000079550,O00046347,2025-07-17,4,Damaged item,3,44.1,0.0,Completed
R0004004,SL000079567,O00046360,2025-10-31,4,Size or fit issue,1,18.75,0.0,Completed
R0004005,SL000079569,O00046360,2025-11-04,8,Changed mind,1,21.18,0.0,Completed
R0004006,SL000079573,O00046361,2023-09-29,11,Faulty product,4,48.0,0.0,Completed
R0004007,SL000079623,O00046393,2025-06-28,7,Changed mind,3,47.45,8.37,Completed
R0004008,SL000079640,O00046402,2023-06-10,13,Not as described,1,186.04,0.0,Completed
R0004009,SL000079720,O00046446,2024-08-20,23,Size or fit issue,1,58.66,0.0,Completed
R0004010,SL000079726,O00046452,2025-06-05,9,Changed mind,2,58.31,10.29,Completed
R0004011,SL000079737,O00046460,2024-04-22,16,Changed mind,1,132.91,23.46,Completed
R0004012,SL000079754,O00046468,2024-01-01,17,Changed mind,1,80.0,0.0,Completed
R0004013,SL000079768,O00046477,2023-12-15,19,Changed mind,1,84.84,14.97,Completed
R0004014,SL000079779,O00046482,2025-11-29,8,Incorrect item,1,24.71,0.0,Pending
R0004015,SL000079804,O00046497,2023-12-26,12,Changed mind,1,50.91,8.98,Completed
R0004016,SL000079816,O00046505,2024-02-13,17,Late delivery,1,148.55,0.0,Completed
R0004017,SL000079827,O00046508,2025-11-05,6,Damaged item,1,82.44,0.0,Completed
R0004018,SL000079840,O00046517,2025-07-21,4,Not as described,2,27.2,0.0,Completed
R0004019,SL000079862,O00046531,2023-12-17,17,Changed mind,1,109.01,0.0,Completed
R0004020,SL000079888,O00046545,2024-01-07,2,Damaged item,1,110.38,0.0,Pending
R0004021,SL000079893,O00046548,2024-11-30,12,Size or fit issue,2,116.8,0.0,Completed
R0004022,SL000079904,O00046552,2023-06-22,16,Faulty product,1,35.41,0.0,Completed
R0004023,SL000079931,O00046566,2024-12-02,7,Faulty product,3,33.75,0.0,Completed
R0004024,SL000079952,O00046576,2025-10-26,12,Faulty product,1,78.4,0.0,Pending
R0004025,SL000079954,O00046577,2023-12-04,4,Damaged item,4,59.4,0.0,Completed
R0004026,SL000079958,O00046581,2025-01-22,7,Faulty product,1,109.01,0.0,Completed
R0004027,SL000079962,O00046583,2025-11-02,16,Not as described,1,23.26,0.0,Completed
R0004028,SL000079978,O00046592,2023-11-12,16,Late delivery,1,381.7,0.0,Completed
R0004029,SL000080016,O00046614,2023-06-22,23,Changed mind,4,37.73,6.66,Completed
R0004030,SL000080017,O00046615,2025-11-28,7,Changed mind,1,41.86,0.0,Completed
R0004031,SL000080035,O00046627,2023-12-25,1,Not as described,1,15.53,0.0,Pending
R0004032,SL000080124,O00046678,2025-12-07,19,Damaged item,2,28.43,0.0,Completed
R0004033,SL000080131,O00046682,2025-05-18,3,Changed mind,1,14.7,0.0,Completed
R0004034,SL000080137,O00046685,2024-05-04,4,Faulty product,4,68.39,0.0,Completed
R0004035,SL000080139,O00046687,2023-11-27,9,Changed mind,3,84.99,15.0,Completed
R0004036,SL000080149,O00046695,2024-12-22,1,Damaged item,1,40.93,0.0,Completed
R0004037,SL000080190,O00046721,2024-03-18,22,Size or fit issue,1,27.43,0.0,Completed
R0004038,SL000080245,O00046750,2025-07-12,19,Changed mind,1,48.94,0.0,Completed
R0004039,SL000080274,O00046772,2025-01-05,7,Late delivery,4,113.28,0.0,Completed
R0004040,SL000080298,O00046789,2024-11-07,32,Damaged item,1,88.74,0.0,Completed
R0004041,SL000080303,O00046793,2023-02-03,24,Not as described,3,33.98,0.0,Completed
R0004042,SL000080327,O00046806,2024-06-14,12,Damaged item,1,77.67,0.0,Completed
R0004043,SL000080406,O00046848,2024-04-21,4,Not as described,2,56.49,0.0,Completed
R0004044,SL000080438,O00046866,2023-12-16,18,Faulty product,1,130.1,0.0,Completed
R0004045,SL000080448,O00046871,2023-12-25,8,Faulty product,1,200.23,0.0,Completed
R0004046,SL000080449,O00046871,2024-01-11,25,Changed mind,1,8.98,1.58,Completed
R0004047,SL000080454,O00046874,2024-11-29,5,Damaged item,1,44.31,0.0,Completed
R0004048,SL000080474,O00046886,2024-05-16,7,Not as described,1,153.79,0.0,Completed
R0004049,SL000080491,O00046894,2024-05-14,33,Faulty product,1,7.92,0.0,Completed
R0004050,SL000080517,O00046903,2023-05-18,8,Incorrect item,1,3.09,0.0,Completed
R0004051,SL000080521,O00046904,2025-07-15,15,Faulty product,1,72.81,0.0,Completed
R0004052,SL000080525,O00046907,2023-11-20,27,Changed mind,1,290.41,0.0,Completed
R0004053,SL000080550,O00046923,2024-06-14,4,Not as described,1,96.97,0.0,Completed
R0004054,SL000080552,O00046923,2024-06-28,18,Late delivery,1,60.7,0.0,Completed
R0004055,SL000080587,O00046941,2025-04-25,19,Faulty product,1,33.95,0.0,Completed
R0004056,SL000080591,O00046941,2025-04-11,5,Changed mind,3,22.56,0.0,Completed
R0004057,SL000080601,O00046946,2024-01-31,5,Changed mind,1,325.41,57.43,Completed
R0004058,SL000080619,O00046956,2024-04-12,9,Size or fit issue,3,44.55,0.0,Completed
R0004059,SL000080627,O00046958,2024-07-27,15,Changed mind,1,33.95,0.0,Completed
R0004060,SL000080635,O00046964,2024-08-11,16,Changed mind,1,143.21,0.0,Completed
R0004061,SL000080661,O00046981,2025-07-31,3,Not as described,1,11.88,0.0,Completed
R0004062,SL000080694,O00047000,2024-01-10,4,Changed mind,1,19.87,0.0,Completed
R0004063,SL000080716,O00047012,2024-12-15,20,Changed mind,1,48.58,0.0,Completed
R0004064,SL000080732,O00047019,2025-08-01,7,Incorrect item,2,144.66,0.0,Completed
R0004065,SL000080738,O00047021,2023-07-19,12,Changed mind,1,21.0,0.0,Pending
R0004066,SL000080747,O00047024,2025-04-04,8,Incorrect item,1,172.62,0.0,Completed
R0004067,SL000080757,O00047030,2025-08-29,3,Damaged item,1,68.24,0.0,Completed
R0004068,SL000080760,O00047031,2023-04-11,6,Changed mind,1,3.25,0.0,Completed
R0004069,SL000080781,O00047043,2025-12-25,12,Changed mind,1,85.02,0.0,Completed
R0004070,SL000080784,O00047044,2023-01-11,2,Changed mind,1,27.48,0.0,Completed
R0004071,SL000080789,O00047046,2024-11-24,7,Not as described,1,627.81,0.0,Completed
R0004072,SL000080799,O00047050,2023-06-21,6,Changed mind,1,269.79,0.0,Completed
R0004073,SL000080871,O00047094,2025-12-30,15,Faulty product,1,50.79,0.0,Completed
R0004074,SL000080916,O00047125,2024-12-12,14,Changed mind,2,152.33,26.88,Completed
R0004075,SL000080918,O00047126,2023-12-02,24,Faulty product,2,60.51,0.0,Completed
R0004076,SL000080924,O00047130,2025-11-26,5,Faulty product,4,80.36,0.0,Completed
R0004077,SL000080936,O00047136,2025-06-21,4,Faulty product,1,125.1,0.0,Completed
R0004078,SL000080941,O00047139,2025-07-23,5,Damaged item,1,14.85,0.0,Completed
R0004079,SL000080945,O00047142,2024-11-28,5,Faulty product,4,68.91,0.0,Completed
R0004080,SL000080959,O00047151,2025-09-23,4,Not as described,1,102.08,0.0,Completed
R0004081,SL000080967,O00047155,2025-03-29,3,Changed mind,1,26.72,0.0,Completed
R0004082,SL000080996,O00047174,2024-05-24,45,Changed mind,1,115.0,0.0,Completed
R0004083,SL000080998,O00047174,2024-04-13,4,Changed mind,1,257.73,0.0,Completed
R0004084,SL000081007,O00047180,2024-12-12,4,Changed mind,1,6.88,0.0,Completed
R0004085,SL000081015,O00047185,2025-05-10,10,Size or fit issue,1,381.7,0.0,Completed
R0004086,SL000081024,O00047190,2023-10-29,3,Damaged item,1,79.2,0.0,Completed
R0004087,SL000081027,O00047191,2024-12-15,12,Late delivery,1,27.35,0.0,Completed
R0004088,SL000081030,O00047192,2023-02-24,8,Damaged item,3,56.52,0.0,Completed
R0004089,SL000081042,O00047198,2024-05-22,19,Not as described,2,68.6,0.0,Completed
R0004090,SL000081052,O00047206,2025-07-17,10,Damaged item,1,511.23,0.0,Completed
R0004091,SL000081076,O00047220,2023-04-28,7,Changed mind,1,73.19,12.92,Completed
R0004092,SL000081079,O00047221,2023-06-28,9,Faulty product,1,100.54,0.0,Pending
R0004093,SL000081080,O00047222,2025-02-03,1,Faulty product,4,164.93,0.0,Completed
R0004094,SL000081105,O00047234,2024-07-19,14,Damaged item,1,104.71,0.0,Completed
R0004095,SL000081124,O00047242,2024-04-30,3,Changed mind,4,100.92,0.0,Completed
R0004096,SL000081152,O00047259,2024-01-01,7,Incorrect item,2,28.32,0.0,Completed
R0004097,SL000081170,O00047267,2024-03-27,5,Damaged item,1,85.02,0.0,Completed
R0004098,SL000081174,O00047271,2026-01-14,24,Not as described,1,80.55,0.0,Completed
R0004099,SL000081199,O00047286,2026-01-02,3,Faulty product,1,131.77,0.0,Completed
R0004100,SL000081246,O00047315,2023-11-08,2,Changed mind,1,37.67,6.65,Completed
R0004101,SL000081264,O00047327,2024-07-31,11,Changed mind,1,395.06,0.0,Completed
R0004102,SL000081267,O00047329,2024-12-02,5,Changed mind,1,11.01,1.94,Completed
R0004103,SL000081315,O00047357,2023-09-23,16,Damaged item,1,126.95,0.0,Completed
R0004104,SL000081323,O00047361,2024-12-17,18,Incorrect item,1,240.19,0.0,Completed
R0004105,SL000081331,O00047368,2024-02-04,9,Incorrect item,2,81.63,0.0,Completed
R0004106,SL000081348,O00047379,2023-02-14,9,Changed mind,1,9.72,1.72,Completed
R0004107,SL000081364,O00047390,2023-09-26,18,Changed mind,4,105.44,0.0,Completed
R0004108,SL000081374,O00047396,2024-08-30,8,Size or fit issue,1,91.24,0.0,Completed
R0004109,SL000081384,O00047403,2024-04-02,10,Damaged item,1,4.29,0.0,Completed
R0004110,SL000081385,O00047403,2024-04-06,14,Changed mind,1,28.32,0.0,Completed
R0004111,SL000081401,O00047410,2024-12-09,18,Damaged item,3,106.85,0.0,Completed
R0004112,SL000081417,O00047419,2023-10-23,5,Incorrect item,1,18.44,0.0,Completed
R0004113,SL000081422,O00047420,2024-12-14,18,Damaged item,2,27.88,0.0,Completed
R0004114,SL000081437,O00047428,2025-11-23,4,Damaged item,1,61.83,0.0,Completed
R0004115,SL000081446,O00047435,2025-07-05,4,Changed mind,1,403.21,0.0,Completed
R0004116,SL000081470,O00047449,2024-02-26,4,Not as described,1,52.79,0.0,Completed
R0004117,SL000081483,O00047455,2024-05-06,22,Incorrect item,1,34.65,0.0,Completed
R0004118,SL000081488,O00047458,2025-09-25,3,Damaged item,2,64.35,0.0,Completed
R0004119,SL000081518,O00047475,2026-01-15,24,Changed mind,1,157.44,0.0,Completed
R0004120,SL000081550,O00047492,2024-03-21,22,Changed mind,3,105.0,0.0,Completed
R0004121,SL000081559,O00047497,2025-11-05,9,Faulty product,1,14.03,0.0,Completed
R0004122,SL000081565,O00047499,2024-07-14,4,Damaged item,4,58.2,0.0,Completed
R0004123,SL000081638,O00047543,2024-07-06,5,Incorrect item,1,10.22,0.0,Completed
R0004124,SL000081642,O00047545,2024-06-18,10,Damaged item,1,62.51,0.0,Completed
R0004125,SL000081675,O00047562,2024-07-22,9,Faulty product,1,18.49,0.0,Completed
R0004126,SL000081702,O00047576,2025-11-03,5,Changed mind,2,111.74,0.0,Completed
R0004127,SL000081706,O00047579,2025-01-28,11,Faulty product,4,122.26,0.0,Completed
R0004128,SL000081719,O00047585,2024-10-27,2,Faulty product,1,8.0,0.0,Completed
R0004129,SL000081721,O00047585,2024-10-29,4,Late delivery,1,219.22,0.0,Pending
R0004130,SL000081832,O00047652,2023-07-09,8,Changed mind,1,11.28,0.0,Completed
R0004131,SL000081850,O00047664,2024-07-05,17,Faulty product,1,66.99,0.0,Completed
R0004132,SL000081859,O00047671,2023-08-21,1,Changed mind,2,40.58,0.0,Completed
R0004133,SL000081881,O00047683,2024-07-26,8,Size or fit issue,1,16.92,0.0,Completed
R0004134,SL000081920,O00047705,2025-07-02,14,Changed mind,1,8.63,0.0,Completed
R0004135,SL000081952,O00047726,2023-11-06,5,Faulty product,1,148.86,0.0,Completed
R0004136,SL000081959,O00047729,2024-08-04,9,Changed mind,1,39.43,0.0,Completed
R0004137,SL000081972,O00047736,2024-11-04,1,Damaged item,1,33.95,0.0,Completed
R0004138,SL000081996,O00047749,2023-12-12,11,Size or fit issue,1,293.11,0.0,Completed
R0004139,SL000082005,O00047752,2024-12-28,1,Faulty product,1,257.72,0.0,Completed
R0004140,SL000082029,O00047767,2025-11-10,11,Damaged item,4,160.33,0.0,Completed
R0004141,SL000082038,O00047770,2025-12-26,9,Incorrect item,1,7.95,0.0,Completed
R0004142,SL000082039,O00047770,2025-12-31,14,Damaged item,1,80.0,0.0,Completed
R0004143,SL000082108,O00047810,2025-04-23,26,Size or fit issue,2,70.82,0.0,Completed
R0004144,SL000082152,O00047837,2023-07-26,20,Size or fit issue,1,60.71,0.0,Completed
R0004145,SL000082155,O00047839,2025-07-01,2,Faulty product,1,103.75,0.0,Completed
R0004146,SL000082156,O00047840,2024-12-28,14,Changed mind,1,31.73,0.0,Completed
R0004147,SL000082165,O00047842,2025-04-21,5,Changed mind,1,34.3,0.0,Completed
R0004148,SL000082192,O00047857,2023-11-02,14,Changed mind,1,12.75,2.25,Completed
R0004149,SL000082216,O00047869,2024-12-14,8,Changed mind,2,112.9,0.0,Completed
R0004150,SL000082253,O00047893,2024-01-13,25,Incorrect item,1,36.11,0.0,Completed
R0004151,SL000082266,O00047900,2024-12-03,28,Size or fit issue,1,146.79,0.0,Completed
R0004152,SL000082304,O00047924,2023-11-24,44,Damaged item,1,50.63,0.0,Completed
R0004153,SL000082319,O00047932,2023-10-22,13,Changed mind,1,61.48,10.85,Completed
R0004154,SL000082335,O00047940,2025-12-29,12,Incorrect item,1,284.6,0.0,Completed
R0004155,SL000082349,O00047948,2026-01-03,14,Faulty product,1,343.25,0.0,Completed
R0004156,SL000082394,O00047973,2025-12-17,8,Not as described,2,47.82,0.0,Completed
R0004157,SL000082395,O00047974,2025-12-27,13,Changed mind,1,147.9,0.0,Completed
R0004158,SL000082477,O00048021,2023-08-23,43,Incorrect item,1,15.0,0.0,Completed
R0004159,SL000082482,O00048022,2024-07-11,9,Size or fit issue,1,275.89,0.0,Completed
R0004160,SL000082511,O00048033,2024-12-26,9,Not as described,1,130.71,0.0,Pending
R0004161,SL000082520,O00048038,2024-11-16,7,Changed mind,1,11.88,0.0,Completed
R0004162,SL000082524,O00048041,2026-01-14,14,Changed mind,1,31.19,0.0,Completed
R0004163,SL000082548,O00048056,2025-03-04,9,Incorrect item,1,565.93,0.0,Completed
R0004164,SL000082564,O00048063,2024-09-14,10,Incorrect item,2,69.3,0.0,Completed
R0004165,SL000082588,O00048078,2024-05-20,3,Late delivery,2,200.03,0.0,Completed
R0004166,SL000082626,O00048097,2024-03-22,9,Faulty product,1,21.87,0.0,Completed
R0004167,SL000082649,O00048110,2023-06-01,7,Damaged item,2,92.86,0.0,Completed
R0004168,SL000082653,O00048112,2024-08-07,2,Faulty product,1,20.32,0.0,Completed
R0004169,SL000082659,O00048116,2023-08-27,8,Late delivery,1,58.14,0.0,Completed
R0004170,SL000082690,O00048134,2025-09-26,5,Damaged item,1,98.48,0.0,Completed
R0004171,SL000082692,O00048135,2023-11-25,2,Not as described,2,52.5,0.0,Completed
R0004172,SL000082698,O00048141,2026-01-04,8,Damaged item,1,64.94,0.0,Completed
R0004173,SL000082716,O00048153,2024-08-02,8,Incorrect item,1,9.19,0.0,Completed
R0004174,SL000082727,O00048156,2024-03-09,4,Size or fit issue,3,35.28,0.0,Completed
R0004175,SL000082743,O00048164,2024-02-07,10,Changed mind,1,18.48,0.0,Completed
R0004176,SL000082745,O00048165,2025-04-20,12,Size or fit issue,2,61.72,0.0,Completed
R0004177,SL000082780,O00048185,2025-03-28,8,Incorrect item,1,178.49,0.0,Completed
R0004178,SL000082787,O00048189,2024-10-19,4,Damaged item,1,7.03,0.0,Completed
R0004179,SL000082808,O00048204,2024-09-13,2,Damaged item,1,14.55,0.0,Completed
R0004180,SL000082814,O00048206,2023-09-27,14,Size or fit issue,1,66.03,0.0,Completed
R0004181,SL000082847,O00048222,2023-07-14,8,Damaged item,1,47.22,0.0,Completed
R0004182,SL000082882,O00048246,2024-02-27,3,Changed mind,1,90.43,15.96,Completed
R0004183,SL000082885,O00048247,2024-08-24,9,Damaged item,1,4.17,0.0,Completed
R0004184,SL000082920,O00048265,2025-10-14,20,Changed mind,1,18.6,0.0,Completed
R0004185,SL000082941,O00048277,2025-07-31,4,Damaged item,1,7.92,0.0,Completed
R0004186,SL000082948,O00048283,2024-12-30,9,Size or fit issue,1,79.2,0.0,Completed
R0004187,SL000082971,O00048296,2023-06-01,8,Late delivery,1,10.87,0.0,Pending
R0004188,SL000082981,O00048304,2023-08-01,5,Size or fit issue,1,12.67,0.0,Completed
R0004189,SL000082998,O00048314,2025-01-15,19,Size or fit issue,1,332.98,0.0,Completed
R0004190,SL000083066,O00048358,2023-07-30,9,Late delivery,1,18.07,0.0,Completed
R0004191,SL000083083,O00048366,2023-10-20,2,Changed mind,1,28.75,0.0,Completed
R0004192,SL000083112,O00048382,2024-07-17,5,Faulty product,1,18.6,0.0,Completed
R0004193,SL000083187,O00048427,2024-05-06,3,Size or fit issue,1,18.07,0.0,Completed
R0004194,SL000083244,O00048464,2025-11-30,20,Faulty product,1,27.89,0.0,Pending
R0004195,SL000083254,O00048468,2023-09-03,9,Late delivery,1,11.76,0.0,Completed
R0004196,SL000083256,O00048469,2025-08-11,17,Changed mind,1,8.0,0.0,Completed
R0004197,SL000083361,O00048528,2024-01-05,9,Faulty product,1,188.22,0.0,Completed
R0004198,SL000083372,O00048535,2024-05-16,9,Incorrect item,1,176.71,0.0,Completed
R0004199,SL000083450,O00048583,2023-10-12,2,Damaged item,1,43.32,0.0,Completed
R0004200,SL000083474,O00048592,2025-01-07,16,Faulty product,2,53.08,0.0,Completed
R0004201,SL000083483,O00048597,2024-03-27,15,Incorrect item,1,287.51,0.0,Completed
R0004202,SL000083504,O00048610,2023-10-01,13,Not as described,1,106.39,0.0,Completed
R0004203,SL000083508,O00048612,2023-08-08,27,Changed mind,1,333.08,0.0,Completed
R0004204,SL000083512,O00048613,2023-06-11,2,Faulty product,1,27.34,0.0,Completed
R0004205,SL000083540,O00048631,2023-10-06,22,Faulty product,1,19.77,0.0,Completed
R0004206,SL000083549,O00048633,2024-12-12,4,Faulty product,1,40.64,0.0,Completed
R0004207,SL000083550,O00048633,2024-12-15,7,Incorrect item,4,140.0,0.0,Completed
R0004208,SL000083578,O00048650,2025-12-28,7,Changed mind,1,119.59,0.0,Completed
R0004209,SL000083604,O00048663,2023-03-10,12,Faulty product,2,70.11,0.0,Completed
R0004210,SL000083613,O00048668,2025-02-05,7,Changed mind,1,96.78,0.0,Completed
R0004211,SL000083621,O00048674,2024-10-23,21,Damaged item,1,11.64,0.0,Completed
R0004212,SL000083631,O00048680,2024-12-03,28,Faulty product,1,25.83,0.0,Completed
R0004213,SL000083676,O00048704,2025-11-10,3,Incorrect item,1,30.86,0.0,Completed
R0004214,SL000083744,O00048742,2025-07-12,11,Late delivery,1,30.88,0.0,Completed
R0004215,SL000083758,O00048750,2025-10-10,19,Damaged item,1,6.89,0.0,Completed
R0004216,SL000083766,O00048754,2024-08-29,10,Damaged item,1,28.61,0.0,Completed
R0004217,SL000083792,O00048773,2024-01-31,24,Not as described,3,58.77,0.0,Completed
R0004218,SL000083794,O00048774,2025-01-09,5,Faulty product,1,121.33,0.0,Completed
R0004219,SL000083799,O00048778,2023-07-15,17,Incorrect item,1,128.22,0.0,Pending
R0004220,SL000083804,O00048781,2023-12-18,5,Faulty product,1,22.75,0.0,Completed
R0004221,SL000083829,O00048792,2025-09-20,16,Faulty product,1,41.1,0.0,Completed
R0004222,SL000083834,O00048794,2023-08-04,21,Damaged item,1,8.0,0.0,Completed
R0004223,SL000083854,O00048804,2023-11-24,6,Faulty product,1,76.05,0.0,Completed
R0004224,SL000083855,O00048805,2025-02-07,5,Size or fit issue,1,200.96,0.0,Completed
R0004225,SL000083863,O00048809,2024-01-13,13,Incorrect item,1,80.0,0.0,Completed
R0004226,SL000083882,O00048821,2023-10-31,10,Not as described,1,49.96,0.0,Completed
R0004227,SL000083913,O00048835,2023-04-08,26,Damaged item,1,180.96,0.0,Completed
R0004228,SL000083932,O00048844,2023-10-15,9,Not as described,1,11.4,0.0,Completed
R0004229,SL000083955,O00048857,2025-12-08,3,Changed mind,2,20.16,0.0,Completed
R0004230,SL000083978,O00048873,2025-01-02,6,Damaged item,1,100.69,0.0,Completed
R0004231,SL000084001,O00048886,2025-03-05,9,Faulty product,1,93.09,0.0,Completed
R0004232,SL000084009,O00048890,2024-11-12,10,Faulty product,1,41.65,0.0,Completed
R0004233,SL000084028,O00048901,2025-04-06,16,Not as described,1,7.52,0.0,Completed
R0004234,SL000084034,O00048906,2025-02-08,7,Changed mind,1,11.64,0.0,Completed
R0004235,SL000084036,O00048908,2023-05-31,17,Damaged item,1,26.44,0.0,Completed
R0004236,SL000084061,O00048921,2023-07-03,6,Late delivery,1,23.78,0.0,Completed
R0004237,SL000084110,O00048952,2024-09-24,5,Not as described,1,264.16,0.0,Completed
R0004238,SL000084158,O00048980,2023-12-06,10,Damaged item,1,6.33,0.0,Completed
R0004239,SL000084167,O00048987,2023-01-11,2,Size or fit issue,1,61.18,0.0,Completed
R0004240,SL000084225,O00049019,2025-11-27,5,Not as described,2,4.14,0.0,Completed
R0004241,SL000084226,O00049020,2025-11-27,2,Changed mind,1,26.9,0.0,Completed
R0004242,SL000084233,O00049026,2025-10-30,10,Incorrect item,1,34.81,0.0,Completed
R0004243,SL000084247,O00049034,2025-02-21,4,Faulty product,1,194.66,0.0,Completed
R0004244,SL000084268,O00049045,2024-12-12,12,Changed mind,1,150.36,0.0,Completed
R0004245,SL000084287,O00049057,2024-11-11,3,Faulty product,1,8.9,0.0,Completed
R0004246,SL000084292,O00049061,2024-12-02,4,Not as described,1,6.72,0.0,Completed
R0004247,SL000084294,O00049061,2024-12-03,5,Changed mind,4,46.5,8.2,Completed
R0004248,SL000084302,O00049066,2025-08-03,14,Faulty product,1,33.33,0.0,Completed
R0004249,SL000084317,O00049071,2023-12-11,15,Changed mind,1,9.0,0.0,Completed
R0004250,SL000084365,O00049099,2025-12-15,4,Damaged item,1,57.86,0.0,Completed
R0004251,SL000084406,O00049128,2025-08-11,22,Size or fit issue,1,189.9,0.0,Completed
R0004252,SL000084410,O00049132,2025-06-27,13,Late delivery,2,53.9,0.0,Completed
R0004253,SL000084416,O00049136,2025-05-19,14,Size or fit issue,2,102.84,0.0,Completed
R0004254,SL000084420,O00049138,2024-03-17,38,Size or fit issue,4,187.64,0.0,Completed
R0004255,SL000084426,O00049142,2025-04-25,4,Changed mind,1,64.66,0.0,Completed
R0004256,SL000084427,O00049142,2025-05-07,16,Damaged item,1,76.05,0.0,Completed
R0004257,SL000084503,O00049186,2024-09-22,11,Damaged item,1,79.26,0.0,Completed
R0004258,SL000084551,O00049216,2025-01-18,6,Faulty product,1,25.83,0.0,Completed
R0004259,SL000084558,O00049221,2023-12-29,10,Changed mind,3,101.99,18.0,Completed
R0004260,SL000084577,O00049232,2024-09-20,18,Changed mind,1,106.44,0.0,Completed
R0004261,SL000084600,O00049247,2025-06-30,10,Faulty product,1,26.47,0.0,Completed
R0004262,SL000084618,O00049256,2023-07-21,5,Incorrect item,2,71.45,0.0,Completed
R0004263,SL000084748,O00049334,2023-02-27,6,Size or fit issue,4,91.18,0.0,Completed
R0004264,SL000084756,O00049339,2024-08-23,6,Faulty product,1,337.81,0.0,Completed
R0004265,SL000084769,O00049348,2023-05-14,3,Changed mind,1,176.71,0.0,Completed
R0004266,SL000084773,O00049350,2024-01-15,2,Incorrect item,3,50.89,0.0,Completed
R0004267,SL000084791,O00049360,2026-01-04,16,Not as described,2,57.74,0.0,Completed
R0004268,SL000084797,O00049364,2025-09-15,15,Late delivery,1,11.44,0.0,Completed
R0004269,SL000084823,O00049381,2025-06-22,8,Late delivery,1,160.18,0.0,Completed
R0004270,SL000084834,O00049388,2024-06-13,1,Damaged item,1,7.92,0.0,Completed
R0004271,SL000084874,O00049409,2023-12-02,5,Faulty product,1,124.49,0.0,Completed
R0004272,SL000084890,O00049418,2024-01-28,7,Size or fit issue,1,56.41,0.0,Completed
R0004273,SL000084893,O00049419,2024-05-16,10,Not as described,2,8.58,0.0,Completed
R0004274,SL000084935,O00049442,2023-09-14,13,Faulty product,1,42.21,0.0,Completed
R0004275,SL000084955,O00049457,2023-06-11,15,Damaged item,1,287.51,0.0,Completed
R0004276,SL000084958,O00049458,2025-09-25,9,Changed mind,1,68.11,0.0,Completed
R0004277,SL000084976,O00049468,2023-05-30,8,Size or fit issue,1,28.17,0.0,Completed
R0004278,SL000084999,O00049481,2025-07-28,3,Not as described,1,62.51,0.0,Pending
R0004279,SL000085022,O00049497,2023-03-19,15,Changed mind,1,62.1,10.96,Completed
R0004280,SL000085033,O00049504,2025-07-14,18,Faulty product,1,62.4,0.0,Completed
R0004281,SL000085078,O00049529,2023-11-06,24,Faulty product,1,217.32,0.0,Completed
R0004282,SL000085086,O00049534,2023-01-14,10,Incorrect item,1,65.11,0.0,Completed
R0004283,SL000085099,O00049543,2024-08-09,6,Changed mind,1,63.24,0.0,Completed
R0004284,SL000085100,O00049543,2024-08-06,3,Incorrect item,2,10.64,0.0,Completed
R0004285,SL000085106,O00049549,2024-12-31,7,Incorrect item,1,149.98,0.0,Completed
R0004286,SL000085107,O00049549,2025-01-18,25,Damaged item,1,56.14,0.0,Completed
R0004287,SL000085143,O00049573,2023-05-16,14,Size or fit issue,1,14.47,0.0,Completed
R0004288,SL000085151,O00049578,2023-04-24,6,Size or fit issue,1,33.95,0.0,Completed
R0004289,SL000085168,O00049586,2025-12-31,15,Incorrect item,1,399.13,0.0,Completed
R0004290,SL000085213,O00049613,2026-01-16,22,Not as described,1,69.45,0.0,Completed
R0004291,SL000085215,O00049614,2024-05-31,10,Incorrect item,1,138.69,0.0,Completed
R0004292,SL000085223,O00049619,2025-05-25,25,Faulty product,1,17.67,0.0,Completed
R0004293,SL000085237,O00049627,2024-12-19,7,Changed mind,1,10.82,0.0,Completed
R0004294,SL000085273,O00049654,2023-10-14,6,Faulty product,1,7.52,0.0,Completed
R0004295,SL000085281,O00049660,2024-02-09,4,Faulty product,1,12.0,0.0,Completed
R0004296,SL000085318,O00049680,2025-11-25,15,Size or fit issue,3,69.78,0.0,Pending
R0004297,SL000085399,O00049724,2023-10-13,13,Changed mind,4,75.48,0.0,Completed
R0004298,SL000085419,O00049736,2025-09-29,3,Size or fit issue,1,108.17,0.0,Completed
R0004299,SL000085427,O00049741,2023-12-20,4,Faulty product,4,91.97,0.0,Completed
R0004300,SL000085429,O00049743,2024-07-15,6,Damaged item,1,35.0,0.0,Completed
R0004301,SL000085481,O00049773,2024-11-28,5,Changed mind,1,54.96,0.0,Completed
R0004302,SL000085500,O00049786,2024-01-06,2,Incorrect item,1,109.07,0.0,Completed
R0004303,SL000085512,O00049792,2024-12-12,3,Late delivery,1,29.75,0.0,Completed
R0004304,SL000085516,O00049795,2023-09-16,27,Incorrect item,1,257.72,0.0,Completed
R0004305,SL000085553,O00049815,2024-12-02,17,Faulty product,2,212.78,0.0,Completed
R0004306,SL000085577,O00049827,2023-07-25,7,Changed mind,1,56.81,10.03,Completed
R0004307,SL000085581,O00049829,2025-08-01,7,Incorrect item,1,22.94,0.0,Completed
R0004308,SL000085604,O00049841,2024-12-18,24,Changed mind,1,98.5,0.0,Completed
R0004309,SL000085615,O00049849,2023-11-07,3,Late delivery,1,142.3,0.0,Completed
R0004310,SL000085637,O00049859,2024-06-05,13,Late delivery,2,385.43,0.0,Pending
R0004311,SL000085677,O00049883,2025-06-29,3,Changed mind,1,63.2,0.0,Completed
R0004312,SL000085687,O00049889,2023-11-17,3,Damaged item,1,11.64,0.0,Completed
R0004313,SL000085689,O00049889,2023-12-08,24,Incorrect item,1,80.0,0.0,Pending
R0004314,SL000085727,O00049910,2023-10-03,6,Size or fit issue,1,18.07,0.0,Completed
R0004315,SL000085736,O00049915,2025-12-02,7,Changed mind,1,8.82,1.56,Completed
R0004316,SL000085742,O00049918,2024-11-14,6,Incorrect item,1,115.55,0.0,Completed
R0004317,SL000085746,O00049919,2025-12-31,8,Changed mind,3,82.41,0.0,Completed
R0004318,SL000085779,O00049941,2023-04-04,5,Not as described,1,34.3,0.0,Completed
R0004319,SL000085785,O00049945,2025-01-14,13,Changed mind,1,117.03,0.0,Completed
R0004320,SL000085798,O00049952,2023-11-29,12,Faulty product,1,22.64,0.0,Completed
R0004321,SL000085809,O00049956,2023-11-18,2,Changed mind,1,41.03,0.0,Pending
R0004322,SL000085831,O00049969,2024-11-13,5,Faulty product,1,44.36,0.0,Completed
R0004323,SL000085862,O00049988,2024-01-02,22,Changed mind,1,28.0,0.0,Completed
R0004324,SL000085872,O00049992,2023-12-26,3,Changed mind,1,342.73,60.48,Completed
R0004325,SL000085879,O00049997,2024-12-27,9,Changed mind,1,374.07,0.0,Completed
R0004326,SL000085888,O00050002,2024-08-15,8,Changed mind,2,56.1,0.0,Completed
R0004327,SL000085894,O00050007,2023-11-12,4,Changed mind,1,21.42,0.0,Completed
R0004328,SL000085946,O00050040,2023-01-16,11,Incorrect item,1,68.91,0.0,Completed
R0004329,SL000085975,O00050058,2023-06-02,28,Changed mind,1,14.63,0.0,Completed
R0004330,SL000085991,O00050067,2023-12-22,14,Incorrect item,2,20.4,0.0,Completed
R0004331,SL000086061,O00050100,2023-06-26,11,Changed mind,1,8.36,1.48,Completed
R0004332,SL000086063,O00050102,2023-01-18,11,Changed mind,1,34.49,0.0,Completed
R0004333,SL000086081,O00050111,2023-05-16,1,Faulty product,1,27.86,0.0,Completed
R0004334,SL000086083,O00050112,2024-03-11,25,Faulty product,3,88.48,0.0,Completed
R0004335,SL000086091,O00050117,2024-04-30,3,Damaged item,1,19.92,0.0,Completed
R0004336,SL000086129,O00050140,2023-04-25,12,Faulty product,1,7.92,0.0,Completed
R0004337,SL000086156,O00050152,2023-09-15,10,Changed mind,1,80.0,0.0,Completed
R0004338,SL000086164,O00050155,2024-07-10,13,Not as described,3,99.96,0.0,Completed
R0004339,SL000086189,O00050168,2025-08-07,12,Damaged item,1,101.05,0.0,Completed
R0004340,SL000086213,O00050181,2025-09-05,10,Changed mind,1,8.56,0.0,Completed
R0004341,SL000086237,O00050193,2025-02-02,6,Damaged item,1,37.73,0.0,Completed
R0004342,SL000086275,O00050211,2025-03-13,16,Damaged item,1,34.65,0.0,Completed
R0004343,SL000086280,O00050213,2025-01-15,3,Size or fit issue,2,75.77,0.0,Completed
R0004344,SL000086306,O00050229,2025-09-10,24,Faulty product,1,196.23,0.0,Completed
R0004345,SL000086318,O00050236,2024-05-14,6,Changed mind,1,89.5,15.79,Completed
R0004346,SL000086324,O00050240,2025-12-28,4,Faulty product,1,55.5,0.0,Completed
R0004347,SL000086327,O00050243,2025-01-27,6,Changed mind,1,143.95,25.4,Completed
R0004348,SL000086328,O00050243,2025-01-26,5,Changed mind,1,25.88,4.57,Completed
R0004349,SL000086337,O00050248,2025-10-06,5,Changed mind,1,78.81,0.0,Completed
R0004350,SL000086343,O00050250,2025-01-11,13,Damaged item,1,29.23,0.0,Completed
R0004351,SL000086360,O00050261,2023-10-31,5,Not as described,1,179.12,0.0,Completed
R0004352,SL000086393,O00050283,2024-03-13,9,Not as described,1,25.13,0.0,Completed
R0004353,SL000086428,O00050306,2024-10-08,18,Not as described,1,106.39,0.0,Completed
R0004354,SL000086463,O00050328,2023-06-18,8,Changed mind,1,11.76,0.0,Completed
R0004355,SL000086480,O00050338,2023-07-20,3,Changed mind,1,64.04,11.3,Completed
R0004356,SL000086508,O00050353,2025-07-18,7,Size or fit issue,1,53.32,0.0,Completed
R0004357,SL000086581,O00050395,2023-12-23,9,Damaged item,1,52.41,0.0,Completed
R0004358,SL000086604,O00050410,2023-02-03,2,Damaged item,1,27.85,0.0,Completed
R0004359,SL000086643,O00050431,2025-01-22,7,Changed mind,1,37.16,0.0,Completed
R0004360,SL000086702,O00050466,2025-02-10,4,Late delivery,2,21.05,0.0,Completed
R0004361,SL000086707,O00050467,2024-12-20,6,Changed mind,1,3.57,0.63,Completed
R0004362,SL000086723,O00050474,2023-12-25,10,Damaged item,3,89.25,0.0,Completed
R0004363,SL000086738,O00050483,2024-11-12,8,Size or fit issue,1,43.32,0.0,Completed
R0004364,SL000086752,O00050488,2024-07-04,4,Not as described,1,80.67,0.0,Completed
R0004365,SL000086807,O00050519,2025-04-28,5,Changed mind,1,224.23,0.0,Completed
R0004366,SL000086848,O00050543,2024-04-22,10,Size or fit issue,2,68.6,0.0,Completed
R0004367,SL000086888,O00050563,2025-01-21,12,Size or fit issue,1,110.38,0.0,Completed
R0004368,SL000086951,O00050597,2025-06-16,2,Not as described,1,95.54,0.0,Completed
R0004369,SL000087030,O00050642,2023-03-09,8,Late delivery,1,230.28,0.0,Completed
R0004370,SL000087115,O00050693,2024-11-30,2,Size or fit issue,1,11.57,0.0,Completed
R0004371,SL000087125,O00050697,2024-10-31,10,Size or fit issue,1,19.42,0.0,Pending
R0004372,SL000087140,O00050707,2024-12-31,18,Size or fit issue,1,120.4,0.0,Completed
R0004373,SL000087146,O00050710,2023-12-14,6,Faulty product,1,201.79,0.0,Completed
R0004374,SL000087157,O00050719,2023-12-17,3,Size or fit issue,2,33.44,0.0,Completed
R0004375,SL000087232,O00050761,2025-06-09,10,Changed mind,1,28.04,0.0,Completed
R0004376,SL000087233,O00050761,2025-06-14,15,Size or fit issue,1,68.4,0.0,Completed
R0004377,SL000087249,O00050770,2024-02-20,11,Damaged item,1,17.85,0.0,Completed
R0004378,SL000087254,O00050771,2023-06-03,2,Changed mind,1,99.68,0.0,Completed
R0004379,SL000087305,O00050799,2025-10-11,13,Changed mind,1,109.01,0.0,Completed
R0004380,SL000087307,O00050800,2025-04-21,25,Damaged item,1,21.91,0.0,Completed
R0004381,SL000087334,O00050815,2025-01-02,26,Damaged item,1,27.25,0.0,Completed
R0004382,SL000087352,O00050823,2024-11-19,4,Late delivery,1,7.84,0.0,Completed
R0004383,SL000087358,O00050828,2024-11-19,12,Changed mind,1,13.45,0.0,Pending
R0004384,SL000087360,O00050830,2023-06-25,8,Faulty product,1,200.78,0.0,Completed
R0004385,SL000087364,O00050833,2025-03-19,14,Damaged item,4,40.92,0.0,Completed
R0004386,SL000087404,O00050859,2023-10-30,6,Damaged item,1,34.1,0.0,Completed
R0004387,SL000087409,O00050861,2023-10-20,8,Size or fit issue,3,11.67,0.0,Completed
R0004388,SL000087426,O00050870,2023-11-22,5,Damaged item,1,80.0,0.0,Completed
R0004389,SL000087434,O00050875,2024-08-23,16,Changed mind,1,17.1,0.0,Completed
R0004390,SL000087437,O00050878,2024-10-02,11,Changed mind,1,17.88,0.0,Completed
R0004391,SL000087481,O00050905,2025-03-19,9,Size or fit issue,2,66.5,0.0,Completed
R0004392,SL000087487,O00050908,2023-11-26,19,Faulty product,1,252.57,0.0,Completed
R0004393,SL000087493,O00050914,2023-12-03,7,Changed mind,1,23.01,0.0,Completed
R0004394,SL000087494,O00050914,2023-12-12,16,Faulty product,1,3.17,0.0,Completed
R0004395,SL000087510,O00050924,2023-08-11,6,Changed mind,1,11.88,0.0,Completed
R0004396,SL000087529,O00050937,2023-11-17,12,Damaged item,1,194.22,0.0,Completed
R0004397,SL000087530,O00050938,2024-03-18,19,Faulty product,1,16.34,0.0,Completed
R0004398,SL000087543,O00050943,2024-09-13,2,Faulty product,1,6.48,0.0,Completed
R0004399,SL000087547,O00050947,2024-12-24,2,Damaged item,3,124.08,0.0,Completed
R0004400,SL000087565,O00050957,2025-12-05,4,Incorrect item,3,89.25,0.0,Completed
R0004401,SL000087579,O00050966,2024-09-09,10,Damaged item,1,76.12,0.0,Completed
R0004402,SL000087593,O00050973,2025-10-23,15,Incorrect item,3,48.02,0.0,Completed
R0004403,SL000087652,O00051005,2025-11-12,14,Changed mind,1,67.54,0.0,Completed
R0004404,SL000087660,O00051008,2024-11-29,4,Faulty product,1,90.61,0.0,Completed
R0004405,SL000087718,O00051039,2025-12-23,6,Late delivery,1,139.22,0.0,Completed
R0004406,SL000087733,O00051049,2024-11-20,11,Damaged item,1,84.16,0.0,Completed
R0004407,SL000087734,O00051050,2025-02-24,12,Damaged item,1,80.0,0.0,Completed
R0004408,SL000087752,O00051060,2023-03-19,10,Faulty product,1,11.88,0.0,Completed
R0004409,SL000087755,O00051061,2023-08-22,10,Faulty product,2,37.68,0.0,Completed
R0004410,SL000087807,O00051090,2025-11-20,5,Changed mind,1,59.87,0.0,Completed
R0004411,SL000087831,O00051108,2023-12-26,10,Faulty product,1,10.95,0.0,Completed
R0004412,SL000087849,O00051118,2024-12-01,9,Changed mind,1,2.16,0.0,Completed
R0004413,SL000087854,O00051122,2025-04-16,11,Not as described,2,32.69,0.0,Completed
R0004414,SL000087967,O00051188,2024-07-01,5,Changed mind,1,173.06,30.54,Pending
R0004415,SL000087988,O00051199,2024-01-09,3,Damaged item,2,65.99,0.0,Completed
R0004416,SL000087999,O00051204,2025-06-26,3,Faulty product,1,147.94,0.0,Completed
R0004417,SL000088097,O00051274,2024-03-28,21,Changed mind,1,70.92,0.0,Completed
R0004418,SL000088115,O00051283,2023-03-27,17,Changed mind,2,37.12,0.0,Completed
R0004419,SL000088142,O00051298,2024-01-06,16,Faulty product,1,30.45,0.0,Completed
R0004420,SL000088155,O00051306,2025-05-29,6,Size or fit issue,1,52.25,0.0,Completed
R0004421,SL000088224,O00051340,2025-12-26,38,Size or fit issue,2,115.2,0.0,Completed
R0004422,SL000088249,O00051358,2024-01-09,13,Changed mind,1,7.84,0.0,Completed
R0004423,SL000088273,O00051370,2024-01-29,4,Size or fit issue,1,399.13,0.0,Completed
R0004424,SL000088289,O00051379,2023-12-01,7,Faulty product,2,191.86,0.0,Completed
R0004425,SL000088290,O00051380,2025-08-21,6,Incorrect item,4,212.08,0.0,Completed
R0004426,SL000088292,O00051382,2023-07-12,6,Faulty product,1,57.25,0.0,Completed
R0004427,SL000088332,O00051406,2025-06-12,10,Incorrect item,1,20.28,0.0,Completed
R0004428,SL000088338,O00051410,2025-12-28,14,Changed mind,1,45.32,0.0,Completed
R0004429,SL000088345,O00051416,2025-12-31,11,Size or fit issue,4,93.15,0.0,Completed
R0004430,SL000088357,O00051422,2024-12-07,8,Faulty product,1,50.27,0.0,Completed
R0004431,SL000088366,O00051426,2025-12-26,7,Faulty product,1,377.88,0.0,Completed
R0004432,SL000088368,O00051427,2025-01-09,9,Damaged item,1,17.67,0.0,Completed
R0004433,SL000088369,O00051428,2024-11-24,4,Changed mind,1,146.0,0.0,Completed
R0004434,SL000088371,O00051428,2024-11-27,7,Late delivery,1,2.25,0.0,Completed
R0004435,SL000088373,O00051429,2024-02-29,6,Faulty product,1,77.6,0.0,Completed
R0004436,SL000088425,O00051464,2024-09-19,11,Faulty product,2,20.64,0.0,Completed
R0004437,SL000088447,O00051478,2024-12-05,15,Incorrect item,1,6.0,0.0,Completed
R0004438,SL000088506,O00051513,2025-07-08,3,Changed mind,1,103.56,0.0,Completed
R0004439,SL000088558,O00051542,2025-12-19,18,Damaged item,1,39.62,0.0,Completed
R0004440,SL000088572,O00051550,2024-12-18,10,Incorrect item,1,54.39,0.0,Completed
R0004441,SL000088580,O00051554,2023-03-06,5,Damaged item,1,31.43,0.0,Completed
R0004442,SL000088637,O00051590,2024-02-28,36,Changed mind,1,45.64,0.0,Completed
R0004443,SL000088643,O00051594,2024-02-17,8,Damaged item,1,7.36,0.0,Completed
R0004444,SL000088651,O00051597,2023-01-25,19,Not as described,1,33.25,0.0,Completed
R0004445,SL000088663,O00051604,2025-12-09,22,Incorrect item,2,11.84,0.0,Completed
R0004446,SL000088703,O00051622,2024-02-27,5,Size or fit issue,1,111.06,0.0,Completed
R0004447,SL000088725,O00051637,2023-09-06,25,Damaged item,1,284.6,0.0,Completed
R0004448,SL000088729,O00051637,2023-08-17,5,Changed mind,3,102.9,0.0,Completed
R0004449,SL000088742,O00051646,2025-09-07,3,Not as described,1,26.01,0.0,Pending
R0004450,SL000088759,O00051656,2024-08-12,2,Size or fit issue,1,21.91,0.0,Completed
R0004451,SL000088798,O00051682,2023-07-08,13,Changed mind,2,114.25,0.0,Completed
R0004452,SL000088827,O00051700,2023-10-23,12,Size or fit issue,4,117.97,0.0,Completed
R0004453,SL000088848,O00051714,2023-05-06,17,Changed mind,3,66.99,0.0,Completed
R0004454,SL000088887,O00051739,2023-12-16,4,Damaged item,1,327.68,0.0,Completed
R0004455,SL000088895,O00051745,2025-11-28,9,Changed mind,1,7.0,1.24,Completed
R0004456,SL000088928,O00051764,2025-12-27,20,Late delivery,1,30.45,0.0,Completed
R0004457,SL000088974,O00051797,2025-03-02,18,Changed mind,1,80.5,0.0,Completed
R0004458,SL000089023,O00051826,2025-08-29,1,Damaged item,1,24.98,0.0,Completed
R0004459,SL000089029,O00051829,2024-04-16,5,Changed mind,2,129.06,0.0,Completed
R0004460,SL000089066,O00051850,2023-11-03,15,Faulty product,1,172.62,0.0,Completed
R0004461,SL000089082,O00051856,2024-12-19,20,Damaged item,1,248.24,0.0,Completed
R0004462,SL000089087,O00051858,2025-01-18,9,Changed mind,1,329.75,0.0,Pending
R0004463,SL000089096,O00051863,2024-03-01,10,Changed mind,1,28.32,0.0,Completed
R0004464,SL000089104,O00051865,2023-01-29,7,Changed mind,1,127.47,0.0,Completed
R0004465,SL000089160,O00051899,2023-12-06,10,Damaged item,1,179.36,0.0,Completed
R0004466,SL000089177,O00051908,2025-09-23,2,Size or fit issue,1,81.45,0.0,Completed
R0004467,SL000089183,O00051913,2024-07-28,11,Incorrect item,1,35.57,0.0,Completed
R0004468,SL000089196,O00051922,2023-10-13,5,Faulty product,2,45.59,0.0,Completed
R0004469,SL000089201,O00051924,2025-12-10,20,Faulty product,1,59.46,0.0,Completed
R0004470,SL000089214,O00051930,2023-03-13,8,Damaged item,1,7.52,0.0,Pending
R0004471,SL000089224,O00051936,2024-04-26,20,Faulty product,2,36.08,0.0,Completed
R0004472,SL000089226,O00051936,2024-04-12,6,Faulty product,1,14.02,0.0,Completed
R0004473,SL000089228,O00051937,2025-12-02,14,Faulty product,2,51.1,0.0,Completed
R0004474,SL000089254,O00051952,2023-10-02,5,Changed mind,1,92.16,0.0,Completed
R0004475,SL000089263,O00051957,2023-05-12,19,Changed mind,2,99.89,17.63,Completed
R0004476,SL000089281,O00051968,2026-01-04,35,Changed mind,3,105.0,0.0,Completed
R0004477,SL000089286,O00051972,2025-08-21,18,Faulty product,1,31.19,0.0,Completed
R0004478,SL000089331,O00052000,2024-09-09,6,Faulty product,2,29.99,0.0,Completed
R0004479,SL000089338,O00052004,2025-06-21,5,Not as described,2,93.19,0.0,Completed
R0004480,SL000089374,O00052027,2025-09-20,2,Changed mind,1,147.71,0.0,Completed
R0004481,SL000089414,O00052055,2023-02-04,3,Changed mind,2,62.82,0.0,Completed
R0004482,SL000089443,O00052069,2024-02-19,19,Changed mind,1,9.37,0.0,Completed
R0004483,SL000089455,O00052077,2024-06-21,11,Size or fit issue,1,94.06,0.0,Completed
R0004484,SL000089532,O00052128,2024-10-14,22,Not as described,1,149.79,0.0,Completed
R0004485,SL000089557,O00052142,2023-05-10,15,Changed mind,1,28.16,0.0,Completed
R0004486,SL000089561,O00052146,2025-03-05,12,Changed mind,2,254.94,0.0,Completed
R0004487,SL000089565,O00052149,2023-06-11,10,Not as described,1,98.68,0.0,Completed
R0004488,SL000089608,O00052172,2023-12-16,26,Not as described,1,93.09,0.0,Completed
R0004489,SL000089623,O00052180,2024-02-14,14,Size or fit issue,2,58.87,0.0,Completed
R0004490,SL000089625,O00052181,2023-09-24,10,Not as described,4,138.6,0.0,Completed
R0004491,SL000089627,O00052182,2023-08-15,2,Late delivery,1,268.82,0.0,Pending
R0004492,SL000089664,O00052206,2025-10-01,12,Changed mind,1,108.26,0.0,Pending
R0004493,SL000089666,O00052208,2025-03-22,12,Faulty product,2,7.89,0.0,Completed
R0004494,SL000089677,O00052214,2025-12-14,14,Changed mind,1,77.6,0.0,Completed
R0004495,SL000089692,O00052222,2024-09-28,9,Changed mind,1,106.83,0.0,Completed
R0004496,SL000089696,O00052225,2023-10-23,17,Changed mind,1,21.42,0.0,Completed
R0004497,SL000089698,O00052226,2023-12-28,12,Not as described,1,65.29,0.0,Completed
R0004498,SL000089699,O00052227,2023-02-11,5,Faulty product,3,87.02,0.0,Completed
R0004499,SL000089720,O00052237,2024-03-12,3,Faulty product,1,29.04,0.0,Completed
R0004500,SL000089721,O00052238,2024-08-19,12,Changed mind,1,119.59,21.11,Completed
R0004501,SL000089738,O00052248,2024-10-26,14,Changed mind,2,30.35,5.36,Completed
R0004502,SL000089757,O00052255,2023-08-29,7,Not as described,1,66.13,0.0,Completed
R0004503,SL000089804,O00052286,2024-06-10,5,Changed mind,1,150.28,0.0,Pending
R0004504,SL000089826,O00052302,2023-05-28,7,Size or fit issue,2,69.3,0.0,Completed
R0004505,SL000089862,O00052326,2023-07-06,14,Changed mind,1,6.72,0.0,Completed
R0004506,SL000089875,O00052331,2025-05-13,6,Size or fit issue,1,173.14,0.0,Completed
R0004507,SL000089913,O00052350,2025-01-06,16,Changed mind,1,178.12,31.43,Completed
R0004508,SL000089957,O00052374,2023-11-26,11,Damaged item,1,4.29,0.0,Completed
R0004509,SL000089962,O00052375,2024-11-12,6,Damaged item,2,67.9,0.0,Completed
R0004510,SL000089991,O00052392,2025-06-21,6,Damaged item,1,212.0,0.0,Completed
R0004511,SL000090007,O00052405,2023-12-16,6,Changed mind,1,46.92,0.0,Pending
R0004512,SL000090052,O00052431,2025-11-15,11,Changed mind,2,38.79,0.0,Completed
R0004513,SL000090062,O00052439,2024-02-02,19,Damaged item,1,7.76,0.0,Completed
R0004514,SL000090086,O00052451,2025-08-01,16,Late delivery,1,407.28,0.0,Completed
R0004515,SL000090106,O00052461,2025-10-20,9,Changed mind,1,23.58,0.0,Completed
R0004516,SL000090155,O00052490,2025-12-12,3,Changed mind,1,103.9,0.0,Pending
R0004517,SL000090178,O00052500,2023-12-09,14,Incorrect item,1,25.9,0.0,Completed
R0004518,SL000090186,O00052503,2024-07-16,18,Changed mind,1,15.55,2.74,Completed
R0004519,SL000090197,O00052510,2024-09-27,20,Faulty product,1,33.25,0.0,Completed
R0004520,SL000090220,O00052524,2024-02-10,5,Not as described,1,124.84,0.0,Completed
R0004521,SL000090246,O00052541,2023-11-10,1,Late delivery,1,7.92,0.0,Completed
R0004522,SL000090248,O00052542,2023-07-18,13,Damaged item,1,60.57,0.0,Completed
R0004523,SL000090252,O00052545,2025-08-11,7,Size or fit issue,2,48.26,0.0,Completed
R0004524,SL000090261,O00052551,2025-07-17,4,Not as described,1,11.88,0.0,Completed
R0004525,SL000090307,O00052582,2023-08-19,3,Damaged item,1,331.05,0.0,Completed
R0004526,SL000090349,O00052610,2024-05-27,2,Changed mind,2,15.84,0.0,Completed
R0004527,SL000090361,O00052618,2025-05-24,18,Late delivery,1,275.89,0.0,Completed
R0004528,SL000090363,O00052619,2024-07-11,14,Incorrect item,1,19.73,0.0,Completed
R0004529,SL000090401,O00052639,2023-04-10,1,Changed mind,1,43.88,7.74,Completed
R0004530,SL000090426,O00052654,2025-03-21,6,Changed mind,1,42.64,0.0,Completed
R0004531,SL000090433,O00052655,2025-02-09,10,Changed mind,1,30.86,0.0,Completed
R0004532,SL000090446,O00052664,2025-03-27,31,Changed mind,1,20.79,0.0,Completed
R0004533,SL000090496,O00052697,2025-10-22,10,Damaged item,1,69.53,0.0,Completed
R0004534,SL000090504,O00052701,2025-07-16,11,Incorrect item,1,74.19,0.0,Completed
R0004535,SL000090506,O00052703,2023-08-26,18,Not as described,3,121.2,0.0,Completed
R0004536,SL000090510,O00052704,2025-12-09,12,Not as described,3,25.05,0.0,Completed
R0004537,SL000090544,O00052722,2025-10-13,5,Size or fit issue,1,176.71,0.0,Completed
R0004538,SL000090616,O00052766,2023-06-04,9,Changed mind,1,64.53,0.0,Completed
R0004539,SL000090641,O00052780,2024-12-09,3,Damaged item,1,9.28,0.0,Completed
R0004540,SL000090663,O00052796,2025-08-06,14,Damaged item,2,159.74,0.0,Completed
R0004541,SL000090669,O00052799,2025-02-25,1,Not as described,1,11.33,0.0,Completed
R0004542,SL000090713,O00052820,2023-10-18,17,Changed mind,4,140.0,0.0,Completed
R0004543,SL000090716,O00052821,2026-01-02,21,Faulty product,3,33.67,0.0,Completed
R0004544,SL000090718,O00052822,2025-07-07,12,Size or fit issue,1,191.65,0.0,Completed
R0004545,SL000090744,O00052834,2023-05-12,6,Faulty product,1,83.3,0.0,Completed
R0004546,SL000090767,O00052847,2023-12-01,3,Faulty product,1,373.18,0.0,Completed
R0004547,SL000090779,O00052855,2025-11-30,22,Late delivery,1,83.53,0.0,Completed
R0004548,SL000090789,O00052859,2025-12-20,10,Size or fit issue,2,35.77,0.0,Completed
R0004549,SL000090791,O00052859,2025-12-18,8,Damaged item,1,399.13,0.0,Completed
R0004550,SL000090794,O00052861,2024-07-27,1,Incorrect item,2,275.77,0.0,Completed
R0004551,SL000090806,O00052869,2023-12-06,8,Incorrect item,2,46.37,0.0,Completed
R0004552,SL000090887,O00052910,2024-07-04,5,Incorrect item,1,171.23,0.0,Completed
R0004553,SL000090947,O00052944,2024-12-09,4,Damaged item,1,95.64,0.0,Completed
R0004554,SL000090960,O00052953,2023-01-16,3,Faulty product,1,17.85,0.0,Completed
R0004555,SL000090962,O00052954,2025-05-03,11,Damaged item,1,94.35,0.0,Completed
R0004556,SL000091064,O00053013,2025-06-25,18,Not as described,1,95.03,0.0,Completed
R0004557,SL000091089,O00053028,2023-02-26,20,Late delivery,1,37.05,0.0,Completed
R0004558,SL000091094,O00053030,2025-01-12,5,Size or fit issue,1,174.92,0.0,Completed
R0004559,SL000091128,O00053051,2023-12-07,9,Damaged item,2,33.5,0.0,Completed
R0004560,SL000091133,O00053053,2025-06-02,8,Damaged item,1,27.47,0.0,Completed
R0004561,SL000091136,O00053055,2024-09-02,6,Incorrect item,1,91.24,0.0,Completed
R0004562,SL000091232,O00053113,2024-01-03,16,Changed mind,1,63.61,0.0,Completed
R0004563,SL000091246,O00053123,2025-10-19,3,Incorrect item,4,57.6,0.0,Completed
R0004564,SL000091249,O00053125,2024-10-05,15,Changed mind,1,33.95,0.0,Completed
R0004565,SL000091253,O00053128,2025-02-20,3,Changed mind,4,179.19,0.0,Completed
R0004566,SL000091298,O00053155,2024-03-15,11,Damaged item,1,48.71,0.0,Completed
R0004567,SL000091335,O00053177,2024-04-14,1,Changed mind,1,35.41,0.0,Completed
R0004568,SL000091354,O00053186,2026-01-05,25,Changed mind,1,28.7,0.0,Completed
R0004569,SL000091367,O00053196,2023-12-12,11,Changed mind,1,90.13,0.0,Completed
R0004570,SL000091370,O00053198,2024-09-30,9,Changed mind,1,194.22,0.0,Completed
R0004571,SL000091403,O00053219,2024-07-25,9,Changed mind,1,62.62,0.0,Completed
R0004572,SL000091464,O00053258,2024-01-12,21,Size or fit issue,1,18.07,0.0,Completed
R0004573,SL000091466,O00053259,2023-12-01,6,Not as described,1,299.85,0.0,Pending
R0004574,SL000091467,O00053260,2025-08-11,10,Changed mind,1,291.25,51.4,Completed
R0004575,SL000091499,O00053284,2025-04-26,20,Not as described,1,116.18,0.0,Completed
R0004576,SL000091536,O00053305,2025-06-30,16,Changed mind,1,31.44,0.0,Completed
R0004577,SL000091561,O00053318,2023-06-26,15,Changed mind,1,34.3,0.0,Completed
R0004578,SL000091570,O00053323,2023-08-30,15,Damaged item,1,20.62,0.0,Completed
R0004579,SL000091577,O00053325,2024-01-10,13,Changed mind,1,339.26,59.87,Completed
R0004580,SL000091595,O00053332,2023-03-20,6,Damaged item,1,20.57,0.0,Completed
R0004581,SL000091605,O00053340,2025-12-17,18,Changed mind,1,3.35,0.59,Completed
R0004582,SL000091615,O00053346,2024-04-12,23,Size or fit issue,1,16.23,0.0,Completed
R0004583,SL000091677,O00053381,2025-08-25,9,Changed mind,1,80.0,0.0,Completed
R0004584,SL000091688,O00053388,2023-12-28,3,Not as described,1,34.65,0.0,Completed
R0004585,SL000091748,O00053427,2026-01-20,28,Size or fit issue,1,30.1,0.0,Completed
R0004586,SL000091767,O00053436,2023-12-12,5,Late delivery,1,208.91,0.0,Completed
R0004587,SL000091769,O00053438,2023-12-20,3,Faulty product,1,14.55,0.0,Completed
R0004588,SL000091814,O00053463,2024-12-16,2,Size or fit issue,1,42.02,0.0,Completed
R0004589,SL000091822,O00053467,2025-08-19,4,Incorrect item,3,8.55,0.0,Completed
R0004590,SL000091831,O00053473,2025-03-31,8,Late delivery,1,29.37,0.0,Completed
R0004591,SL000091834,O00053475,2025-06-09,10,Damaged item,1,128.78,0.0,Completed
R0004592,SL000091849,O00053483,2025-10-03,11,Faulty product,1,346.14,0.0,Completed
R0004593,SL000091855,O00053486,2025-12-08,15,Changed mind,1,23.45,0.0,Completed
R0004594,SL000091891,O00053506,2025-12-01,15,Changed mind,1,67.85,0.0,Completed
R0004595,SL000091904,O00053516,2025-06-15,20,Not as described,1,33.25,0.0,Completed
R0004596,SL000091914,O00053519,2024-12-26,14,Late delivery,2,30.88,0.0,Pending
R0004597,SL000091916,O00053520,2025-04-21,6,Changed mind,2,68.92,0.0,Completed
R0004598,SL000091940,O00053532,2025-03-27,1,Size or fit issue,1,46.91,0.0,Completed
R0004599,SL000091961,O00053544,2024-12-29,9,Changed mind,1,47.81,8.44,Completed
R0004600,SL000091983,O00053559,2025-12-29,11,Changed mind,1,6.72,0.0,Completed
R0004601,SL000092029,O00053586,2025-02-13,9,Size or fit issue,1,30.1,0.0,Completed
R0004602,SL000092045,O00053594,2023-12-04,15,Changed mind,1,88.31,0.0,Completed
R0004603,SL000092052,O00053598,2023-01-31,5,Incorrect item,2,62.38,0.0,Completed
R0004604,SL000092098,O00053622,2025-12-11,17,Not as described,3,39.47,0.0,Completed
R0004605,SL000092138,O00053644,2025-03-10,6,Late delivery,1,4.2,0.0,Completed
R0004606,SL000092147,O00053650,2025-07-26,6,Not as described,3,18.48,0.0,Completed
R0004607,SL000092150,O00053652,2024-12-04,11,Changed mind,1,78.49,0.0,Completed
R0004608,SL000092162,O00053661,2023-02-10,15,Changed mind,1,52.27,0.0,Completed
R0004609,SL000092204,O00053685,2025-12-25,20,Changed mind,4,123.05,0.0,Completed
R0004610,SL000092216,O00053693,2025-08-11,1,Faulty product,1,109.68,0.0,Completed
R0004611,SL000092219,O00053694,2024-07-07,17,Damaged item,1,88.37,0.0,Completed
R0004612,SL000092227,O00053699,2023-10-23,13,Size or fit issue,1,131.41,0.0,Completed
R0004613,SL000092234,O00053703,2023-06-22,10,Changed mind,1,73.0,12.88,Completed
R0004614,SL000092250,O00053711,2025-03-31,5,Late delivery,1,62.0,0.0,Completed
R0004615,SL000092260,O00053717,2024-01-19,1,Faulty product,1,6.66,0.0,Completed
R0004616,SL000092264,O00053721,2024-12-31,6,Changed mind,4,113.81,0.0,Completed
R0004617,SL000092340,O00053770,2023-12-18,16,Damaged item,1,142.84,0.0,Completed
R0004618,SL000092382,O00053797,2024-05-21,1,Late delivery,3,170.89,0.0,Pending
R0004619,SL000092406,O00053814,2024-05-28,6,Changed mind,3,98.25,0.0,Completed
R0004620,SL000092417,O00053818,2025-06-07,8,Damaged item,4,140.0,0.0,Completed
R0004621,SL000092430,O00053825,2023-02-19,11,Faulty product,1,33.62,0.0,Completed
R0004622,SL000092454,O00053841,2023-12-28,11,Faulty product,1,43.71,0.0,Completed
R0004623,SL000092476,O00053851,2023-11-07,5,Damaged item,1,33.95,0.0,Completed
R0004624,SL000092478,O00053853,2024-11-18,1,Damaged item,3,35.28,0.0,Completed
R0004625,SL000092552,O00053905,2025-07-02,9,Incorrect item,1,6.32,0.0,Completed
R0004626,SL000092593,O00053928,2023-02-03,8,Changed mind,1,33.0,0.0,Completed
R0004627,SL000092596,O00053929,2024-01-07,2,Changed mind,2,6.0,0.0,Completed
R0004628,SL000092673,O00053976,2025-01-25,12,Faulty product,2,27.5,0.0,Completed
R0004629,SL000092678,O00053978,2024-04-16,5,Faulty product,2,70.0,0.0,Completed
R0004630,SL000092695,O00053986,2023-02-20,16,Changed mind,1,19.37,3.42,Completed
R0004631,SL000092712,O00053995,2023-06-27,16,Faulty product,1,241.38,0.0,Completed
R0004632,SL000092734,O00054010,2025-08-29,8,Late delivery,1,7.84,0.0,Pending
R0004633,SL000092743,O00054014,2025-01-15,4,Not as described,1,23.67,0.0,Completed
R0004634,SL000092744,O00054014,2025-01-16,5,Changed mind,1,59.96,0.0,Completed
R0004635,SL000092756,O00054024,2025-11-26,12,Late delivery,2,27.5,0.0,Completed
R0004636,SL000092780,O00054037,2025-11-14,4,Faulty product,1,89.4,0.0,Pending
R0004637,SL000092785,O00054040,2023-07-30,22,Faulty product,1,90.13,0.0,Completed
R0004638,SL000092796,O00054046,2024-01-09,9,Incorrect item,4,47.04,0.0,Completed
R0004639,SL000092807,O00054052,2023-10-18,7,Faulty product,1,34.65,0.0,Completed
R0004640,SL000092811,O00054055,2025-12-28,15,Faulty product,1,87.8,0.0,Completed
R0004641,SL000092830,O00054063,2023-02-13,8,Faulty product,4,119.16,0.0,Completed
R0004642,SL000092854,O00054076,2024-04-20,7,Size or fit issue,1,2.91,0.0,Completed
R0004643,SL000092858,O00054080,2024-05-07,20,Changed mind,2,52.88,0.0,Completed
R0004644,SL000092869,O00054086,2024-04-17,7,Damaged item,1,11.52,0.0,Completed
R0004645,SL000092899,O00054104,2023-10-30,18,Changed mind,1,8.36,1.47,Completed
R0004646,SL000092901,O00054106,2024-11-23,6,Incorrect item,1,261.46,0.0,Completed
R0004647,SL000092929,O00054120,2023-06-17,13,Damaged item,2,67.2,0.0,Completed
R0004648,SL000092951,O00054136,2023-07-14,10,Faulty product,1,42.21,0.0,Completed
R0004649,SL000092981,O00054155,2023-06-22,8,Faulty product,1,63.24,0.0,Completed
R0004650,SL000093084,O00054220,2023-12-13,4,Not as described,1,395.06,0.0,Completed
R0004651,SL000093101,O00054227,2023-06-06,17,Faulty product,1,81.5,0.0,Completed
R0004652,SL000093115,O00054237,2024-06-13,2,Late delivery,1,8.0,0.0,Completed
R0004653,SL000093117,O00054239,2023-02-12,10,Size or fit issue,1,11.21,0.0,Completed
R0004654,SL000093127,O00054244,2024-08-02,12,Faulty product,3,105.0,0.0,Completed
R0004655,SL000093139,O00054252,2024-05-24,5,Damaged item,1,40.36,0.0,Completed
R0004656,SL000093146,O00054255,2025-08-20,3,Faulty product,1,34.3,0.0,Completed
R0004657,SL000093156,O00054261,2025-08-02,13,Faulty product,3,34.92,0.0,Completed
R0004658,SL000093164,O00054267,2024-02-10,10,Damaged item,3,85.88,0.0,Completed
R0004659,SL000093172,O00054273,2024-12-31,10,Changed mind,1,19.94,0.0,Completed
R0004660,SL000093190,O00054283,2024-03-12,12,Faulty product,1,50.07,0.0,Completed
R0004661,SL000093212,O00054296,2024-01-19,6,Damaged item,1,125.38,0.0,Completed
R0004662,SL000093219,O00054301,2025-04-11,6,Damaged item,1,139.82,0.0,Completed
R0004663,SL000093240,O00054311,2024-09-06,6,Changed mind,4,38.5,6.8,Completed
R0004664,SL000093245,O00054315,2025-05-01,14,Changed mind,2,182.48,0.0,Completed
R0004665,SL000093259,O00054324,2025-12-09,27,Changed mind,1,19.37,3.42,Completed
R0004666,SL000093276,O00054332,2025-05-25,11,Changed mind,1,77.6,0.0,Completed
R0004667,SL000093315,O00054357,2025-11-14,21,Changed mind,1,67.32,11.88,Completed
R0004668,SL000093322,O00054360,2026-01-13,16,Late delivery,1,12.0,0.0,Completed
R0004669,SL000093352,O00054377,2025-08-08,10,Damaged item,1,51.42,0.0,Completed
R0004670,SL000093366,O00054387,2023-01-19,14,Changed mind,1,57.14,10.08,Completed
R0004671,SL000093399,O00054406,2025-07-17,6,Damaged item,1,87.02,0.0,Completed
R0004672,SL000093413,O00054412,2023-02-21,9,Faulty product,2,346.57,0.0,Completed
R0004673,SL000093504,O00054458,2024-01-17,8,Changed mind,1,12.75,2.25,Completed
R0004674,SL000093543,O00054479,2025-08-08,25,Not as described,1,67.1,0.0,Completed
R0004675,SL000093560,O00054487,2023-10-02,13,Not as described,4,203.03,0.0,Completed
R0004676,SL000093569,O00054493,2023-12-09,13,Faulty product,2,28.83,0.0,Completed
R0004677,SL000093573,O00054496,2023-02-06,11,Faulty product,1,8.0,0.0,Completed
R0004678,SL000093592,O00054508,2025-03-12,22,Damaged item,1,386.65,0.0,Completed
R0004679,SL000093593,O00054509,2025-04-24,4,Changed mind,1,204.67,36.12,Completed
R0004680,SL000093636,O00054536,2024-02-26,5,Faulty product,1,7.84,0.0,Completed
R0004681,SL000093664,O00054548,2025-11-23,7,Faulty product,1,18.07,0.0,Completed
R0004682,SL000093699,O00054569,2025-01-02,7,Faulty product,1,41.76,0.0,Completed
R0004683,SL000093707,O00054574,2025-02-03,11,Damaged item,3,36.0,0.0,Completed
R0004684,SL000093732,O00054587,2025-05-19,3,Changed mind,2,187.21,0.0,Completed
R0004685,SL000093762,O00054604,2023-03-13,3,Not as described,1,61.18,0.0,Completed
R0004686,SL000093764,O00054605,2025-03-08,2,Changed mind,1,122.28,21.58,Completed
R0004687,SL000093767,O00054605,2025-03-16,10,Not as described,4,23.9,0.0,Completed
R0004688,SL000093789,O00054620,2025-05-20,16,Faulty product,2,300.23,0.0,Completed
R0004689,SL000093847,O00054653,2023-01-30,12,Changed mind,4,137.36,24.24,Completed
R0004690,SL000093923,O00054698,2025-05-25,8,Changed mind,1,297.25,0.0,Completed
R0004691,SL000093929,O00054701,2023-08-10,26,Faulty product,1,156.37,0.0,Completed
R0004692,SL000093932,O00054704,2024-07-31,6,Changed mind,2,250.5,44.21,Completed
R0004693,SL000093939,O00054707,2025-01-03,14,Faulty product,1,86.59,0.0,Completed
R0004694,SL000093949,O00054712,2023-07-19,7,Changed mind,2,73.13,0.0,Completed
R0004695,SL000093958,O00054717,2024-11-24,6,Changed mind,1,25.55,0.0,Completed
R0004696,SL000093984,O00054731,2023-11-08,6,Changed mind,3,32.26,0.0,Completed
R0004697,SL000093993,O00054734,2024-04-25,16,Damaged item,4,140.0,0.0,Completed
R0004698,SL000094029,O00054759,2025-12-13,7,Faulty product,2,15.62,0.0,Completed
R0004699,SL000094046,O00054770,2025-08-08,8,Size or fit issue,1,131.77,0.0,Completed
R0004700,SL000094065,O00054781,2025-12-05,8,Changed mind,1,8.28,0.0,Completed
R0004701,SL000094072,O00054784,2025-05-05,12,Faulty product,1,18.11,0.0,Completed
R0004702,SL000094085,O00054791,2025-07-14,7,Incorrect item,1,20.58,0.0,Completed
R0004703,SL000094126,O00054819,2024-03-28,11,Damaged item,1,206.41,0.0,Completed
R0004704,SL000094137,O00054827,2023-08-05,3,Faulty product,2,211.48,0.0,Completed
R0004705,SL000094144,O00054832,2025-06-03,15,Changed mind,1,326.42,0.0,Completed
R0004706,SL000094147,O00054833,2025-04-25,15,Incorrect item,4,51.43,0.0,Completed
R0004707,SL000094160,O00054840,2024-11-10,36,Incorrect item,1,13.19,0.0,Completed
R0004708,SL000094192,O00054857,2024-01-07,8,Changed mind,1,129.13,0.0,Completed
R0004709,SL000094194,O00054858,2024-12-20,21,Changed mind,1,69.82,0.0,Completed
R0004710,SL000094248,O00054887,2025-12-03,5,Not as described,1,115.71,0.0,Pending
R0004711,SL000094280,O00054902,2023-06-01,5,Not as described,1,20.32,0.0,Completed
R0004712,SL000094283,O00054903,2025-08-23,6,Changed mind,3,42.48,0.0,Completed
R0004713,SL000094297,O00054909,2024-12-10,9,Faulty product,1,10.99,0.0,Completed
R0004714,SL000094334,O00054931,2023-08-07,15,Incorrect item,1,156.37,0.0,Completed
R0004715,SL000094348,O00054938,2025-08-20,8,Size or fit issue,1,35.0,0.0,Completed
R0004716,SL000094353,O00054942,2025-03-02,14,Size or fit issue,3,50.26,0.0,Completed
R0004717,SL000094359,O00054945,2025-02-18,8,Changed mind,2,26.94,0.0,Completed
R0004718,SL000094361,O00054947,2025-12-04,5,Changed mind,1,34.11,0.0,Completed
R0004719,SL000094376,O00054954,2023-06-16,2,Not as described,1,55.53,0.0,Completed
R0004720,SL000094382,O00054959,2024-12-15,18,Not as described,1,8.47,0.0,Completed
R0004721,SL000094482,O00055014,2023-02-21,13,Faulty product,1,128.78,0.0,Completed
R0004722,SL000094554,O00055053,2025-06-20,4,Damaged item,4,45.0,0.0,Completed
R0004723,SL000094559,O00055057,2024-12-30,15,Damaged item,1,290.41,0.0,Completed
R0004724,SL000094575,O00055067,2023-10-25,10,Not as described,1,45.43,0.0,Completed
R0004725,SL000094594,O00055077,2024-10-09,5,Changed mind,1,23.03,0.0,Completed
R0004726,SL000094625,O00055093,2024-09-05,16,Changed mind,1,25.23,0.0,Completed
R0004727,SL000094638,O00055098,2023-06-05,15,Damaged item,1,154.37,0.0,Completed
R0004728,SL000094665,O00055111,2025-10-10,7,Late delivery,1,63.26,0.0,Completed
R0004729,SL000094669,O00055114,2023-11-01,10,Late delivery,1,12.0,0.0,Completed
R0004730,SL000094681,O00055122,2023-12-18,3,Incorrect item,1,10.56,0.0,Completed
R0004731,SL000094720,O00055147,2025-06-28,14,Not as described,1,102.5,0.0,Pending
R0004732,SL000094778,O00055179,2025-06-30,2,Size or fit issue,2,50.4,0.0,Completed
R0004733,SL000094829,O00055209,2025-12-22,6,Changed mind,1,31.19,0.0,Completed
R0004734,SL000094842,O00055217,2025-12-26,10,Changed mind,1,204.16,0.0,Completed
R0004735,SL000094850,O00055222,2024-11-07,11,Not as described,2,158.4,0.0,Completed
R0004736,SL000094851,O00055222,2024-11-09,13,Changed mind,1,91.73,16.19,Completed
R0004737,SL000094868,O00055231,2024-07-04,8,Late delivery,3,77.7,0.0,Completed
R0004738,SL000094885,O00055241,2025-09-16,30,Changed mind,1,20.53,0.0,Completed
R0004739,SL000094887,O00055243,2025-03-09,15,Late delivery,1,23.03,0.0,Completed
R0004740,SL000094904,O00055252,2024-03-25,3,Late delivery,1,11.28,0.0,Completed
R0004741,SL000094913,O00055257,2023-06-08,4,Faulty product,1,46.45,0.0,Completed
R0004742,SL000094917,O00055259,2025-09-16,6,Changed mind,3,92.99,0.0,Completed
R0004743,SL000094938,O00055271,2024-06-27,25,Late delivery,1,65.76,0.0,Pending
R0004744,SL000094950,O00055278,2023-01-26,6,Faulty product,1,61.36,0.0,Completed
R0004745,SL000094966,O00055288,2025-08-07,11,Faulty product,1,61.88,0.0,Completed
R0004746,SL000094980,O00055297,2025-05-22,2,Faulty product,1,51.91,0.0,Completed
R0004747,SL000094987,O00055300,2024-02-17,12,Damaged item,1,287.51,0.0,Completed
R0004748,SL000094996,O00055305,2025-05-02,6,Incorrect item,2,21.87,0.0,Completed
R0004749,SL000094999,O00055307,2024-11-21,16,Size or fit issue,1,245.7,0.0,Completed
R0004750,SL000095002,O00055308,2025-04-14,11,Incorrect item,1,65.09,0.0,Completed
R0004751,SL000095086,O00055357,2024-10-26,6,Not as described,1,137.36,0.0,Completed
R0004752,SL000095103,O00055367,2023-01-30,7,Damaged item,1,130.1,0.0,Completed
R0004753,SL000095138,O00055393,2023-11-07,2,Damaged item,1,14.7,0.0,Completed
R0004754,SL000095140,O00055393,2023-11-12,7,Incorrect item,1,12.0,0.0,Completed
R0004755,SL000095157,O00055400,2025-02-28,10,Damaged item,2,364.33,0.0,Completed
R0004756,SL000095212,O00055432,2025-07-10,17,Changed mind,1,145.55,25.68,Completed
R0004757,SL000095220,O00055436,2023-12-23,10,Not as described,2,60.9,0.0,Completed
R0004758,SL000095224,O00055438,2024-02-29,4,Faulty product,2,61.13,0.0,Pending
R0004759,SL000095239,O00055448,2023-06-27,14,Changed mind,1,67.54,0.0,Completed
R0004760,SL000095242,O00055450,2023-05-11,42,Incorrect item,2,199.23,0.0,Completed
R0004761,SL000095272,O00055465,2024-09-11,8,Not as described,1,194.67,0.0,Completed
R0004762,SL000095291,O00055480,2025-01-11,19,Faulty product,1,18.07,0.0,Completed
R0004763,SL000095311,O00055492,2023-07-07,8,Faulty product,2,24.6,0.0,Completed
R0004764,SL000095336,O00055506,2025-12-06,10,Faulty product,1,10.0,0.0,Completed
R0004765,SL000095349,O00055513,2024-04-26,13,Changed mind,1,19.69,0.0,Completed
R0004766,SL000095409,O00055545,2024-07-01,16,Changed mind,1,61.1,10.78,Completed
R0004767,SL000095461,O00055574,2024-12-29,14,Faulty product,1,192.22,0.0,Completed
R0004768,SL000095475,O00055581,2024-06-25,8,Size or fit issue,1,29.73,0.0,Completed
R0004769,SL000095478,O00055582,2024-12-25,15,Changed mind,1,240.79,0.0,Completed
R0004770,SL000095499,O00055596,2025-04-15,18,Not as described,4,130.25,0.0,Completed
R0004771,SL000095502,O00055598,2025-06-23,11,Changed mind,4,171.55,0.0,Completed
R0004772,SL000095503,O00055598,2025-06-14,2,Changed mind,4,131.6,0.0,Completed
R0004773,SL000095512,O00055605,2023-08-28,16,Damaged item,1,35.0,0.0,Completed
R0004774,SL000095535,O00055619,2025-11-14,1,Late delivery,1,33.25,0.0,Completed
R0004775,SL000095621,O00055666,2024-07-29,8,Damaged item,1,169.57,0.0,Completed
R0004776,SL000095640,O00055677,2024-02-26,6,Faulty product,1,44.32,0.0,Completed
R0004777,SL000095642,O00055679,2023-10-22,10,Damaged item,1,56.78,0.0,Completed
R0004778,SL000095649,O00055681,2023-03-03,12,Incorrect item,1,115.84,0.0,Completed
R0004779,SL000095709,O00055713,2023-07-07,3,Late delivery,4,147.4,0.0,Completed
R0004780,SL000095712,O00055714,2023-09-14,7,Not as described,1,62.81,0.0,Completed
R0004781,SL000095720,O00055719,2023-11-29,10,Damaged item,1,35.05,0.0,Completed
R0004782,SL000095745,O00055733,2024-06-14,9,Damaged item,1,83.3,0.0,Completed
R0004783,SL000095805,O00055775,2024-01-13,4,Size or fit issue,4,73.0,0.0,Completed
R0004784,SL000095841,O00055797,2024-12-17,22,Damaged item,1,50.27,0.0,Pending
R0004785,SL000095850,O00055802,2023-12-29,25,Incorrect item,1,79.2,0.0,Completed
R0004786,SL000095872,O00055818,2025-12-24,10,Late delivery,1,46.89,0.0,Completed
R0004787,SL000095884,O00055823,2025-03-08,8,Size or fit issue,3,8.46,0.0,Completed
R0004788,SL000095886,O00055824,2025-08-29,18,Changed mind,1,11.4,0.0,Completed
R0004789,SL000095893,O00055827,2024-11-30,22,Changed mind,1,95.03,0.0,Completed
R0004790,SL000095905,O00055835,2025-11-16,15,Not as described,1,25.13,0.0,Completed
R0004791,SL000095914,O00055840,2025-10-28,14,Incorrect item,1,68.24,0.0,Completed
R0004792,SL000095956,O00055859,2024-12-19,4,Faulty product,1,10.03,0.0,Completed
R0004793,SL000095957,O00055860,2023-05-23,16,Late delivery,1,28.93,0.0,Completed
R0004794,SL000095980,O00055871,2023-05-09,9,Size or fit issue,1,35.0,0.0,Completed
R0004795,SL000096003,O00055885,2023-07-01,30,Faulty product,1,7.76,0.0,Completed
R0004796,SL000096018,O00055896,2025-11-14,7,Changed mind,3,36.63,0.0,Completed
R0004797,SL000096030,O00055902,2025-07-28,15,Not as described,1,19.91,0.0,Completed
R0004798,SL000096048,O00055915,2024-03-29,31,Size or fit issue,1,235.03,0.0,Completed
R0004799,SL000096064,O00055923,2024-05-19,20,Damaged item,1,41.04,0.0,Completed
R0004800,SL000096070,O00055926,2025-12-21,7,Changed mind,1,29.67,0.0,Completed
R0004801,SL000096089,O00055936,2023-08-31,17,Damaged item,1,68.07,0.0,Completed
R0004802,SL000096096,O00055940,2025-12-26,12,Damaged item,1,30.1,0.0,Completed
R0004803,SL000096104,O00055943,2025-12-19,12,Faulty product,2,156.8,0.0,Completed
R0004804,SL000096132,O00055961,2025-11-09,9,Size or fit issue,1,2.94,0.0,Completed
R0004805,SL000096183,O00055993,2023-12-07,3,Faulty product,1,35.41,0.0,Completed
R0004806,SL000096222,O00056015,2024-01-18,33,Damaged item,1,331.05,0.0,Completed
R0004807,SL000096223,O00056015,2023-12-30,14,Late delivery,1,215.13,0.0,Completed
R0004808,SL000096228,O00056019,2026-01-05,13,Incorrect item,1,3.0,0.0,Completed
R0004809,SL000096261,O00056035,2025-06-19,17,Late delivery,2,33.56,0.0,Completed
R0004810,SL000096284,O00056051,2026-01-13,13,Changed mind,1,13.19,0.0,Completed
R0004811,SL000096342,O00056089,2023-02-05,8,Late delivery,1,35.21,0.0,Pending
R0004812,SL000096345,O00056090,2024-03-12,15,Changed mind,1,84.16,0.0,Completed
R0004813,SL000096366,O00056101,2025-01-08,4,Faulty product,4,40.32,0.0,Completed
R0004814,SL000096466,O00056160,2023-08-14,17,Faulty product,1,4.72,0.0,Completed
R0004815,SL000096519,O00056191,2024-12-20,10,Incorrect item,1,63.56,0.0,Completed
R0004816,SL000096549,O00056209,2023-06-29,6,Changed mind,1,19.31,3.41,Completed
R0004817,SL000096550,O00056210,2025-01-14,20,Changed mind,2,38.88,0.0,Completed
R0004818,SL000096554,O00056213,2025-01-25,3,Changed mind,1,33.0,0.0,Completed
R0004819,SL000096560,O00056216,2024-11-12,10,Damaged item,1,4.43,0.0,Pending
R0004820,SL000096575,O00056224,2025-01-14,19,Size or fit issue,2,153.79,0.0,Completed
R0004821,SL000096587,O00056232,2023-04-01,14,Size or fit issue,1,7.63,0.0,Completed
R0004822,SL000096591,O00056233,2023-11-19,7,Changed mind,1,33.52,5.91,Completed
R0004823,SL000096618,O00056248,2024-08-20,11,Faulty product,1,73.11,0.0,Completed
R0004824,SL000096624,O00056251,2023-11-13,6,Faulty product,1,11.64,0.0,Completed
R0004825,SL000096637,O00056258,2025-01-20,5,Size or fit issue,1,20.28,0.0,Completed
R0004826,SL000096669,O00056278,2024-08-01,7,Changed mind,1,8.2,0.0,Completed
R0004827,SL000096681,O00056285,2024-11-26,7,Changed mind,2,147.01,0.0,Completed
R0004828,SL000096691,O00056291,2024-03-10,2,Changed mind,1,189.91,0.0,Completed
R0004829,SL000096720,O00056312,2025-02-28,6,Damaged item,1,51.29,0.0,Completed
R0004830,SL000096721,O00056313,2025-12-24,16,Damaged item,2,19.68,0.0,Completed
R0004831,SL000096722,O00056313,2025-12-14,6,Changed mind,2,36.14,0.0,Completed
R0004832,SL000096763,O00056335,2025-06-11,22,Size or fit issue,2,37.2,0.0,Completed
R0004833,SL000096768,O00056337,2023-07-08,10,Changed mind,1,128.22,0.0,Completed
R0004834,SL000096807,O00056357,2025-03-28,11,Changed mind,1,35.0,0.0,Completed
R0004835,SL000096835,O00056373,2023-12-20,1,Incorrect item,1,11.96,0.0,Completed
R0004836,SL000096844,O00056380,2024-10-18,10,Changed mind,1,35.05,0.0,Completed
R0004837,SL000096855,O00056387,2024-10-02,2,Size or fit issue,1,34.3,0.0,Pending
R0004838,SL000096904,O00056421,2024-03-12,5,Damaged item,1,35.19,0.0,Completed
R0004839,SL000096906,O00056422,2024-06-03,3,Changed mind,1,156.37,0.0,Completed
R0004840,SL000096913,O00056426,2024-11-04,10,Changed mind,1,326.42,0.0,Completed
R0004841,SL000096918,O00056429,2024-01-05,17,Faulty product,1,10.32,0.0,Completed
R0004842,SL000096923,O00056432,2023-03-15,7,Not as described,1,156.37,0.0,Completed
R0004843,SL000096939,O00056443,2024-02-13,13,Damaged item,1,25.38,0.0,Completed
R0004844,SL000096962,O00056453,2025-09-29,13,Size or fit issue,1,34.3,0.0,Completed
R0004845,SL000096977,O00056462,2024-10-01,15,Damaged item,1,138.41,0.0,Completed
R0004846,SL000096988,O00056469,2023-06-13,19,Faulty product,1,301.03,0.0,Completed
R0004847,SL000097019,O00056485,2023-08-14,7,Not as described,2,152.23,0.0,Completed
R0004848,SL000097072,O00056516,2025-12-24,5,Damaged item,1,30.1,0.0,Completed
R0004849,SL000097076,O00056519,2023-03-03,4,Changed mind,1,27.48,4.85,Completed
R0004850,SL000097096,O00056527,2025-06-12,8,Faulty product,1,45.45,0.0,Completed
R0004851,SL000097178,O00056573,2025-03-04,7,Not as described,4,30.4,0.0,Completed
R0004852,SL000097190,O00056580,2025-04-27,14,Size or fit issue,1,27.64,0.0,Completed
R0004853,SL000097222,O00056598,2025-10-17,20,Incorrect item,1,35.0,0.0,Completed
R0004854,SL000097224,O00056599,2024-09-30,17,Changed mind,1,21.04,0.0,Completed
R0004855,SL000097257,O00056623,2025-09-12,9,Late delivery,1,241.04,0.0,Completed
R0004856,SL000097267,O00056628,2024-12-10,6,Changed mind,1,64.29,0.0,Completed
R0004857,SL000097276,O00056632,2024-04-12,5,Incorrect item,1,67.39,0.0,Completed
R0004858,SL000097311,O00056651,2023-07-05,14,Changed mind,1,65.6,0.0,Completed
R0004859,SL000097357,O00056678,2024-04-28,7,Changed mind,1,17.67,0.0,Completed
R0004860,SL000097382,O00056690,2024-02-01,27,Changed mind,4,151.18,0.0,Completed
R0004861,SL000097387,O00056693,2025-01-05,26,Incorrect item,1,28.74,0.0,Completed
R0004862,SL000097398,O00056700,2025-11-25,7,Incorrect item,1,29.28,0.0,Completed
R0004863,SL000097413,O00056708,2023-12-14,2,Changed mind,1,86.48,0.0,Pending
R0004864,SL000097417,O00056712,2023-12-12,16,Damaged item,1,8.76,0.0,Completed
R0004865,SL000097441,O00056728,2025-11-20,6,Not as described,1,69.63,0.0,Pending
R0004866,SL000097448,O00056733,2025-11-29,11,Changed mind,1,111.02,0.0,Completed
R0004867,SL000097449,O00056734,2024-06-06,4,Not as described,1,120.4,0.0,Completed
R0004868,SL000097456,O00056737,2025-01-25,3,Damaged item,4,9.72,0.0,Completed
R0004869,SL000097473,O00056747,2025-06-30,2,Changed mind,1,151.83,0.0,Completed
R0004870,SL000097486,O00056756,2025-03-18,10,Damaged item,1,156.37,0.0,Completed
R0004871,SL000097501,O00056766,2025-07-09,14,Faulty product,1,2.19,0.0,Completed
R0004872,SL000097573,O00056806,2023-09-26,3,Changed mind,1,144.13,25.44,Completed
R0004873,SL000097598,O00056819,2023-04-01,4,Changed mind,2,68.6,0.0,Completed
R0004874,SL000097603,O00056821,2025-06-06,22,Changed mind,1,4.25,0.0,Completed
R0004875,SL000097608,O00056823,2024-12-22,9,Faulty product,1,30.25,0.0,Completed
R0004876,SL000097626,O00056836,2023-07-05,6,Incorrect item,1,28.0,0.0,Completed
R0004877,SL000097628,O00056837,2025-03-01,6,Incorrect item,1,33.95,0.0,Completed
R0004878,SL000097631,O00056838,2025-04-01,8,Late delivery,1,8.0,0.0,Completed
R0004879,SL000097639,O00056842,2025-10-24,4,Damaged item,1,56.68,0.0,Pending
R0004880,SL000097663,O00056861,2025-08-26,12,Faulty product,1,151.68,0.0,Completed
R0004881,SL000097672,O00056866,2025-10-23,8,Incorrect item,3,157.44,0.0,Completed
R0004882,SL000097702,O00056887,2023-08-28,21,Faulty product,1,23.23,0.0,Completed
R0004883,SL000097709,O00056892,2024-12-02,2,Changed mind,1,48.42,8.54,Completed
R0004884,SL000097723,O00056898,2024-12-30,9,Damaged item,1,65.0,0.0,Pending
R0004885,SL000097729,O00056899,2026-01-15,33,Size or fit issue,2,65.99,0.0,Completed
R0004886,SL000097751,O00056912,2024-07-13,9,Damaged item,1,64.66,0.0,Completed
R0004887,SL000097784,O00056933,2025-01-12,17,Faulty product,1,190.77,0.0,Completed
R0004888,SL000097786,O00056935,2025-06-03,6,Changed mind,1,10.0,1.76,Pending
R0004889,SL000097789,O00056936,2024-04-01,7,Changed mind,2,176.95,0.0,Completed
R0004890,SL000097804,O00056945,2024-05-04,7,Incorrect item,2,24.11,0.0,Completed
R0004891,SL000097807,O00056946,2023-12-04,23,Faulty product,1,156.37,0.0,Completed
R0004892,SL000097819,O00056952,2025-09-03,18,Size or fit issue,1,35.77,0.0,Pending
R0004893,SL000097826,O00056957,2023-12-28,28,Not as described,1,11.76,0.0,Completed
R0004894,SL000097827,O00056958,2023-09-25,16,Changed mind,1,3.8,0.67,Completed
R0004895,SL000097829,O00056959,2024-06-22,9,Faulty product,1,44.8,0.0,Completed
R0004896,SL000097859,O00056976,2024-11-30,4,Changed mind,1,21.72,3.83,Completed
R0004897,SL000097860,O00056977,2025-12-21,16,Late delivery,1,16.12,0.0,Completed
R0004898,SL000097865,O00056980,2025-11-20,5,Changed mind,1,105.29,0.0,Completed
R0004899,SL000097873,O00056982,2025-07-25,5,Damaged item,1,11.28,0.0,Completed
R0004900,SL000097893,O00056991,2024-06-02,4,Changed mind,1,55.33,9.76,Completed
R0004901,SL000097905,O00057000,2024-11-23,11,Changed mind,1,11.88,0.0,Pending
R0004902,SL000097907,O00057001,2023-07-03,1,Size or fit issue,1,16.04,0.0,Completed
R0004903,SL000097948,O00057024,2024-02-13,7,Faulty product,1,113.83,0.0,Completed
R0004904,SL000097960,O00057030,2025-06-19,8,Changed mind,2,8.87,0.0,Completed
R0004905,SL000097968,O00057034,2024-06-04,16,Not as described,1,2.85,0.0,Completed
R0004906,SL000097977,O00057039,2025-10-24,11,Changed mind,1,15.0,0.0,Completed
R0004907,SL000098043,O00057079,2025-12-30,18,Damaged item,1,177.31,0.0,Completed
R0004908,SL000098080,O00057104,2025-06-06,17,Not as described,1,43.87,0.0,Completed
R0004909,SL000098108,O00057124,2025-04-08,13,Changed mind,1,323.94,57.17,Completed
R0004910,SL000098122,O00057131,2025-03-02,14,Faulty product,1,127.5,0.0,Completed
R0004911,SL000098132,O00057137,2023-01-09,7,Size or fit issue,1,42.57,0.0,Completed
R0004912,SL000098139,O00057143,2025-09-12,18,Not as described,1,8.9,0.0,Completed
R0004913,SL000098166,O00057159,2024-11-22,5,Faulty product,1,287.51,0.0,Completed
R0004914,SL000098168,O00057160,2025-04-15,30,Changed mind,1,57.02,0.0,Completed
R0004915,SL000098184,O00057169,2025-09-17,6,Changed mind,2,98.41,0.0,Completed
R0004916,SL000098207,O00057184,2024-12-29,1,Damaged item,4,81.16,0.0,Completed
R0004917,SL000098219,O00057189,2024-02-24,2,Changed mind,4,123.44,0.0,Completed
R0004918,SL000098220,O00057190,2023-03-26,40,Not as described,3,72.45,0.0,Completed
R0004919,SL000098262,O00057215,2025-01-16,8,Changed mind,1,19.35,3.42,Completed
R0004920,SL000098281,O00057228,2023-08-02,7,Size or fit issue,1,380.87,0.0,Completed
R0004921,SL000098285,O00057231,2025-04-16,11,Size or fit issue,1,79.2,0.0,Completed
R0004922,SL000098300,O00057241,2024-07-21,7,Size or fit issue,1,35.85,0.0,Completed
R0004923,SL000098328,O00057257,2023-07-16,11,Incorrect item,1,66.43,0.0,Completed
R0004924,SL000098369,O00057277,2024-08-03,8,Changed mind,2,98.22,0.0,Completed
R0004925,SL000098373,O00057278,2025-01-22,7,Late delivery,1,34.3,0.0,Completed
R0004926,SL000098376,O00057281,2023-12-31,11,Changed mind,1,110.58,19.52,Completed
R0004927,SL000098399,O00057293,2024-06-24,19,Incorrect item,1,78.4,0.0,Completed
R0004928,SL000098413,O00057300,2024-10-13,3,Changed mind,1,9.89,1.75,Completed
R0004929,SL000098415,O00057302,2023-07-07,30,Size or fit issue,1,34.65,0.0,Pending
R0004930,SL000098424,O00057308,2025-09-07,4,Faulty product,1,42.18,0.0,Completed
R0004931,SL000098432,O00057313,2023-12-03,18,Faulty product,4,44.84,0.0,Completed
R0004932,SL000098441,O00057318,2025-10-26,5,Not as described,1,28.54,0.0,Completed
R0004933,SL000098467,O00057336,2025-01-04,11,Changed mind,1,23.59,4.16,Completed
R0004934,SL000098485,O00057350,2023-03-16,3,Changed mind,1,9.89,1.75,Completed
R0004935,SL000098512,O00057366,2025-08-17,11,Changed mind,1,349.64,0.0,Completed
R0004936,SL000098523,O00057373,2025-07-09,3,Changed mind,1,34.3,0.0,Completed
R0004937,SL000098532,O00057377,2025-05-10,16,Late delivery,1,148.86,0.0,Completed
R0004938,SL000098568,O00057400,2023-12-07,3,Changed mind,1,68.0,12.0,Completed
R0004939,SL000098586,O00057415,2024-03-27,10,Incorrect item,1,37.17,0.0,Completed
R0004940,SL000098613,O00057431,2023-07-25,15,Not as described,1,39.55,0.0,Pending
R0004941,SL000098615,O00057433,2024-12-26,11,Late delivery,1,32.9,0.0,Completed
R0004942,SL000098652,O00057459,2025-07-24,9,Changed mind,1,7.52,0.0,Completed
R0004943,SL000098663,O00057467,2024-04-04,9,Faulty product,1,191.85,0.0,Completed
R0004944,SL000098671,O00057471,2023-04-03,11,Incorrect item,1,25.57,0.0,Completed
R0004945,SL000098676,O00057475,2025-06-24,7,Incorrect item,4,85.27,0.0,Completed
R0004946,SL000098685,O00057480,2023-02-04,6,Faulty product,1,287.51,0.0,Completed
R0004947,SL000098689,O00057483,2025-05-08,32,Faulty product,2,18.16,0.0,Pending
R0004948,SL000098707,O00057490,2025-04-06,1,Late delivery,1,115.84,0.0,Pending
R0004949,SL000098749,O00057516,2023-04-03,9,Changed mind,2,84.37,0.0,Completed
R0004950,SL000098793,O00057536,2024-12-24,4,Faulty product,1,200.96,0.0,Completed
R0004951,SL000098859,O00057577,2024-11-02,12,Damaged item,1,29.73,0.0,Completed
R0004952,SL000098878,O00057590,2024-12-16,29,Faulty product,1,102.26,0.0,Completed
R0004953,SL000098895,O00057600,2024-11-14,10,Damaged item,1,179.15,0.0,Completed
R0004954,SL000098904,O00057607,2025-08-23,10,Late delivery,1,34.65,0.0,Pending
R0004955,SL000098926,O00057621,2024-08-26,4,Incorrect item,4,78.56,0.0,Completed
R0004956,SL000098930,O00057624,2025-12-03,13,Incorrect item,1,84.58,0.0,Completed
R0004957,SL000098960,O00057639,2025-03-02,22,Changed mind,1,26.9,0.0,Completed
R0004958,SL000099008,O00057666,2023-10-02,11,Late delivery,1,34.65,0.0,Completed
R0004959,SL000099031,O00057679,2024-02-01,6,Changed mind,1,46.91,0.0,Completed
R0004960,SL000099057,O00057696,2024-01-02,15,Late delivery,1,25.0,0.0,Completed
R0004961,SL000099106,O00057721,2023-11-07,9,Size or fit issue,1,32.55,0.0,Completed
R0004962,SL000099134,O00057736,2023-03-11,8,Not as described,1,7.84,0.0,Completed
R0004963,SL000099159,O00057754,2025-12-26,11,Faulty product,4,174.42,0.0,Completed
R0004964,SL000099170,O00057760,2024-08-04,14,Size or fit issue,1,120.4,0.0,Completed
R0004965,SL000099176,O00057763,2024-12-08,11,Changed mind,1,60.97,0.0,Completed
R0004966,SL000099181,O00057766,2024-03-13,23,Changed mind,1,21.96,3.87,Completed
R0004967,SL000099200,O00057778,2024-05-12,29,Not as described,1,75.34,0.0,Completed
R0004968,SL000099205,O00057780,2024-08-14,4,Faulty product,2,29.1,0.0,Completed
R0004969,SL000099214,O00057785,2025-06-15,1,Late delivery,1,34.11,0.0,Completed
R0004970,SL000099216,O00057787,2023-05-12,13,Damaged item,1,25.8,0.0,Completed
R0004971,SL000099264,O00057814,2025-08-24,26,Incorrect item,1,17.67,0.0,Completed
R0004972,SL000099275,O00057820,2024-11-28,5,Changed mind,1,10.23,1.81,Completed
R0004973,SL000099291,O00057827,2023-11-13,17,Faulty product,3,91.43,0.0,Completed
R0004974,SL000099300,O00057831,2025-01-07,10,Size or fit issue,1,63.07,0.0,Completed
R0004975,SL000099333,O00057851,2025-02-02,1,Not as described,2,29.37,0.0,Completed
R0004976,SL000099335,O00057851,2025-02-07,6,Incorrect item,1,78.4,0.0,Completed
R0004977,SL000099340,O00057854,2024-11-26,2,Late delivery,1,158.05,0.0,Completed
R0004978,SL000099393,O00057886,2023-07-26,5,Faulty product,1,333.08,0.0,Completed
R0004979,SL000099408,O00057893,2025-10-18,11,Not as described,1,648.06,0.0,Completed
R0004980,SL000099437,O00057907,2024-12-11,12,Changed mind,1,3.0,0.0,Completed
R0004981,SL000099438,O00057907,2024-12-06,7,Not as described,1,18.11,0.0,Completed
R0004982,SL000099446,O00057912,2023-07-21,8,Incorrect item,1,28.45,0.0,Completed
R0004983,SL000099456,O00057916,2025-12-31,10,Late delivery,1,42.21,0.0,Completed
R0004984,SL000099468,O00057922,2025-09-26,2,Damaged item,1,4.09,0.0,Completed
R0004985,SL000099501,O00057940,2023-11-12,11,Faulty product,2,56.07,0.0,Completed
R0004986,SL000099549,O00057969,2024-12-21,7,Faulty product,1,21.01,0.0,Completed
R0004987,SL000099568,O00057981,2025-04-26,4,Damaged item,2,183.04,0.0,Completed
R0004988,SL000099573,O00057985,2024-11-25,17,Changed mind,1,16.41,0.0,Completed
R0004989,SL000099600,O00058005,2024-07-05,19,Changed mind,1,27.65,0.0,Completed
R0004990,SL000099603,O00058007,2023-12-21,2,Incorrect item,1,30.45,0.0,Pending
R0004991,SL000099611,O00058014,2025-05-03,7,Changed mind,1,34.65,0.0,Pending
R0004992,SL000099620,O00058019,2024-11-15,3,Changed mind,2,57.5,0.0,Completed
R0004993,SL000099658,O00058045,2025-10-22,9,Late delivery,1,2.82,0.0,Completed
R0004994,SL000099663,O00058047,2025-02-16,15,Faulty product,1,94.84,0.0,Completed
R0004995,SL000099684,O00058056,2026-01-14,18,Not as described,1,11.64,0.0,Completed
R0004996,SL000099688,O00058057,2024-10-28,1,Incorrect item,2,36.13,0.0,Completed
R0004997,SL000099690,O00058058,2025-04-24,26,Damaged item,1,32.78,0.0,Completed
R0004998,SL000099693,O00058059,2024-07-01,7,Incorrect item,1,175.38,0.0,Completed
R0004999,SL000099765,O00058103,2023-08-11,29,Damaged item,1,151.68,0.0,Completed
R0005000,SL000099767,O00058104,2023-08-12,7,Faulty product,2,23.52,0.0,Completed
R0005001,SL000099775,O00058109,2024-05-07,3,Changed mind,1,18.44,0.0,Completed
R0005002,SL000099783,O00058114,2024-01-01,18,Faulty product,1,120.31,0.0,Pending
R0005003,SL000099823,O00058138,2024-12-06,13,Faulty product,1,34.43,0.0,Completed
R0005004,SL000099843,O00058149,2025-02-10,9,Changed mind,2,60.9,0.0,Completed
R0005005,SL000099856,O00058156,2024-08-01,26,Faulty product,1,191.85,0.0,Completed
R0005006,SL000099868,O00058164,2025-11-28,1,Damaged item,1,205.08,0.0,Completed
R0005007,SL000099874,O00058168,2024-08-28,21,Faulty product,1,277.13,0.0,Completed
R0005008,SL000099876,O00058169,2023-06-15,6,Damaged item,1,39.53,0.0,Completed
R0005009,SL000099889,O00058178,2023-12-28,5,Changed mind,1,10.56,0.0,Completed
R0005010,SL000099910,O00058189,2024-05-31,16,Changed mind,1,6.53,1.15,Completed
R0005011,SL000099937,O00058203,2023-08-18,12,Incorrect item,1,79.2,0.0,Completed
R0005012,SL000099942,O00058205,2023-11-16,17,Faulty product,2,72.64,0.0,Pending
R0005013,SL000099948,O00058211,2025-03-30,2,Faulty product,1,12.0,0.0,Completed
R0005014,SL000099951,O00058213,2024-07-17,23,Incorrect item,1,9.04,0.0,Completed
R0005015,SL000099959,O00058218,2023-08-25,2,Damaged item,1,11.21,0.0,Pending
R0005016,SL000099961,O00058219,2025-12-29,1,Size or fit issue,4,27.52,0.0,Completed
R0005017,SL000099964,O00058221,2025-09-10,7,Damaged item,1,56.98,0.0,Completed
R0005018,SL000099977,O00058226,2023-03-23,21,Faulty product,1,17.28,0.0,Completed
R0005019,SL000099982,O00058228,2025-10-29,32,Damaged item,1,196.23,0.0,Completed
R0005020,SL000100001,O00058239,2025-11-24,5,Size or fit issue,1,18.78,0.0,Completed
R0005021,SL000100007,O00058244,2024-11-29,12,Faulty product,1,85.88,0.0,Completed
R0005022,SL000100040,O00058263,2024-04-02,13,Changed mind,2,34.82,6.15,Completed
R0005023,SL000100075,O00058284,2024-07-08,5,Faulty product,4,162.84,0.0,Completed
R0005024,SL000100119,O00058310,2024-07-25,8,Incorrect item,1,86.49,0.0,Pending
R0005025,SL000100127,O00058312,2024-04-28,16,Changed mind,1,62.14,10.97,Completed
R0005026,SL000100242,O00058376,2024-05-27,3,Late delivery,1,196.23,0.0,Completed
R0005027,SL000100255,O00058385,2025-11-21,18,Changed mind,1,390.59,0.0,Completed
R0005028,SL000100256,O00058385,2025-11-05,2,Size or fit issue,1,86.63,0.0,Completed
R0005029,SL000100258,O00058386,2024-10-07,9,Changed mind,1,16.5,0.0,Completed
R0005030,SL000100261,O00058389,2025-11-12,11,Faulty product,1,337.81,0.0,Completed
R0005031,SL000100277,O00058400,2024-04-19,5,Changed mind,1,399.13,0.0,Completed
R0005032,SL000100291,O00058409,2024-11-18,1,Changed mind,4,140.0,0.0,Completed
R0005033,SL000100295,O00058412,2025-01-12,7,Changed mind,3,105.0,0.0,Completed
R0005034,SL000100306,O00058420,2023-07-19,8,Not as described,1,136.99,0.0,Completed
R0005035,SL000100330,O00058433,2025-07-10,26,Damaged item,1,14.75,0.0,Pending
R0005036,SL000100355,O00058447,2025-05-16,10,Late delivery,1,178.49,0.0,Pending
R0005037,SL000100365,O00058451,2025-03-12,16,Not as described,1,231.29,0.0,Completed
R0005038,SL000100369,O00058454,2023-05-29,8,Changed mind,3,99.1,0.0,Completed
R0005039,SL000100470,O00058515,2024-08-24,2,Late delivery,2,97.41,0.0,Completed
R0005040,SL000100475,O00058518,2024-06-29,14,Incorrect item,1,329.9,0.0,Completed
R0005041,SL000100513,O00058538,2024-07-27,6,Damaged item,1,176.18,0.0,Completed
R0005042,SL000100515,O00058539,2024-08-26,8,Faulty product,1,212.64,0.0,Completed
R0005043,SL000100535,O00058552,2025-03-15,6,Changed mind,1,51.91,0.0,Completed
R0005044,SL000100545,O00058556,2025-07-02,12,Damaged item,1,69.18,0.0,Completed
R0005045,SL000100580,O00058573,2024-08-13,6,Not as described,1,25.13,0.0,Completed
R0005046,SL000100623,O00058595,2023-12-20,10,Late delivery,1,14.51,0.0,Completed
R0005047,SL000100628,O00058597,2024-09-29,2,Changed mind,1,17.37,0.0,Pending
R0005048,SL000100633,O00058599,2024-11-17,28,Late delivery,1,32.09,0.0,Completed
R0005049,SL000100672,O00058623,2023-06-26,4,Faulty product,3,95.53,0.0,Completed
R0005050,SL000100758,O00058671,2024-09-06,7,Changed mind,1,84.16,0.0,Completed
R0005051,SL000100765,O00058674,2024-12-18,5,Changed mind,1,6.88,0.0,Completed
R0005052,SL000100767,O00058676,2024-06-13,7,Not as described,1,50.12,0.0,Completed
R0005053,SL000100772,O00058681,2024-01-06,3,Incorrect item,1,138.33,0.0,Completed
R0005054,SL000100779,O00058684,2024-11-14,11,Changed mind,1,47.17,0.0,Completed
R0005055,SL000100781,O00058686,2025-12-30,27,Not as described,2,28.69,0.0,Completed
R0005056,SL000100804,O00058698,2024-10-11,15,Changed mind,1,128.78,0.0,Completed
R0005057,SL000100810,O00058700,2024-05-26,3,Changed mind,2,29.4,0.0,Completed
R0005058,SL000100830,O00058711,2025-07-22,8,Not as described,1,148.86,0.0,Completed
R0005059,SL000100882,O00058746,2023-03-11,19,Size or fit issue,4,96.6,0.0,Completed
R0005060,SL000100887,O00058749,2025-01-15,1,Damaged item,1,64.8,0.0,Completed
R0005061,SL000100912,O00058765,2025-10-27,1,Size or fit issue,1,200.22,0.0,Completed
R0005062,SL000100938,O00058777,2024-10-12,9,Faulty product,1,9.09,0.0,Completed
R0005063,SL000100964,O00058794,2024-11-03,7,Faulty product,1,238.33,0.0,Completed
R0005064,SL000100993,O00058809,2025-09-01,17,Changed mind,4,115.43,20.37,Completed
R0005065,SL000100994,O00058809,2025-08-29,14,Not as described,4,104.22,0.0,Completed
R0005066,SL000101084,O00058865,2024-09-11,34,Late delivery,1,19.07,0.0,Completed
R0005067,SL000101094,O00058872,2025-11-21,5,Changed mind,2,11.66,2.06,Completed
R0005068,SL000101097,O00058874,2025-07-31,13,Late delivery,1,148.29,0.0,Completed
R0005069,SL000101119,O00058884,2025-05-09,23,Not as described,1,32.75,0.0,Completed
R0005070,SL000101129,O00058890,2023-07-31,3,Changed mind,1,60.28,0.0,Completed
R0005071,SL000101139,O00058896,2024-10-26,14,Damaged item,1,56.96,0.0,Completed
R0005072,SL000101158,O00058906,2025-12-19,5,Changed mind,1,22.2,0.0,Completed
R0005073,SL000101173,O00058911,2025-03-29,11,Incorrect item,1,374.07,0.0,Completed
R0005074,SL000101187,O00058916,2025-09-08,16,Faulty product,1,25.13,0.0,Completed
R0005075,SL000101189,O00058916,2025-09-03,11,Not as described,1,221.91,0.0,Completed
R0005076,SL000101256,O00058949,2025-11-08,16,Faulty product,1,56.4,0.0,Completed
R0005077,SL000101294,O00058967,2023-07-22,5,Changed mind,2,23.38,4.12,Completed
R0005078,SL000101302,O00058973,2024-01-14,7,Late delivery,2,70.0,0.0,Completed
R0005079,SL000101314,O00058981,2025-12-14,3,Not as described,1,79.2,0.0,Completed
R0005080,SL000101355,O00059006,2024-12-24,5,Damaged item,1,30.1,0.0,Completed
R0005081,SL000101367,O00059012,2026-01-31,31,Changed mind,1,55.8,9.85,Completed
R0005082,SL000101371,O00059013,2025-11-03,11,Changed mind,4,138.6,0.0,Completed
R0005083,SL000101399,O00059028,2025-01-30,19,Changed mind,1,112.72,0.0,Completed
R0005084,SL000101422,O00059048,2024-03-25,9,Late delivery,3,58.77,0.0,Completed
R0005085,SL000101427,O00059051,2024-03-13,12,Faulty product,1,252.26,0.0,Completed
R0005086,SL000101448,O00059061,2023-12-12,3,Changed mind,1,30.1,0.0,Completed
R0005087,SL000101481,O00059080,2023-12-26,4,Changed mind,1,110.92,0.0,Completed
R0005088,SL000101484,O00059081,2024-09-04,9,Changed mind,3,65.62,0.0,Completed
R0005089,SL000101511,O00059098,2023-12-03,7,Damaged item,1,33.13,0.0,Completed
R0005090,SL000101531,O00059107,2024-08-11,12,Changed mind,1,399.13,0.0,Completed
R0005091,SL000101533,O00059108,2026-01-04,16,Changed mind,1,36.32,0.0,Completed
R0005092,SL000101557,O00059124,2025-01-28,16,Size or fit issue,2,115.08,0.0,Completed
R0005093,SL000101583,O00059136,2024-04-04,16,Changed mind,3,34.92,0.0,Completed
R0005094,SL000101584,O00059137,2024-06-17,17,Incorrect item,1,23.87,0.0,Completed
R0005095,SL000101595,O00059146,2024-03-01,10,Late delivery,1,337.81,0.0,Completed
R0005096,SL000101603,O00059152,2023-05-09,3,Not as described,1,139.76,0.0,Completed
R0005097,SL000101606,O00059154,2023-12-12,3,Not as described,1,157.07,0.0,Completed
R0005098,SL000101630,O00059166,2025-08-27,2,Faulty product,1,4.29,0.0,Completed
R0005099,SL000101636,O00059170,2026-01-09,11,Changed mind,1,3.17,0.0,Completed
R0005100,SL000101637,O00059170,2026-01-02,4,Damaged item,1,17.12,0.0,Completed
R0005101,SL000101640,O00059171,2025-11-25,2,Damaged item,1,12.67,0.0,Completed
R0005102,SL000101726,O00059214,2024-02-03,8,Faulty product,1,24.16,0.0,Completed
R0005103,SL000101732,O00059217,2024-12-23,4,Damaged item,1,28.04,0.0,Completed
R0005104,SL000101754,O00059228,2026-01-17,24,Incorrect item,1,94.06,0.0,Completed
R0005105,SL000101756,O00059230,2024-02-19,3,Damaged item,1,190.22,0.0,Completed
R0005106,SL000101767,O00059236,2023-07-19,6,Not as described,1,17.67,0.0,Completed
R0005107,SL000101774,O00059239,2023-07-03,5,Damaged item,1,28.7,0.0,Completed
R0005108,SL000101784,O00059246,2024-11-28,9,Faulty product,1,55.87,0.0,Completed
R0005109,SL000101802,O00059258,2025-08-28,4,Damaged item,2,45.12,0.0,Completed
R0005110,SL000101845,O00059284,2024-10-26,8,Not as described,1,18.07,0.0,Completed
R0005111,SL000101868,O00059297,2024-09-25,10,Changed mind,1,407.66,0.0,Completed
R0005112,SL000101924,O00059332,2025-02-23,7,Faulty product,1,62.51,0.0,Pending
R0005113,SL000101933,O00059339,2025-01-26,3,Damaged item,1,11.76,0.0,Completed
R0005114,SL000101948,O00059346,2023-08-07,1,Size or fit issue,1,18.56,0.0,Completed
R0005115,SL000101951,O00059347,2025-05-12,13,Changed mind,1,49.2,0.0,Completed
R0005116,SL000101954,O00059348,2025-12-16,21,Damaged item,1,3.13,0.0,Completed
R0005117,SL000101962,O00059351,2024-03-21,16,Changed mind,1,14.55,0.0,Completed
R0005118,SL000101964,O00059353,2025-08-19,8,Incorrect item,4,111.01,0.0,Completed
R0005119,SL000101977,O00059362,2023-07-23,21,Changed mind,1,76.94,0.0,Completed
R0005120,SL000102083,O00059430,2023-12-23,10,Changed mind,1,297.25,0.0,Completed
R0005121,SL000102108,O00059444,2025-12-26,4,Changed mind,1,28.59,5.04,Completed
R0005122,SL000102111,O00059445,2023-07-14,5,Changed mind,3,103.95,0.0,Completed
R0005123,SL000102118,O00059449,2025-03-03,9,Changed mind,4,60.95,10.76,Completed
R0005124,SL000102153,O00059466,2024-05-02,16,Faulty product,1,138.41,0.0,Completed
R0005125,SL000102158,O00059469,2024-12-12,10,Not as described,1,99.12,0.0,Completed
R0005126,SL000102168,O00059476,2023-05-05,18,Incorrect item,1,194.66,0.0,Completed
R0005127,SL000102199,O00059492,2024-05-31,10,Changed mind,1,13.34,0.0,Completed
R0005128,SL000102226,O00059506,2025-12-06,10,Faulty product,1,94.87,0.0,Completed
R0005129,SL000102234,O00059508,2023-02-09,2,Incorrect item,1,35.41,0.0,Completed
R0005130,SL000102254,O00059520,2025-09-03,5,Not as described,1,22.79,0.0,Completed
R0005131,SL000102259,O00059521,2023-07-31,15,Not as described,1,243.46,0.0,Completed
R0005132,SL000102265,O00059526,2024-10-07,9,Incorrect item,1,43.87,0.0,Completed
R0005133,SL000102268,O00059529,2024-02-28,23,Not as described,1,5.11,0.0,Completed
R0005134,SL000102284,O00059538,2025-09-16,15,Damaged item,1,22.15,0.0,Completed
R0005135,SL000102309,O00059548,2024-06-18,7,Faulty product,1,14.78,0.0,Completed
R0005136,SL000102345,O00059566,2023-03-05,29,Faulty product,2,5.22,0.0,Completed
R0005137,SL000102403,O00059596,2023-12-23,3,Changed mind,1,29.91,0.0,Completed
R0005138,SL000102411,O00059601,2025-09-29,13,Faulty product,1,23.02,0.0,Completed
R0005139,SL000102413,O00059602,2024-12-14,25,Late delivery,1,15.27,0.0,Completed
R0005140,SL000102424,O00059608,2023-10-04,24,Late delivery,1,80.0,0.0,Completed
R0005141,SL000102466,O00059635,2023-10-19,8,Incorrect item,2,35.7,0.0,Completed
R0005142,SL000102496,O00059652,2025-11-23,2,Changed mind,1,5.52,0.0,Completed
R0005143,SL000102507,O00059659,2023-06-09,14,Changed mind,2,58.08,0.0,Completed
R0005144,SL000102510,O00059660,2025-12-24,29,Incorrect item,1,64.38,0.0,Pending
R0005145,SL000102535,O00059674,2025-07-18,17,Changed mind,3,70.14,0.0,Completed
R0005146,SL000102573,O00059697,2025-07-09,22,Changed mind,1,354.49,0.0,Completed
R0005147,SL000102578,O00059701,2025-12-31,6,Changed mind,1,30.86,0.0,Completed
R0005148,SL000102601,O00059718,2024-12-03,8,Faulty product,3,66.2,0.0,Completed
R0005149,SL000102667,O00059756,2025-12-22,13,Incorrect item,1,14.55,0.0,Completed
R0005150,SL000102709,O00059773,2025-02-07,13,Changed mind,1,28.22,0.0,Completed
R0005151,SL000102716,O00059779,2024-06-02,4,Changed mind,2,67.9,0.0,Completed
R0005152,SL000102745,O00059799,2026-01-16,17,Changed mind,1,35.0,0.0,Completed
R0005153,SL000102763,O00059809,2024-08-16,7,Incorrect item,4,71.9,0.0,Completed
R0005154,SL000102776,O00059816,2024-12-22,33,Changed mind,1,12.59,0.0,Completed
R0005155,SL000102792,O00059827,2025-02-27,5,Changed mind,1,12.37,2.18,Completed
R0005156,SL000102817,O00059844,2025-03-29,20,Damaged item,1,17.3,0.0,Completed
R0005157,SL000102878,O00059887,2024-11-21,4,Faulty product,2,72.92,0.0,Completed
R0005158,SL000102945,O00059930,2024-04-12,4,Changed mind,1,243.46,0.0,Completed
R0005159,SL000102953,O00059935,2025-04-05,16,Changed mind,3,73.09,0.0,Completed
R0005160,SL000102959,O00059938,2025-07-01,12,Faulty product,1,85.55,0.0,Completed
R0005161,SL000102974,O00059944,2023-01-23,3,Changed mind,3,76.36,13.47,Completed
R0005162,SL000102977,O00059946,2025-09-04,5,Not as described,1,78.4,0.0,Completed
R0005163,SL000102989,O00059954,2025-04-17,5,Late delivery,1,20.69,0.0,Completed
R0005164,SL000102993,O00059956,2023-12-26,3,Changed mind,3,36.11,0.0,Completed
R0005165,SL000103046,O00059990,2023-06-21,3,Faulty product,1,42.42,0.0,Completed
R0005166,SL000103082,O00060011,2025-10-19,11,Faulty product,2,8.26,0.0,Pending
R0005167,SL000103105,O00060026,2025-03-28,3,Faulty product,1,11.1,0.0,Completed
R0005168,SL000103126,O00060037,2025-01-03,18,Damaged item,1,29.4,0.0,Completed
R0005169,SL000103148,O00060049,2025-08-04,30,Damaged item,1,3.98,0.0,Completed
R0005170,SL000103152,O00060051,2025-05-16,14,Faulty product,4,100.92,0.0,Completed
R0005171,SL000103177,O00060069,2023-04-14,14,Size or fit issue,4,138.6,0.0,Completed
R0005172,SL000103237,O00060106,2024-03-14,11,Faulty product,1,377.88,0.0,Completed
R0005173,SL000103292,O00060142,2024-09-01,9,Incorrect item,1,57.25,0.0,Completed
R0005174,SL000103307,O00060152,2023-03-22,9,Changed mind,1,118.23,0.0,Completed
R0005175,SL000103342,O00060177,2023-11-12,10,Changed mind,1,80.0,0.0,Completed
R0005176,SL000103347,O00060178,2025-02-09,16,Damaged item,1,23.26,0.0,Completed
R0005177,SL000103366,O00060191,2025-08-25,7,Late delivery,3,124.76,0.0,Completed
R0005178,SL000103382,O00060201,2024-09-11,10,Incorrect item,1,8.0,0.0,Completed
R0005179,SL000103395,O00060208,2023-10-10,20,Changed mind,1,12.79,0.0,Completed
R0005180,SL000103443,O00060233,2025-12-16,7,Changed mind,1,257.41,0.0,Completed
R0005181,SL000103516,O00060284,2024-04-03,10,Not as described,1,196.72,0.0,Completed
R0005182,SL000103525,O00060290,2025-05-06,11,Not as described,1,9.15,0.0,Completed
R0005183,SL000103528,O00060293,2023-06-17,8,Changed mind,1,20.3,0.0,Completed
R0005184,SL000103534,O00060298,2025-01-02,16,Changed mind,1,23.26,0.0,Completed
R0005185,SL000103536,O00060299,2024-04-25,18,Not as described,1,42.99,0.0,Completed
R0005186,SL000103541,O00060301,2024-11-13,6,Damaged item,1,17.37,0.0,Completed
R0005187,SL000103544,O00060302,2023-12-06,7,Incorrect item,1,12.0,0.0,Completed
R0005188,SL000103556,O00060309,2026-01-09,26,Incorrect item,1,35.4,0.0,Completed
R0005189,SL000103574,O00060320,2024-04-30,11,Not as described,1,33.25,0.0,Completed
R0005190,SL000103586,O00060328,2025-03-17,6,Faulty product,1,53.97,0.0,Completed
R0005191,SL000103590,O00060329,2023-02-14,18,Changed mind,4,175.57,0.0,Completed
R0005192,SL000103625,O00060351,2025-02-27,17,Changed mind,1,22.6,0.0,Completed
R0005193,SL000103627,O00060353,2025-04-11,9,Changed mind,1,91.04,0.0,Completed
R0005194,SL000103631,O00060355,2025-12-11,20,Changed mind,2,51.8,0.0,Completed
R0005195,SL000103669,O00060374,2025-12-30,5,Damaged item,2,201.38,0.0,Completed
R0005196,SL000103775,O00060439,2023-06-19,2,Faulty product,1,14.64,0.0,Completed
R0005197,SL000103781,O00060443,2026-01-11,15,Changed mind,1,29.75,5.25,Completed
R0005198,SL000103791,O00060448,2024-07-08,8,Faulty product,1,105.13,0.0,Completed
R0005199,SL000103808,O00060456,2025-12-02,9,Changed mind,1,21.89,3.86,Completed
R0005200,SL000103809,O00060457,2023-08-01,10,Not as described,1,50.12,0.0,Completed
R0005201,SL000103819,O00060464,2023-01-20,13,Changed mind,4,142.08,0.0,Pending
R0005202,SL000103821,O00060464,2023-01-15,8,Faulty product,1,17.85,0.0,Completed
R0005203,SL000103828,O00060468,2025-11-29,4,Size or fit issue,1,236.98,0.0,Completed
R0005204,SL000103889,O00060505,2023-10-07,4,Changed mind,1,336.38,0.0,Completed
R0005205,SL000103893,O00060507,2023-12-18,4,Damaged item,1,15.71,0.0,Completed
R0005206,SL000103901,O00060513,2024-12-18,5,Faulty product,2,60.2,0.0,Completed
R0005207,SL000103913,O00060520,2024-12-27,5,Not as described,4,35.32,0.0,Completed
R0005208,SL000103959,O00060550,2023-05-22,10,Changed mind,1,287.51,0.0,Completed
R0005209,SL000103963,O00060552,2024-06-08,5,Faulty product,4,32.0,0.0,Completed
R0005210,SL000103998,O00060574,2026-01-03,26,Changed mind,1,16.75,0.0,Completed
R0005211,SL000104007,O00060581,2024-06-29,6,Changed mind,1,64.81,11.44,Completed
R0005212,SL000104019,O00060588,2023-04-21,24,Damaged item,1,128.78,0.0,Completed
R0005213,SL000104023,O00060590,2023-07-26,5,Faulty product,4,175.5,0.0,Completed
R0005214,SL000104038,O00060598,2024-01-08,24,Faulty product,1,22.93,0.0,Completed
R0005215,SL000104078,O00060628,2025-01-06,4,Changed mind,1,68.83,0.0,Completed
R0005216,SL000104103,O00060643,2025-10-24,14,Changed mind,1,17.13,0.0,Completed
R0005217,SL000104107,O00060646,2023-09-20,6,Damaged item,1,96.97,0.0,Completed
R0005218,SL000104115,O00060648,2023-03-15,5,Changed mind,1,26.23,4.63,Completed
R0005219,SL000104117,O00060649,2025-10-10,1,Faulty product,1,59.26,0.0,Completed
R0005220,SL000104118,O00060649,2025-10-24,15,Faulty product,1,21.42,0.0,Completed
R0005221,SL000104126,O00060654,2025-08-09,21,Incorrect item,1,11.1,0.0,Completed
R0005222,SL000104155,O00060672,2023-12-31,6,Changed mind,4,39.98,7.06,Completed
R0005223,SL000104159,O00060674,2023-09-10,2,Faulty product,1,200.23,0.0,Completed
R0005224,SL000104169,O00060682,2025-07-31,10,Size or fit issue,1,11.76,0.0,Completed
R0005225,SL000104188,O00060690,2023-12-14,2,Changed mind,1,18.07,0.0,Completed
R0005226,SL000104238,O00060719,2024-11-08,29,Late delivery,1,138.57,0.0,Completed
R0005227,SL000104255,O00060730,2025-08-08,17,Late delivery,1,80.94,0.0,Completed
R0005228,SL000104262,O00060733,2025-08-23,15,Changed mind,1,13.75,0.0,Completed
R0005229,SL000104271,O00060738,2025-08-25,10,Late delivery,1,10.75,0.0,Completed
R0005230,SL000104291,O00060750,2025-07-20,10,Size or fit issue,1,24.15,0.0,Completed
R0005231,SL000104383,O00060807,2023-04-16,5,Late delivery,1,48.52,0.0,Completed
R0005232,SL000104385,O00060808,2024-05-25,6,Not as described,2,315.38,0.0,Completed
R0005233,SL000104415,O00060826,2024-03-20,15,Faulty product,1,11.44,0.0,Completed
R0005234,SL000104418,O00060828,2024-05-27,6,Damaged item,1,11.76,0.0,Completed
R0005235,SL000104438,O00060843,2024-12-21,13,Changed mind,4,142.08,25.07,Completed
R0005236,SL000104483,O00060871,2025-12-21,1,Size or fit issue,1,9.38,0.0,Completed
R0005237,SL000104484,O00060872,2024-12-06,29,Changed mind,1,151.68,0.0,Completed
R0005238,SL000104487,O00060874,2025-12-05,8,Damaged item,4,48.18,0.0,Completed
R0005239,SL000104610,O00060942,2023-02-09,9,Changed mind,1,13.6,2.4,Completed
R0005240,SL000104618,O00060946,2024-12-27,13,Faulty product,1,216.22,0.0,Completed
R0005241,SL000104640,O00060960,2024-12-23,21,Changed mind,1,24.12,0.0,Completed
R0005242,SL000104649,O00060963,2023-01-30,8,Incorrect item,1,9.37,0.0,Completed
R0005243,SL000104650,O00060964,2025-07-07,7,Damaged item,1,223.7,0.0,Completed
R0005244,SL000104656,O00060965,2023-09-21,26,Changed mind,1,11.64,0.0,Completed
R0005245,SL000104683,O00060977,2024-04-19,5,Faulty product,1,20.69,0.0,Completed
R0005246,SL000104684,O00060977,2024-04-19,5,Changed mind,1,69.09,0.0,Completed
R0005247,SL000104714,O00060994,2023-05-29,20,Changed mind,1,322.79,0.0,Completed
R0005248,SL000104751,O00061016,2024-08-23,10,Size or fit issue,3,76.71,0.0,Completed
R0005249,SL000104753,O00061018,2023-12-17,2,Changed mind,1,16.41,2.9,Completed
R0005250,SL000104767,O00061027,2025-02-02,6,Changed mind,1,2.55,0.0,Completed
R0005251,SL000104772,O00061031,2023-10-30,12,Changed mind,1,74.19,0.0,Completed
R0005252,SL000104797,O00061045,2025-03-16,30,Size or fit issue,1,48.62,0.0,Completed
R0005253,SL000104820,O00061058,2023-04-20,5,Faulty product,2,68.6,0.0,Completed
R0005254,SL000104823,O00061061,2024-10-06,9,Faulty product,1,200.23,0.0,Completed
R0005255,SL000104846,O00061073,2024-06-08,6,Damaged item,2,51.67,0.0,Completed
R0005256,SL000104886,O00061098,2024-02-14,15,Size or fit issue,1,27.75,0.0,Completed
R0005257,SL000104910,O00061115,2024-08-10,16,Not as described,1,346.14,0.0,Completed
R0005258,SL000104959,O00061142,2024-09-17,3,Changed mind,1,21.51,3.8,Completed
R0005259,SL000104971,O00061147,2024-01-12,2,Damaged item,1,151.68,0.0,Completed
R0005260,SL000104984,O00061156,2023-03-12,6,Size or fit issue,4,11.64,0.0,Completed
R0005261,SL000105031,O00061184,2024-11-07,5,Changed mind,1,49.63,8.76,Completed
R0005262,SL000105139,O00061256,2023-03-24,2,Changed mind,1,74.73,0.0,Completed
R0005263,SL000105152,O00061266,2025-12-20,8,Changed mind,1,16.34,0.0,Completed
R0005264,SL000105166,O00061277,2025-08-12,14,Changed mind,3,102.4,0.0,Completed
R0005265,SL000105204,O00061297,2024-02-11,11,Changed mind,2,16.0,0.0,Completed
R0005266,SL000105225,O00061310,2024-01-11,14,Changed mind,1,49.2,0.0,Completed
R0005267,SL000105241,O00061318,2025-05-24,7,Faulty product,1,14.85,0.0,Completed
R0005268,SL000105281,O00061346,2025-06-15,9,Changed mind,1,230.28,0.0,Completed
R0005269,SL000105297,O00061359,2024-01-15,8,Damaged item,1,75.57,0.0,Completed
R0005270,SL000105307,O00061365,2024-12-28,5,Changed mind,1,12.92,2.28,Completed
R0005271,SL000105321,O00061375,2025-12-24,4,Late delivery,2,274.37,0.0,Completed
R0005272,SL000105358,O00061397,2024-04-05,4,Changed mind,2,6.0,0.0,Completed
R0005273,SL000105395,O00061419,2024-12-09,7,Not as described,1,23.85,0.0,Completed
R0005274,SL000105402,O00061424,2024-01-06,11,Incorrect item,2,8.49,0.0,Completed
R0005275,SL000105520,O00061499,2023-12-30,13,Changed mind,1,132.91,23.46,Pending
R0005276,SL000105541,O00061512,2024-03-08,6,Size or fit issue,1,77.6,0.0,Completed
R0005277,SL000105601,O00061545,2023-07-05,15,Size or fit issue,1,27.65,0.0,Completed
R0005278,SL000105654,O00061574,2025-08-14,5,Not as described,1,155.4,0.0,Completed
R0005279,SL000105687,O00061596,2024-01-11,32,Not as described,3,117.21,0.0,Completed
R0005280,SL000105749,O00061634,2024-02-09,7,Changed mind,1,79.2,0.0,Completed
R0005281,SL000105756,O00061637,2024-07-15,5,Changed mind,1,8.36,1.47,Completed
R0005282,SL000105759,O00061638,2025-01-18,4,Not as described,1,317.68,0.0,Completed
R0005283,SL000105769,O00061645,2024-12-29,9,Faulty product,1,47.98,0.0,Completed
R0005284,SL000105781,O00061649,2023-04-07,2,Damaged item,1,97.76,0.0,Completed
R0005285,SL000105792,O00061656,2025-02-15,7,Changed mind,2,43.73,0.0,Completed
R0005286,SL000105848,O00061686,2023-11-28,2,Not as described,2,145.45,0.0,Completed
R0005287,SL000105874,O00061703,2023-07-08,1,Incorrect item,1,43.91,0.0,Completed
R0005288,SL000105880,O00061705,2025-11-29,5,Not as described,1,8.88,0.0,Completed
R0005289,SL000105899,O00061716,2023-10-13,4,Changed mind,1,211.54,0.0,Completed
R0005290,SL000105934,O00061740,2024-12-24,29,Damaged item,1,58.4,0.0,Completed
R0005291,SL000105982,O00061765,2025-10-12,8,Not as described,1,29.52,0.0,Completed
R0005292,SL000105990,O00061770,2025-05-10,6,Late delivery,1,11.4,0.0,Completed
R0005293,SL000106003,O00061777,2023-02-13,1,Incorrect item,1,131.77,0.0,Completed
R0005294,SL000106007,O00061780,2023-01-19,16,Faulty product,1,243.94,0.0,Completed
R0005295,SL000106014,O00061784,2025-12-27,9,Late delivery,1,59.35,0.0,Completed
R0005296,SL000106018,O00061787,2023-05-23,12,Not as described,1,108.58,0.0,Completed
R0005297,SL000106093,O00061832,2025-09-21,15,Changed mind,2,69.3,0.0,Completed
R0005298,SL000106102,O00061836,2023-11-22,4,Faulty product,2,166.61,0.0,Completed
R0005299,SL000106128,O00061854,2023-09-13,6,Changed mind,2,218.14,0.0,Completed
R0005300,SL000106134,O00061858,2024-11-26,6,Not as described,2,34.6,0.0,Completed
R0005301,SL000106192,O00061893,2024-09-30,11,Not as described,1,87.9,0.0,Pending
R0005302,SL000106200,O00061898,2025-12-28,9,Changed mind,1,317.05,0.0,Completed
R0005303,SL000106201,O00061899,2025-06-12,7,Changed mind,2,5.94,0.0,Completed
R0005304,SL000106216,O00061910,2025-11-29,6,Changed mind,4,121.1,0.0,Completed
R0005305,SL000106223,O00061915,2023-01-15,8,Incorrect item,1,194.66,0.0,Completed
R0005306,SL000106228,O00061918,2023-06-16,21,Faulty product,1,13.34,0.0,Completed
R0005307,SL000106234,O00061920,2025-05-25,1,Changed mind,1,19.03,0.0,Completed
R0005308,SL000106262,O00061937,2025-03-07,11,Changed mind,1,27.76,4.9,Completed
R0005309,SL000106265,O00061938,2024-12-04,13,Damaged item,1,25.55,0.0,Completed
R0005310,SL000106370,O00061999,2023-04-03,16,Changed mind,2,5.94,0.0,Completed
R0005311,SL000106379,O00062003,2025-12-30,5,Faulty product,1,115.0,0.0,Completed
R0005312,SL000106397,O00062015,2024-01-15,13,Changed mind,1,132.91,23.46,Completed
R0005313,SL000106420,O00062029,2024-06-08,9,Changed mind,4,73.1,0.0,Completed
R0005314,SL000106443,O00062046,2024-01-05,15,Changed mind,1,8.46,1.49,Pending
R0005315,SL000106450,O00062051,2023-10-13,26,Damaged item,1,105.13,0.0,Completed
R0005316,SL000106473,O00062062,2025-08-26,5,Changed mind,1,35.0,0.0,Completed
R0005317,SL000106485,O00062068,2025-07-19,5,Not as described,1,35.0,0.0,Completed
R0005318,SL000106522,O00062094,2023-11-19,9,Faulty product,1,16.0,0.0,Completed
R0005319,SL000106524,O00062095,2024-05-05,18,Faulty product,1,290.41,0.0,Completed
R0005320,SL000106526,O00062095,2024-04-20,3,Faulty product,3,16.38,0.0,Completed
R0005321,SL000106542,O00062105,2024-03-16,1,Not as described,1,252.57,0.0,Completed
R0005322,SL000106551,O00062111,2024-11-26,4,Changed mind,1,6.31,1.11,Pending
R0005323,SL000106600,O00062142,2024-07-22,7,Late delivery,1,18.21,0.0,Completed
R0005324,SL000106606,O00062146,2024-11-23,28,Faulty product,1,151.68,0.0,Completed
R0005325,SL000106623,O00062156,2025-11-08,12,Faulty product,1,44.36,0.0,Completed
R0005326,SL000106627,O00062158,2023-12-25,15,Changed mind,1,3.0,0.0,Completed
R0005327,SL000106644,O00062167,2025-11-21,4,Changed mind,2,11.84,0.0,Completed
R0005328,SL000106662,O00062178,2024-01-19,2,Changed mind,1,203.42,0.0,Completed
R0005329,SL000106685,O00062191,2024-03-14,16,Changed mind,1,21.08,3.72,Completed
R0005330,SL000106688,O00062193,2024-09-10,9,Faulty product,1,151.68,0.0,Completed
R0005331,SL000106705,O00062202,2024-12-27,7,Faulty product,2,73.03,0.0,Completed
R0005332,SL000106718,O00062210,2024-10-19,9,Not as described,3,42.75,0.0,Completed
R0005333,SL000106741,O00062223,2025-02-19,37,Faulty product,1,71.6,0.0,Completed
R0005334,SL000106752,O00062228,2025-09-24,10,Incorrect item,2,342.7,0.0,Completed
R0005335,SL000106796,O00062250,2025-06-03,3,Damaged item,2,127.36,0.0,Completed
R0005336,SL000106798,O00062252,2025-11-08,11,Incorrect item,3,102.9,0.0,Completed
R0005337,SL000106802,O00062256,2023-11-19,16,Not as described,1,34.65,0.0,Completed
R0005338,SL000106827,O00062270,2023-10-08,13,Late delivery,1,33.25,0.0,Completed
R0005339,SL000106841,O00062275,2025-06-26,8,Incorrect item,1,110.16,0.0,Completed
R0005340,SL000106844,O00062277,2024-10-06,1,Not as described,2,155.2,0.0,Completed
R0005341,SL000106892,O00062305,2024-12-21,6,Incorrect item,1,148.29,0.0,Completed
R0005342,SL000106901,O00062310,2024-07-24,31,Changed mind,2,16.52,2.92,Completed
R0005343,SL000106911,O00062314,2023-06-11,3,Faulty product,1,76.91,0.0,Completed
R0005344,SL000106919,O00062319,2024-10-16,2,Not as described,1,16.68,0.0,Pending
R0005345,SL000106921,O00062321,2025-09-23,8,Changed mind,1,38.11,0.0,Completed
R0005346,SL000106933,O00062327,2024-04-05,6,Incorrect item,1,12.0,0.0,Completed
R0005347,SL000106958,O00062340,2025-03-18,17,Damaged item,1,18.38,0.0,Completed
R0005348,SL000106963,O00062341,2023-12-01,4,Damaged item,1,52.9,0.0,Completed
R0005349,SL000106965,O00062342,2024-03-21,6,Faulty product,3,80.15,0.0,Completed
R0005350,SL000106968,O00062344,2023-09-14,26,Incorrect item,1,131.41,0.0,Completed
R0005351,SL000106976,O00062348,2024-12-02,12,Damaged item,1,145.34,0.0,Completed
R0005352,SL000107056,O00062395,2023-10-23,13,Changed mind,1,44.77,0.0,Completed
R0005353,SL000107079,O00062411,2024-11-10,30,Not as described,1,219.22,0.0,Completed
R0005354,SL000107086,O00062416,2024-03-31,2,Faulty product,1,30.86,0.0,Completed
R0005355,SL000107096,O00062422,2024-11-07,21,Damaged item,1,50.39,0.0,Completed
R0005356,SL000107126,O00062438,2025-03-13,13,Size or fit issue,1,11.4,0.0,Pending
R0005357,SL000107128,O00062439,2024-07-23,30,Faulty product,1,106.38,0.0,Completed
R0005358,SL000107153,O00062454,2024-03-09,9,Changed mind,4,61.48,0.0,Completed
R0005359,SL000107186,O00062471,2025-04-20,11,Size or fit issue,1,127.5,0.0,Completed
R0005360,SL000107205,O00062484,2024-11-07,7,Changed mind,1,75.32,0.0,Completed
R0005361,SL000107232,O00062499,2025-12-16,6,Late delivery,1,120.05,0.0,Completed
R0005362,SL000107237,O00062502,2024-11-14,6,Faulty product,2,34.62,0.0,Completed
R0005363,SL000107272,O00062521,2025-12-24,9,Faulty product,3,75.01,0.0,Completed
R0005364,SL000107293,O00062532,2023-02-04,6,Incorrect item,1,21.61,0.0,Completed
R0005365,SL000107332,O00062555,2023-12-05,6,Incorrect item,2,47.82,0.0,Completed
R0005366,SL000107364,O00062569,2024-02-03,29,Changed mind,1,485.08,0.0,Completed
R0005367,SL000107386,O00062583,2023-05-05,11,Changed mind,4,91.18,0.0,Completed
R0005368,SL000107430,O00062608,2024-05-28,14,Changed mind,1,766.86,0.0,Completed
R0005369,SL000107471,O00062633,2023-12-04,4,Not as described,1,130.02,0.0,Completed
R0005370,SL000107475,O00062636,2024-05-21,16,Damaged item,2,8.32,0.0,Completed
R0005371,SL000107494,O00062646,2023-07-11,12,Changed mind,1,177.22,31.28,Pending
R0005372,SL000107498,O00062647,2024-01-28,11,Size or fit issue,1,377.03,0.0,Completed
R0005373,SL000107512,O00062654,2024-12-10,9,Incorrect item,1,40.4,0.0,Completed
R0005374,SL000107517,O00062657,2025-05-13,9,Faulty product,2,23.76,0.0,Pending
R0005375,SL000107523,O00062660,2024-11-27,3,Late delivery,1,10.24,0.0,Completed
R0005376,SL000107560,O00062681,2025-07-11,5,Changed mind,1,25.74,4.54,Completed
R0005377,SL000107570,O00062686,2025-11-19,3,Changed mind,1,29.45,5.2,Completed
R0005378,SL000107592,O00062699,2025-12-09,24,Damaged item,2,99.75,0.0,Completed
R0005379,SL000107593,O00062700,2025-08-27,19,Incorrect item,1,11.16,0.0,Completed
R0005380,SL000107601,O00062706,2024-07-27,3,Faulty product,1,18.84,0.0,Completed
R0005381,SL000107649,O00062733,2024-01-31,2,Faulty product,1,124.12,0.0,Completed
R0005382,SL000107653,O00062734,2025-12-16,6,Damaged item,1,151.68,0.0,Completed
R0005383,SL000107656,O00062736,2025-02-26,19,Damaged item,1,35.19,0.0,Completed
R0005384,SL000107691,O00062759,2025-02-18,5,Changed mind,1,178.49,0.0,Pending
R0005385,SL000107726,O00062782,2025-03-27,6,Size or fit issue,1,14.03,0.0,Completed
R0005386,SL000107747,O00062796,2025-09-26,16,Late delivery,1,65.6,0.0,Pending
R0005387,SL000107761,O00062802,2025-03-15,3,Damaged item,2,16.0,0.0,Completed
R0005388,SL000107772,O00062811,2024-02-27,6,Late delivery,1,158.64,0.0,Completed
R0005389,SL000107779,O00062814,2025-08-02,15,Faulty product,2,45.1,0.0,Completed
R0005390,SL000107785,O00062818,2023-11-26,8,Changed mind,1,35.0,0.0,Completed
R0005391,SL000107790,O00062821,2023-02-01,5,Damaged item,1,299.01,0.0,Completed
R0005392,SL000107812,O00062835,2023-12-07,10,Changed mind,1,89.97,0.0,Completed
R0005393,SL000107815,O00062836,2023-02-22,20,Not as described,2,69.62,0.0,Completed
R0005394,SL000107854,O00062860,2023-08-28,3,Changed mind,1,67.1,0.0,Completed
R0005395,SL000107876,O00062872,2024-12-02,3,Not as described,1,253.36,0.0,Completed
R0005396,SL000107897,O00062884,2023-11-20,1,Changed mind,1,30.86,0.0,Completed
R0005397,SL000107898,O00062884,2023-11-24,5,Damaged item,1,124.84,0.0,Completed
R0005398,SL000107913,O00062890,2023-02-08,24,Damaged item,3,75.96,0.0,Completed
R0005399,SL000107920,O00062892,2025-08-05,7,Faulty product,2,68.6,0.0,Completed
R0005400,SL000108007,O00062941,2025-03-28,18,Size or fit issue,1,33.95,0.0,Completed
R0005401,SL000108032,O00062957,2025-12-03,5,Changed mind,1,8.91,1.57,Completed
R0005402,SL000108039,O00062959,2025-02-14,8,Changed mind,1,80.0,0.0,Completed
R0005403,SL000108044,O00062962,2023-05-02,20,Not as described,4,82.95,0.0,Completed
R0005404,SL000108051,O00062966,2024-09-18,21,Damaged item,1,11.76,0.0,Completed
R0005405,SL000108096,O00062989,2024-08-28,17,Faulty product,1,73.11,0.0,Pending
R0005406,SL000108107,O00062994,2023-11-24,24,Incorrect item,1,17.1,0.0,Completed
R0005407,SL000108131,O00063008,2024-08-26,12,Faulty product,1,10.77,0.0,Completed
R0005408,SL000108142,O00063016,2025-07-18,11,Late delivery,3,149.1,0.0,Completed
R0005409,SL000108149,O00063018,2024-03-04,2,Changed mind,1,362.61,0.0,Completed
R0005410,SL000108173,O00063035,2025-12-04,3,Size or fit issue,3,91.35,0.0,Completed
R0005411,SL000108187,O00063044,2025-01-02,7,Faulty product,1,122.88,0.0,Completed
R0005412,SL000108189,O00063045,2024-04-30,13,Size or fit issue,1,60.57,0.0,Completed
R0005413,SL000108191,O00063046,2025-08-29,3,Faulty product,1,178.49,0.0,Completed
R0005414,SL000108217,O00063062,2023-01-19,1,Changed mind,1,79.2,0.0,Completed
R0005415,SL000108226,O00063066,2024-03-12,6,Changed mind,1,369.11,65.14,Completed
R0005416,SL000108274,O00063096,2024-08-20,8,Late delivery,1,132.03,0.0,Completed
R0005417,SL000108281,O00063101,2023-06-04,6,Changed mind,1,35.0,0.0,Completed
R0005418,SL000108282,O00063101,2023-06-06,8,Damaged item,1,131.33,0.0,Completed
R0005419,SL000108286,O00063103,2023-11-21,2,Changed mind,2,20.76,3.66,Completed
R0005420,SL000108324,O00063127,2024-10-30,3,Late delivery,1,124.84,0.0,Completed
R0005421,SL000108352,O00063144,2025-02-18,21,Changed mind,1,399.13,0.0,Completed
R0005422,SL000108377,O00063158,2024-04-22,14,Changed mind,1,17.85,0.0,Completed
R0005423,SL000108382,O00063161,2024-12-03,7,Incorrect item,1,15.7,0.0,Pending
R0005424,SL000108386,O00063165,2024-10-21,14,Changed mind,1,28.24,0.0,Completed
R0005425,SL000108477,O00063216,2023-01-24,3,Size or fit issue,4,138.9,0.0,Completed
R0005426,SL000108481,O00063219,2023-11-24,6,Late delivery,2,70.0,0.0,Completed
R0005427,SL000108519,O00063242,2025-09-02,9,Damaged item,1,122.88,0.0,Completed
R0005428,SL000108520,O00063242,2025-09-11,18,Not as described,1,148.29,0.0,Completed
R0005429,SL000108534,O00063251,2023-12-20,21,Faulty product,1,170.84,0.0,Completed
R0005430,SL000108555,O00063266,2023-07-15,12,Changed mind,1,19.43,0.0,Completed
R0005431,SL000108591,O00063289,2024-05-01,8,Not as described,4,137.2,0.0,Completed
R0005432,SL000108624,O00063309,2024-02-25,4,Size or fit issue,1,270.08,0.0,Completed
R0005433,SL000108625,O00063310,2023-03-14,11,Faulty product,1,11.64,0.0,Completed
R0005434,SL000108627,O00063310,2023-03-11,8,Size or fit issue,1,48.21,0.0,Completed
R0005435,SL000108648,O00063321,2024-08-19,16,Changed mind,1,18.6,0.0,Completed
R0005436,SL000108666,O00063336,2024-03-29,10,Not as described,1,189.91,0.0,Completed
R0005437,SL000108733,O00063375,2023-12-29,8,Changed mind,1,275.89,0.0,Completed
R0005438,SL000108740,O00063378,2024-12-25,3,Incorrect item,1,18.07,0.0,Completed
R0005439,SL000108741,O00063379,2024-12-08,3,Changed mind,1,211.54,0.0,Completed
R0005440,SL000108757,O00063387,2024-07-09,5,Faulty product,2,47.33,0.0,Completed
R0005441,SL000108822,O00063421,2025-11-22,24,Damaged item,1,260.06,0.0,Pending
R0005442,SL000108834,O00063430,2023-10-21,10,Changed mind,1,241.03,0.0,Completed
R0005443,SL000108873,O00063448,2025-01-02,19,Size or fit issue,1,69.09,0.0,Completed
R0005444,SL000108875,O00063450,2024-04-12,19,Changed mind,1,319.39,0.0,Completed
R0005445,SL000108950,O00063494,2023-04-25,9,Damaged item,1,76.8,0.0,Completed
R0005446,SL000108973,O00063511,2025-10-10,17,Damaged item,1,100.62,0.0,Completed
R0005447,SL000109044,O00063548,2025-06-06,7,Faulty product,1,28.17,0.0,Completed
R0005448,SL000109084,O00063573,2025-10-16,5,Not as described,1,64.53,0.0,Completed
R0005449,SL000109085,O00063573,2025-10-13,2,Not as described,1,77.67,0.0,Completed
R0005450,SL000109093,O00063579,2024-03-13,6,Faulty product,1,22.21,0.0,Completed
R0005451,SL000109096,O00063580,2025-12-27,16,Faulty product,1,147.35,0.0,Completed
R0005452,SL000109131,O00063597,2026-01-04,15,Incorrect item,1,28.35,0.0,Completed
R0005453,SL000109139,O00063601,2025-08-31,12,Faulty product,1,88.31,0.0,Completed
R0005454,SL000109143,O00063604,2025-06-18,3,Damaged item,1,28.0,0.0,Completed
R0005455,SL000109223,O00063645,2025-01-03,13,Size or fit issue,1,76.8,0.0,Completed
R0005456,SL000109253,O00063662,2023-02-26,13,Faulty product,1,18.21,0.0,Completed
R0005457,SL000109257,O00063664,2025-01-02,22,Changed mind,1,278.53,49.15,Completed
R0005458,SL000109258,O00063665,2023-09-28,3,Faulty product,1,120.31,0.0,Completed
R0005459,SL000109267,O00063668,2024-02-16,21,Changed mind,2,60.9,0.0,Completed
R0005460,SL000109285,O00063675,2025-12-02,3,Incorrect item,2,28.97,0.0,Completed
R0005461,SL000109291,O00063678,2023-04-29,9,Changed mind,1,51.59,9.11,Completed
R0005462,SL000109328,O00063701,2025-11-14,11,Faulty product,1,79.2,0.0,Completed
R0005463,SL000109368,O00063729,2025-06-13,3,Faulty product,2,74.78,0.0,Completed
R0005464,SL000109381,O00063736,2024-01-16,22,Changed mind,1,32.2,0.0,Completed
R0005465,SL000109420,O00063759,2024-11-18,7,Incorrect item,1,8.0,0.0,Completed
R0005466,SL000109438,O00063770,2024-05-21,16,Damaged item,1,15.46,0.0,Completed
R0005467,SL000109455,O00063780,2023-02-07,5,Changed mind,2,62.02,10.94,Completed
R0005468,SL000109458,O00063783,2023-12-17,7,Damaged item,1,281.7,0.0,Completed
R0005469,SL000109501,O00063807,2025-09-12,16,Changed mind,1,26.72,0.0,Completed
R0005470,SL000109520,O00063815,2024-01-09,9,Not as described,1,29.19,0.0,Completed
R0005471,SL000109577,O00063844,2023-09-30,7,Changed mind,1,7.68,0.0,Completed
R0005472,SL000109595,O00063856,2025-12-26,35,Faulty product,2,24.87,0.0,Completed
R0005473,SL000109623,O00063873,2023-01-17,7,Changed mind,1,19.77,0.0,Completed
R0005474,SL000109645,O00063887,2025-01-01,10,Damaged item,2,29.4,0.0,Completed
R0005475,SL000109650,O00063890,2024-09-10,4,Damaged item,1,33.95,0.0,Completed
R0005476,SL000109683,O00063905,2024-11-06,26,Faulty product,2,24.0,0.0,Completed
R0005477,SL000109759,O00063946,2025-04-29,23,Incorrect item,3,99.75,0.0,Completed
R0005478,SL000109784,O00063960,2024-05-02,8,Faulty product,3,131.74,0.0,Completed
R0005479,SL000109810,O00063974,2025-02-10,1,Incorrect item,1,25.13,0.0,Completed
R0005480,SL000109819,O00063977,2023-12-17,5,Size or fit issue,4,123.2,0.0,Completed
R0005481,SL000109827,O00063982,2023-10-16,22,Size or fit issue,1,105.74,0.0,Completed
R0005482,SL000109839,O00063988,2023-12-22,1,Changed mind,1,100.2,0.0,Completed
R0005483,SL000109842,O00063989,2026-01-04,7,Changed mind,2,160.0,0.0,Completed
R0005484,SL000109859,O00063997,2024-03-07,2,Not as described,1,34.65,0.0,Completed
R0005485,SL000109862,O00063998,2025-12-18,13,Late delivery,1,132.03,0.0,Completed
R0005486,SL000109866,O00064000,2025-10-13,9,Faulty product,1,85.88,0.0,Completed
R0005487,SL000109878,O00064006,2025-12-07,8,Changed mind,1,11.1,0.0,Completed
R0005488,SL000109907,O00064021,2024-11-06,17,Incorrect item,1,35.85,0.0,Completed
R0005489,SL000109956,O00064046,2024-05-01,15,Changed mind,1,124.84,0.0,Completed
R0005490,SL000109957,O00064046,2024-04-30,14,Damaged item,1,215.13,0.0,Completed
R0005491,SL000110000,O00064072,2025-12-24,4,Changed mind,2,30.76,0.0,Completed
R0005492,SL000110017,O00064083,2024-06-25,4,Not as described,1,110.16,0.0,Completed
R0005493,SL000110065,O00064111,2025-08-03,9,Changed mind,2,62.18,0.0,Completed
R0005494,SL000110070,O00064113,2024-08-07,4,Changed mind,1,44.54,0.0,Completed
R0005495,SL000110078,O00064117,2025-10-15,18,Damaged item,1,130.45,0.0,Completed
R0005496,SL000110120,O00064136,2024-07-19,3,Not as described,1,87.4,0.0,Pending
R0005497,SL000110121,O00064136,2024-07-28,12,Damaged item,1,12.54,0.0,Completed
R0005498,SL000110134,O00064145,2025-07-25,13,Changed mind,1,272.21,48.04,Completed
R0005499,SL000110177,O00064173,2025-03-31,13,Faulty product,1,29.79,0.0,Completed
R0005500,SL000110189,O00064181,2024-12-01,6,Late delivery,1,295.91,0.0,Completed
R0005501,SL000110227,O00064205,2023-12-26,6,Not as described,1,12.1,0.0,Completed
R0005502,SL000110246,O00064217,2023-02-06,6,Faulty product,1,30.8,0.0,Completed
R0005503,SL000110267,O00064228,2023-04-18,13,Faulty product,2,103.92,0.0,Pending
R0005504,SL000110268,O00064228,2023-04-19,14,Damaged item,1,4.09,0.0,Completed
R0005505,SL000110271,O00064230,2025-04-15,3,Not as described,2,25.85,0.0,Completed
R0005506,SL000110272,O00064231,2025-01-17,15,Changed mind,1,69.23,12.22,Completed
R0005507,SL000110299,O00064252,2023-02-10,9,Late delivery,1,209.42,0.0,Completed
R0005508,SL000110345,O00064275,2023-02-03,14,Changed mind,1,14.55,0.0,Completed
R0005509,SL000110352,O00064280,2025-07-04,19,Damaged item,1,24.29,0.0,Completed
R0005510,SL000110354,O00064281,2024-12-12,25,Late delivery,1,33.95,0.0,Completed
R0005511,SL000110360,O00064286,2026-01-04,4,Changed mind,1,284.6,0.0,Completed
R0005512,SL000110365,O00064288,2026-01-05,8,Not as described,1,11.77,0.0,Completed
R0005513,SL000110407,O00064314,2025-09-07,20,Not as described,4,66.32,0.0,Pending
R0005514,SL000110460,O00064345,2023-05-20,19,Not as described,1,212.64,0.0,Pending
R0005515,SL000110526,O00064385,2025-01-20,7,Not as described,1,142.61,0.0,Completed
R0005516,SL000110531,O00064389,2024-11-27,9,Late delivery,2,31.56,0.0,Completed
R0005517,SL000110537,O00064391,2024-01-05,4,Damaged item,1,179.15,0.0,Completed
R0005518,SL000110556,O00064405,2025-02-20,11,Changed mind,1,13.47,0.0,Completed
R0005519,SL000110589,O00064421,2025-12-20,3,Changed mind,1,28.0,0.0,Completed
R0005520,SL000110649,O00064459,2024-09-26,18,Not as described,1,99.75,0.0,Completed
R0005521,SL000110661,O00064465,2024-12-21,11,Faulty product,1,35.0,0.0,Completed
R0005522,SL000110670,O00064471,2025-08-20,9,Size or fit issue,1,41.36,0.0,Completed
R0005523,SL000110694,O00064482,2025-01-25,12,Faulty product,2,70.0,0.0,Completed
R0005524,SL000110698,O00064484,2024-05-19,15,Not as described,1,34.3,0.0,Completed
R0005525,SL000110767,O00064515,2024-12-28,18,Changed mind,1,24.15,0.0,Completed
R0005526,SL000110771,O00064516,2026-01-02,7,Size or fit issue,1,89.22,0.0,Completed
R0005527,SL000110775,O00064518,2024-12-02,12,Changed mind,1,3.22,0.0,Completed
R0005528,SL000110782,O00064520,2023-03-26,8,Changed mind,4,71.54,0.0,Completed
R0005529,SL000110798,O00064530,2024-05-27,7,Not as described,1,74.19,0.0,Completed
R0005530,SL000110810,O00064536,2024-06-05,6,Incorrect item,1,32.09,0.0,Completed
R0005531,SL000110826,O00064544,2023-06-28,5,Damaged item,2,33.67,0.0,Pending
R0005532,SL000110843,O00064555,2024-08-23,16,Changed mind,1,9.59,1.69,Completed
R0005533,SL000110845,O00064556,2023-12-17,6,Changed mind,1,17.89,0.0,Completed
R0005534,SL000110854,O00064563,2026-01-10,27,Faulty product,1,45.97,0.0,Completed
R0005535,SL000110898,O00064588,2025-12-24,4,Incorrect item,4,74.36,0.0,Completed
R0005536,SL000110915,O00064598,2023-06-17,10,Faulty product,1,50.76,0.0,Completed
R0005537,SL000110919,O00064598,2023-06-11,4,Faulty product,1,17.67,0.0,Completed
R0005538,SL000110932,O00064607,2023-04-03,15,Changed mind,1,41.76,0.0,Completed
R0005539,SL000110970,O00064631,2023-10-20,5,Incorrect item,1,243.24,0.0,Completed
R0005540,SL000110998,O00064647,2023-11-16,4,Changed mind,1,142.3,0.0,Completed
R0005541,SL000111006,O00064650,2024-05-22,19,Damaged item,2,178.44,0.0,Completed
R0005542,SL000111018,O00064655,2024-09-13,10,Faulty product,1,15.17,0.0,Completed
R0005543,SL000111062,O00064680,2024-12-06,17,Incorrect item,1,58.4,0.0,Completed
R0005544,SL000111080,O00064690,2023-12-06,14,Changed mind,1,62.65,11.05,Completed
R0005545,SL000111090,O00064696,2024-03-24,8,Changed mind,1,170.2,30.03,Completed
R0005546,SL000111102,O00064704,2024-10-20,20,Size or fit issue,1,11.51,0.0,Completed
R0005547,SL000111105,O00064705,2023-11-10,16,Incorrect item,1,35.41,0.0,Pending
R0005548,SL000111119,O00064713,2024-12-14,4,Size or fit issue,1,186.21,0.0,Completed
R0005549,SL000111139,O00064725,2024-05-03,9,Changed mind,1,28.26,4.99,Completed
R0005550,SL000111140,O00064725,2024-05-05,11,Changed mind,3,46.17,0.0,Completed
R0005551,SL000111157,O00064735,2023-11-23,13,Size or fit issue,1,72.71,0.0,Completed
R0005552,SL000111162,O00064737,2024-10-21,6,Faulty product,1,3.0,0.0,Completed
R0005553,SL000111204,O00064761,2024-11-28,30,Damaged item,1,86.11,0.0,Completed
R0005554,SL000111249,O00064785,2025-05-19,2,Changed mind,1,80.0,0.0,Completed
R0005555,SL000111266,O00064796,2025-12-31,18,Changed mind,1,148.15,0.0,Completed
R0005556,SL000111278,O00064804,2023-04-26,11,Changed mind,1,32.5,0.0,Completed
R0005557,SL000111309,O00064819,2024-12-17,20,Late delivery,2,44.78,0.0,Pending
R0005558,SL000111319,O00064823,2023-12-06,10,Damaged item,1,65.27,0.0,Completed
R0005559,SL000111389,O00064871,2024-03-31,21,Damaged item,2,65.1,0.0,Completed
R0005560,SL000111426,O00064892,2024-07-17,7,Changed mind,1,14.55,0.0,Completed
R0005561,SL000111427,O00064892,2024-07-15,5,Changed mind,3,29.68,5.24,Completed
R0005562,SL000111455,O00064905,2024-07-05,12,Faulty product,1,13.41,0.0,Completed
R0005563,SL000111457,O00064906,2024-07-14,1,Faulty product,1,120.31,0.0,Completed
R0005564,SL000111497,O00064926,2025-06-21,8,Changed mind,1,125.1,0.0,Completed
R0005565,SL000111529,O00064942,2024-12-04,10,Faulty product,1,288.54,0.0,Completed
R0005566,SL000111554,O00064962,2024-08-14,11,Size or fit issue,1,122.88,0.0,Completed
R0005567,SL000111589,O00064984,2024-07-04,16,Damaged item,2,54.6,0.0,Pending
R0005568,SL000111602,O00064991,2023-01-07,3,Late delivery,1,20.28,0.0,Completed
R0005569,SL000111640,O00065008,2024-05-23,7,Changed mind,1,346.19,61.09,Completed
R0005570,SL000111647,O00065015,2025-07-11,7,Incorrect item,1,11.52,0.0,Completed
R0005571,SL000111674,O00065030,2025-05-26,4,Incorrect item,4,45.76,0.0,Completed
R0005572,SL000111679,O00065032,2023-12-30,21,Changed mind,1,211.69,0.0,Completed
R0005573,SL000111700,O00065044,2025-07-10,27,Not as described,1,9.6,0.0,Completed
R0005574,SL000111710,O00065049,2024-02-19,8,Faulty product,1,26.06,0.0,Completed
R0005575,SL000111721,O00065056,2025-04-11,5,Size or fit issue,1,11.64,0.0,Completed
R0005576,SL000111765,O00065087,2025-08-01,7,Incorrect item,1,339.78,0.0,Pending
R0005577,SL000111796,O00065101,2023-03-01,16,Changed mind,1,21.2,3.74,Completed
R0005578,SL000111812,O00065110,2025-09-06,12,Not as described,1,7.68,0.0,Completed
R0005579,SL000111823,O00065113,2023-09-29,11,Incorrect item,1,73.79,0.0,Completed
R0005580,SL000111826,O00065115,2024-12-07,3,Late delivery,1,264.16,0.0,Completed
R0005581,SL000111839,O00065123,2025-08-10,5,Changed mind,1,24.62,0.0,Completed
R0005582,SL000111851,O00065129,2024-10-16,3,Not as described,1,11.44,0.0,Completed
R0005583,SL000111860,O00065135,2023-04-05,23,Changed mind,1,333.08,0.0,Completed
R0005584,SL000111908,O00065164,2023-04-15,13,Changed mind,1,82.42,14.55,Completed
R0005585,SL000111923,O00065175,2024-07-19,5,Damaged item,4,106.27,0.0,Completed
R0005586,SL000111975,O00065204,2024-08-03,7,Changed mind,1,33.23,0.0,Completed
R0005587,SL000111996,O00065216,2025-09-30,4,Changed mind,1,4.25,0.0,Completed
R0005588,SL000112003,O00065221,2025-01-13,14,Changed mind,1,76.89,0.0,Completed
R0005589,SL000112014,O00065226,2024-07-19,9,Faulty product,4,118.09,0.0,Completed
R0005590,SL000112184,O00065326,2023-03-25,16,Damaged item,1,11.04,0.0,Completed
R0005591,SL000112197,O00065334,2025-12-11,1,Faulty product,1,39.95,0.0,Completed
R0005592,SL000112209,O00065343,2023-10-10,9,Changed mind,1,82.32,0.0,Completed
R0005593,SL000112234,O00065353,2023-05-20,11,Size or fit issue,1,77.6,0.0,Completed
R0005594,SL000112250,O00065360,2023-04-05,7,Damaged item,4,31.68,0.0,Completed
R0005595,SL000112276,O00065373,2025-04-15,5,Changed mind,1,378.76,0.0,Completed
R0005596,SL000112352,O00065413,2024-08-31,17,Late delivery,1,186.89,0.0,Completed
R0005597,SL000112367,O00065423,2025-12-18,16,Incorrect item,1,33.05,0.0,Pending
R0005598,SL000112370,O00065426,2024-11-25,2,Incorrect item,1,184.27,0.0,Completed
R0005599,SL000112375,O00065429,2024-12-27,19,Not as described,4,159.79,0.0,Completed
R0005600,SL000112386,O00065434,2025-07-17,28,Changed mind,1,34.71,0.0,Completed
R0005601,SL000112389,O00065436,2025-01-08,8,Faulty product,1,31.19,0.0,Completed
R0005602,SL000112407,O00065446,2023-12-10,5,Size or fit issue,1,21.63,0.0,Completed
R0005603,SL000112449,O00065474,2023-02-05,13,Changed mind,1,36.24,6.4,Completed
R0005604,SL000112479,O00065494,2023-05-29,8,Late delivery,1,394.54,0.0,Completed
R0005605,SL000112483,O00065497,2025-01-12,29,Size or fit issue,2,75.64,0.0,Completed
R0005606,SL000112497,O00065506,2025-12-30,7,Faulty product,1,30.45,0.0,Completed
R0005607,SL000112501,O00065508,2023-06-18,11,Changed mind,1,386.65,0.0,Completed
R0005608,SL000112517,O00065518,2023-10-19,1,Late delivery,1,7.84,0.0,Completed
R0005609,SL000112520,O00065519,2024-12-22,11,Late delivery,2,130.33,0.0,Completed
R0005610,SL000112570,O00065549,2024-07-06,1,Damaged item,1,276.83,0.0,Completed
R0005611,SL000112575,O00065554,2024-10-22,8,Changed mind,1,44.12,7.79,Completed
R0005612,SL000112577,O00065554,2024-10-31,17,Faulty product,2,104.98,0.0,Completed
R0005613,SL000112580,O00065555,2025-05-04,11,Faulty product,1,112.25,0.0,Completed
R0005614,SL000112587,O00065557,2026-01-16,28,Size or fit issue,1,28.32,0.0,Pending
R0005615,SL000112602,O00065567,2024-09-12,3,Damaged item,1,59.26,0.0,Completed
R0005616,SL000112605,O00065569,2023-02-07,9,Changed mind,1,394.54,0.0,Pending
R0005617,SL000112624,O00065576,2025-05-13,15,Damaged item,1,31.56,0.0,Completed
R0005618,SL000112672,O00065600,2023-08-12,14,Changed mind,1,29.93,0.0,Completed
R0005619,SL000112673,O00065601,2023-02-23,12,Faulty product,1,238.33,0.0,Completed
R0005620,SL000112702,O00065620,2023-05-26,7,Changed mind,1,24.48,0.0,Completed
R0005621,SL000112708,O00065625,2025-02-23,5,Not as described,1,19.69,0.0,Completed
R0005622,SL000112709,O00065626,2023-01-18,10,Faulty product,1,385.04,0.0,Completed
R0005623,SL000112729,O00065635,2023-12-19,17,Changed mind,1,90.74,0.0,Completed
R0005624,SL000112746,O00065647,2023-10-09,14,Not as described,1,192.71,0.0,Completed
R0005625,SL000112800,O00065680,2025-08-04,13,Damaged item,1,84.16,0.0,Completed
R0005626,SL000112862,O00065718,2023-11-06,5,Faulty product,1,278.79,0.0,Completed
R0005627,SL000112891,O00065737,2025-09-19,5,Damaged item,1,33.95,0.0,Completed
R0005628,SL000112912,O00065749,2025-12-16,26,Not as described,1,23.0,0.0,Completed
R0005629,SL000112927,O00065757,2023-04-11,16,Changed mind,1,68.0,12.0,Completed
R0005630,SL000112973,O00065781,2025-09-07,19,Changed mind,1,56.13,9.9,Completed
R0005631,SL000112995,O00065792,2024-12-07,4,Faulty product,1,16.0,0.0,Completed
R0005632,SL000113031,O00065809,2024-07-12,17,Late delivery,1,62.08,0.0,Completed
R0005633,SL000113060,O00065826,2023-03-13,3,Incorrect item,1,67.54,0.0,Completed
R0005634,SL000113070,O00065832,2023-05-22,20,Faulty product,3,127.83,0.0,Pending
R0005635,SL000113077,O00065838,2024-12-22,5,Late delivery,3,105.0,0.0,Completed
R0005636,SL000113114,O00065858,2024-12-22,12,Changed mind,1,132.91,23.46,Completed
R0005637,SL000113125,O00065865,2025-09-02,13,Not as described,1,91.24,0.0,Completed
R0005638,SL000113189,O00065902,2025-08-06,11,Damaged item,1,190.55,0.0,Pending
R0005639,SL000113192,O00065904,2023-06-17,8,Changed mind,2,54.02,9.53,Completed
R0005640,SL000113228,O00065928,2024-08-30,15,Damaged item,3,8.91,0.0,Completed
R0005641,SL000113252,O00065943,2023-07-15,7,Changed mind,1,37.11,6.55,Completed
R0005642,SL000113253,O00065943,2023-07-12,4,Changed mind,1,93.41,0.0,Completed
R0005643,SL000113258,O00065947,2025-05-26,3,Faulty product,1,21.01,0.0,Completed
R0005644,SL000113263,O00065950,2025-10-21,3,Size or fit issue,1,23.67,0.0,Completed
R0005645,SL000113280,O00065963,2025-01-11,4,Size or fit issue,1,10.87,0.0,Completed
R0005646,SL000113317,O00065981,2024-01-14,18,Damaged item,1,102.47,0.0,Completed
R0005647,SL000113326,O00065988,2025-12-22,14,Size or fit issue,1,126.15,0.0,Completed
R0005648,SL000113340,O00065996,2024-02-05,9,Not as described,1,295.61,0.0,Completed
R0005649,SL000113359,O00066008,2025-11-05,14,Damaged item,2,128.67,0.0,Completed
R0005650,SL000113467,O00066075,2024-12-09,3,Size or fit issue,1,2.91,0.0,Completed
R0005651,SL000113469,O00066076,2025-04-05,31,Changed mind,1,29.23,0.0,Completed
R0005652,SL000113476,O00066078,2025-02-12,11,Changed mind,1,54.33,9.59,Completed
R0005653,SL000113533,O00066108,2025-03-18,6,Faulty product,1,378.77,0.0,Completed
R0005654,SL000113535,O00066110,2025-01-28,6,Size or fit issue,1,2.58,0.0,Completed
R0005655,SL000113569,O00066127,2024-08-26,2,Not as described,2,36.79,0.0,Completed
R0005656,SL000113573,O00066128,2024-10-28,4,Incorrect item,1,11.1,0.0,Completed
R0005657,SL000113615,O00066156,2023-05-03,11,Faulty product,1,61.3,0.0,Completed
R0005658,SL000113616,O00066156,2023-04-29,7,Changed mind,2,56.52,9.98,Completed
R0005659,SL000113639,O00066166,2025-01-01,18,Changed mind,1,33.25,0.0,Completed
R0005660,SL000113715,O00066213,2023-01-22,10,Faulty product,1,25.02,0.0,Completed
R0005661,SL000113720,O00066217,2025-01-05,7,Size or fit issue,1,55.84,0.0,Completed
R0005662,SL000113742,O00066230,2024-01-01,45,Damaged item,1,407.28,0.0,Completed
R0005663,SL000113778,O00066252,2023-03-01,19,Changed mind,3,69.65,12.29,Completed
R0005664,SL000113805,O00066269,2024-02-15,5,Incorrect item,2,182.48,0.0,Completed
R0005665,SL000113955,O00066361,2023-01-30,12,Faulty product,3,122.8,0.0,Completed
R0005666,SL000113968,O00066367,2024-12-26,24,Changed mind,1,52.49,0.0,Completed
R0005667,SL000113986,O00066379,2023-05-14,8,Changed mind,1,57.69,0.0,Completed
R0005668,SL000114006,O00066388,2025-08-03,29,Faulty product,1,13.95,0.0,Completed
R0005669,SL000114022,O00066398,2023-09-02,8,Damaged item,2,125.19,0.0,Completed
R0005670,SL000114024,O00066398,2023-09-16,22,Damaged item,1,5.93,0.0,Completed
R0005671,SL000114035,O00066405,2023-03-28,18,Damaged item,1,92.12,0.0,Completed
R0005672,SL000114036,O00066406,2025-01-29,5,Not as described,1,29.75,0.0,Completed
R0005673,SL000114053,O00066413,2024-01-12,12,Not as described,1,34.65,0.0,Completed
R0005674,SL000114060,O00066418,2025-08-16,5,Damaged item,1,17.86,0.0,Completed
R0005675,SL000114066,O00066423,2024-03-07,20,Changed mind,1,28.04,0.0,Completed
R0005676,SL000114067,O00066424,2025-06-21,17,Not as described,1,34.65,0.0,Completed
R0005677,SL000114087,O00066434,2024-12-06,5,Faulty product,1,27.29,0.0,Pending
R0005678,SL000114177,O00066484,2024-02-06,17,Not as described,1,8.83,0.0,Completed
R0005679,SL000114178,O00066484,2024-01-25,5,Damaged item,3,107.31,0.0,Completed
R0005680,SL000114179,O00066484,2024-01-22,2,Incorrect item,1,2.49,0.0,Completed
R0005681,SL000114184,O00066487,2023-01-11,9,Changed mind,1,56.07,9.89,Completed
R0005682,SL000114224,O00066511,2024-07-17,1,Changed mind,2,36.51,0.0,Completed
R0005683,SL000114228,O00066514,2025-11-26,6,Not as described,1,52.67,0.0,Completed
R0005684,SL000114241,O00066520,2024-10-25,5,Damaged item,3,24.0,0.0,Completed
R0005685,SL000114258,O00066531,2023-07-21,16,Not as described,1,11.44,0.0,Pending
R0005686,SL000114274,O00066541,2023-12-03,14,Damaged item,1,407.28,0.0,Completed
R0005687,SL000114275,O00066542,2025-07-21,27,Size or fit issue,1,18.04,0.0,Completed
R0005688,SL000114292,O00066553,2024-10-19,20,Damaged item,1,63.88,0.0,Completed
R0005689,SL000114316,O00066568,2024-09-26,7,Changed mind,1,117.88,0.0,Completed
R0005690,SL000114323,O00066573,2023-03-30,9,Faulty product,1,35.0,0.0,Completed
R0005691,SL000114335,O00066579,2023-07-08,9,Damaged item,1,48.56,0.0,Completed
R0005692,SL000114336,O00066580,2025-10-07,9,Not as described,1,48.1,0.0,Completed
R0005693,SL000114339,O00066582,2024-05-19,6,Faulty product,1,205.19,0.0,Completed
R0005694,SL000114349,O00066588,2023-07-09,22,Faulty product,4,34.32,0.0,Completed
R0005695,SL000114354,O00066591,2023-12-31,7,Changed mind,3,72.0,12.7,Completed
R0005696,SL000114375,O00066605,2024-10-26,4,Not as described,1,20.28,0.0,Completed
R0005697,SL000114376,O00066605,2024-11-02,11,Incorrect item,1,19.88,0.0,Completed
R0005698,SL000114385,O00066612,2024-09-22,11,Size or fit issue,1,10.32,0.0,Completed
R0005699,SL000114394,O00066617,2025-03-01,9,Faulty product,1,78.4,0.0,Completed
R0005700,SL000114399,O00066619,2024-12-14,33,Faulty product,1,17.85,0.0,Completed
R0005701,SL000114436,O00066645,2023-12-17,9,Changed mind,1,35.47,0.0,Completed
R0005702,SL000114455,O00066656,2025-12-22,9,Changed mind,1,5.18,0.0,Pending
R0005703,SL000114456,O00066657,2023-09-30,6,Changed mind,1,8.0,0.0,Completed
R0005704,SL000114468,O00066664,2023-04-06,5,Changed mind,1,26.51,0.0,Completed
R0005705,SL000114514,O00066686,2024-08-12,17,Changed mind,1,388.97,0.0,Completed
R0005706,SL000114543,O00066700,2025-02-06,9,Changed mind,1,20.48,0.0,Completed
R0005707,SL000114559,O00066709,2023-03-05,1,Damaged item,1,28.93,0.0,Completed
R0005708,SL000114566,O00066712,2026-01-02,11,Changed mind,1,9.96,0.0,Completed
R0005709,SL000114577,O00066718,2025-02-06,4,Not as described,2,30.74,0.0,Completed
R0005710,SL000114677,O00066780,2024-07-27,31,Changed mind,1,88.3,0.0,Completed
R0005711,SL000114704,O00066799,2023-07-15,25,Faulty product,2,44.8,0.0,Completed
R0005712,SL000114707,O00066800,2025-02-16,16,Changed mind,1,93.75,0.0,Completed
R0005713,SL000114712,O00066803,2024-12-29,1,Changed mind,1,7.44,0.0,Completed
R0005714,SL000114716,O00066806,2025-07-14,10,Faulty product,1,377.88,0.0,Completed
R0005715,SL000114811,O00066853,2023-02-05,15,Changed mind,1,281.7,0.0,Pending
R0005716,SL000114814,O00066854,2024-08-14,23,Changed mind,1,8.0,0.0,Completed
R0005717,SL000114821,O00066857,2023-05-14,10,Not as described,1,43.19,0.0,Completed
R0005718,SL000114853,O00066877,2025-09-20,15,Not as described,1,27.75,0.0,Completed
R0005719,SL000114861,O00066880,2023-11-26,14,Late delivery,2,84.37,0.0,Completed
R0005720,SL000114883,O00066896,2023-09-12,16,Not as described,1,28.13,0.0,Completed
R0005721,SL000114890,O00066902,2024-01-30,11,Changed mind,2,18.74,0.0,Completed
R0005722,SL000114931,O00066922,2023-09-04,14,Damaged item,3,105.57,0.0,Completed
R0005723,SL000114986,O00066956,2025-09-27,9,Size or fit issue,1,29.59,0.0,Completed
R0005724,SL000114993,O00066962,2025-10-10,1,Changed mind,3,84.96,0.0,Completed
R0005725,SL000115003,O00066967,2023-12-29,6,Damaged item,1,201.11,0.0,Completed
R0005726,SL000115023,O00066977,2024-03-22,10,Size or fit issue,1,31.19,0.0,Completed
R0005727,SL000115066,O00067001,2023-07-17,7,Damaged item,1,27.76,0.0,Completed
R0005728,SL000115087,O00067016,2023-06-25,8,Changed mind,1,14.46,0.0,Completed
R0005729,SL000115101,O00067022,2023-04-05,3,Changed mind,2,46.29,0.0,Completed
R0005730,SL000115102,O00067022,2023-04-11,9,Changed mind,1,179.15,0.0,Completed
R0005731,SL000115109,O00067028,2023-12-30,16,Damaged item,4,199.23,0.0,Completed
R0005732,SL000115132,O00067040,2025-11-17,3,Not as described,1,62.59,0.0,Completed
R0005733,SL000115150,O00067053,2025-07-27,16,Late delivery,3,105.0,0.0,Pending
R0005734,SL000115167,O00067063,2023-01-26,13,Not as described,2,38.12,0.0,Completed
R0005735,SL000115173,O00067067,2024-05-27,8,Changed mind,1,560.16,0.0,Completed
R0005736,SL000115201,O00067080,2024-06-30,5,Changed mind,1,72.82,0.0,Completed
R0005737,SL000115202,O00067080,2024-07-04,9,Changed mind,1,95.85,16.92,Completed
R0005738,SL000115209,O00067083,2023-07-20,12,Changed mind,1,35.0,0.0,Completed
R0005739,SL000115236,O00067094,2024-10-28,5,Size or fit issue,1,264.16,0.0,Completed
R0005740,SL000115240,O00067098,2024-12-03,5,Not as described,1,249.81,0.0,Completed
R0005741,SL000115336,O00067158,2023-11-24,13,Faulty product,1,22.55,0.0,Completed
R0005742,SL000115341,O00067162,2023-10-28,11,Changed mind,1,144.91,0.0,Completed
R0005743,SL000115354,O00067168,2025-12-26,10,Size or fit issue,1,150.36,0.0,Completed
R0005744,SL000115366,O00067175,2025-03-28,12,Changed mind,1,34.34,0.0,Completed
R0005745,SL000115378,O00067182,2024-12-26,10,Changed mind,1,28.17,0.0,Completed
R0005746,SL000115381,O00067183,2025-03-24,22,Late delivery,2,306.49,0.0,Completed
R0005747,SL000115409,O00067196,2025-11-16,3,Incorrect item,1,69.61,0.0,Completed
R0005748,SL000115446,O00067217,2025-12-19,21,Not as described,1,89.93,0.0,Completed
R0005749,SL000115530,O00067262,2025-04-04,2,Changed mind,1,57.39,10.13,Completed
R0005750,SL000115544,O00067270,2025-08-01,8,Not as described,1,41.36,0.0,Completed
R0005751,SL000115552,O00067273,2024-07-19,12,Size or fit issue,2,177.01,0.0,Completed
R0005752,SL000115592,O00067295,2023-08-22,4,Changed mind,1,149.39,0.0,Completed
R0005753,SL000115615,O00067308,2024-11-28,9,Not as described,4,75.95,0.0,Completed
R0005754,SL000115631,O00067316,2024-08-11,4,Faulty product,1,278.79,0.0,Completed
R0005755,SL000115672,O00067339,2024-03-21,8,Changed mind,1,35.0,0.0,Completed
R0005756,SL000115694,O00067352,2023-09-04,20,Faulty product,1,76.89,0.0,Completed
R0005757,SL000115702,O00067356,2024-04-16,5,Changed mind,1,131.59,23.22,Completed
R0005758,SL000115731,O00067373,2025-06-28,28,Changed mind,4,70.67,12.47,Completed
R0005759,SL000115772,O00067393,2024-11-20,2,Damaged item,1,17.39,0.0,Completed
R0005760,SL000115773,O00067394,2024-03-14,1,Not as described,1,76.89,0.0,Completed
R0005761,SL000115783,O00067400,2025-11-05,17,Changed mind,1,12.0,0.0,Pending
R0005762,SL000115811,O00067415,2025-03-29,2,Late delivery,1,54.39,0.0,Completed
R0005763,SL000115816,O00067419,2024-01-31,15,Size or fit issue,2,6.92,0.0,Completed
R0005764,SL000115819,O00067421,2023-07-25,16,Faulty product,1,3.95,0.0,Completed
R0005765,SL000115852,O00067441,2023-01-18,10,Faulty product,1,126.08,0.0,Completed
R0005766,SL000115878,O00067457,2023-09-15,32,Faulty product,1,13.75,0.0,Completed
R0005767,SL000115917,O00067478,2024-11-29,9,Incorrect item,1,91.07,0.0,Completed
R0005768,SL000115925,O00067482,2025-08-30,13,Changed mind,1,120.31,0.0,Completed
R0005769,SL000115966,O00067504,2025-12-30,16,Changed mind,3,89.25,0.0,Completed
R0005770,SL000115971,O00067509,2025-01-24,26,Late delivery,1,214.84,0.0,Completed
R0005771,SL000115974,O00067511,2023-05-28,4,Faulty product,2,101.41,0.0,Completed
R0005772,SL000115982,O00067517,2026-01-10,11,Not as described,3,51.81,0.0,Completed
R0005773,SL000115994,O00067524,2025-11-28,3,Incorrect item,1,25.9,0.0,Completed
R0005774,SL000116006,O00067531,2025-09-19,19,Incorrect item,1,24.06,0.0,Completed
R0005775,SL000116009,O00067532,2023-06-12,26,Faulty product,2,12.04,0.0,Completed
R0005776,SL000116055,O00067550,2024-08-19,8,Size or fit issue,1,13.61,0.0,Completed
R0005777,SL000116061,O00067554,2023-09-25,5,Faulty product,1,2.85,0.0,Completed
R0005778,SL000116082,O00067566,2023-02-07,13,Not as described,1,94.06,0.0,Completed
R0005779,SL000116122,O00067589,2024-07-24,6,Late delivery,1,2.94,0.0,Completed
R0005780,SL000116131,O00067594,2023-06-04,24,Late delivery,1,33.0,0.0,Completed
R0005781,SL000116138,O00067599,2024-10-12,45,Late delivery,4,129.32,0.0,Completed
R0005782,SL000116151,O00067609,2024-01-10,20,Faulty product,4,178.42,0.0,Completed
R0005783,SL000116163,O00067617,2023-11-11,8,Damaged item,1,117.91,0.0,Completed
R0005784,SL000116174,O00067621,2024-04-06,10,Damaged item,1,192.71,0.0,Completed
R0005785,SL000116179,O00067625,2023-10-22,13,Faulty product,1,329.59,0.0,Completed
R0005786,SL000116180,O00067625,2023-10-28,19,Changed mind,3,57.25,0.0,Completed
R0005787,SL000116187,O00067630,2024-12-09,4,Damaged item,1,35.77,0.0,Completed
R0005788,SL000116191,O00067632,2024-01-21,15,Incorrect item,1,9.84,0.0,Completed
R0005789,SL000116193,O00067634,2024-12-04,13,Faulty product,1,11.83,0.0,Completed
R0005790,SL000116210,O00067645,2023-04-13,3,Not as described,1,117.93,0.0,Completed
R0005791,SL000116211,O00067646,2025-04-10,12,Damaged item,1,394.54,0.0,Completed
R0005792,SL000116221,O00067652,2024-01-04,10,Faulty product,1,50.76,0.0,Completed
R0005793,SL000116228,O00067656,2023-07-05,3,Not as described,1,35.41,0.0,Completed
R0005794,SL000116232,O00067659,2024-02-01,4,Late delivery,1,131.41,0.0,Completed
R0005795,SL000116247,O00067664,2023-12-26,12,Changed mind,1,36.13,0.0,Completed
R0005796,SL000116287,O00067690,2023-11-04,7,Faulty product,4,47.04,0.0,Completed
R0005797,SL000116344,O00067727,2023-02-02,17,Faulty product,1,12.86,0.0,Completed
R0005798,SL000116354,O00067735,2024-11-30,5,Incorrect item,1,55.92,0.0,Completed
R0005799,SL000116376,O00067749,2024-05-05,11,Faulty product,1,11.88,0.0,Completed
R0005800,SL000116399,O00067765,2025-05-18,9,Faulty product,1,28.74,0.0,Completed
R0005801,SL000116451,O00067796,2024-03-14,9,Changed mind,2,30.04,5.3,Completed
R0005802,SL000116503,O00067827,2024-03-17,15,Changed mind,1,28.8,0.0,Pending
R0005803,SL000116525,O00067841,2025-12-13,25,Damaged item,1,142.42,0.0,Pending
R0005804,SL000116594,O00067881,2023-06-21,10,Damaged item,3,147.61,0.0,Completed
R0005805,SL000116600,O00067883,2025-10-17,1,Changed mind,1,129.03,22.77,Completed
R0005806,SL000116650,O00067910,2023-03-16,1,Size or fit issue,1,394.54,0.0,Completed
R0005807,SL000116688,O00067930,2023-09-22,7,Changed mind,2,38.16,0.0,Completed
R0005808,SL000116699,O00067939,2024-11-30,1,Faulty product,1,12.98,0.0,Completed
R0005809,SL000116725,O00067954,2025-01-14,3,Size or fit issue,1,9.36,0.0,Completed
R0005810,SL000116794,O00067994,2023-04-03,1,Incorrect item,1,42.21,0.0,Completed
R0005811,SL000116830,O00068016,2025-05-13,16,Changed mind,1,40.02,7.06,Completed
R0005812,SL000116853,O00068030,2024-04-16,10,Not as described,1,654.81,0.0,Completed
R0005813,SL000116864,O00068034,2024-09-02,23,Incorrect item,1,166.21,0.0,Completed
R0005814,SL000116868,O00068035,2025-12-12,5,Faulty product,4,59.4,0.0,Completed
R0005815,SL000116877,O00068040,2023-12-04,13,Not as described,1,30.06,0.0,Completed
R0005816,SL000116880,O00068041,2025-06-20,9,Faulty product,2,100.25,0.0,Completed
R0005817,SL000116886,O00068046,2023-06-20,9,Damaged item,1,36.69,0.0,Completed
R0005818,SL000116888,O00068046,2023-06-24,13,Changed mind,1,192.71,0.0,Completed
R0005819,SL000116916,O00068061,2024-04-23,17,Faulty product,3,65.59,0.0,Completed
R0005820,SL000116918,O00068062,2025-09-13,12,Incorrect item,1,4.17,0.0,Completed
R0005821,SL000116922,O00068064,2025-02-24,16,Changed mind,1,115.5,0.0,Completed
R0005822,SL000116929,O00068066,2025-01-06,6,Damaged item,1,7.6,0.0,Completed
R0005823,SL000117058,O00068147,2024-12-28,5,Faulty product,1,213.76,0.0,Completed
R0005824,SL000117075,O00068158,2023-08-15,14,Damaged item,4,45.58,0.0,Completed
R0005825,SL000117080,O00068159,2025-02-24,29,Late delivery,1,23.26,0.0,Completed
R0005826,SL000117107,O00068173,2025-01-28,1,Not as described,1,65.64,0.0,Completed
R0005827,SL000117111,O00068174,2023-05-05,11,Size or fit issue,1,107.92,0.0,Completed
R0005828,SL000117118,O00068178,2025-01-02,7,Not as described,1,142.3,0.0,Completed
R0005829,SL000117141,O00068191,2025-02-05,16,Faulty product,1,6.92,0.0,Completed
R0005830,SL000117159,O00068202,2024-09-30,5,Changed mind,1,66.83,0.0,Completed
R0005831,SL000117198,O00068224,2023-05-12,9,Changed mind,1,64.6,11.4,Completed
R0005832,SL000117210,O00068230,2024-02-15,5,Late delivery,1,147.35,0.0,Completed
R0005833,SL000117215,O00068234,2024-03-09,5,Changed mind,1,4.47,0.0,Completed
R0005834,SL000117226,O00068240,2023-07-04,4,Incorrect item,1,14.69,0.0,Completed
R0005835,SL000117234,O00068244,2023-12-26,11,Changed mind,1,26.03,0.0,Completed
R0005836,SL000117254,O00068255,2024-12-24,12,Changed mind,1,29.79,0.0,Completed
R0005837,SL000117268,O00068262,2025-09-14,14,Changed mind,1,33.06,0.0,Completed
R0005838,SL000117294,O00068278,2024-09-27,8,Faulty product,1,36.48,0.0,Completed
R0005839,SL000117302,O00068283,2024-09-03,4,Faulty product,2,184.24,0.0,Completed
R0005840,SL000117314,O00068288,2025-11-20,5,Late delivery,1,17.97,0.0,Completed
R0005841,SL000117337,O00068300,2024-11-07,29,Incorrect item,1,282.23,0.0,Completed
R0005842,SL000117359,O00068315,2025-10-11,21,Incorrect item,1,24.97,0.0,Completed
R0005843,SL000117453,O00068366,2025-07-19,14,Changed mind,1,11.64,0.0,Completed
R0005844,SL000117499,O00068396,2023-05-31,9,Size or fit issue,1,73.45,0.0,Completed
R0005845,SL000117523,O00068408,2025-12-22,12,Not as described,1,206.54,0.0,Completed
R0005846,SL000117525,O00068408,2025-12-22,12,Faulty product,1,10.08,0.0,Completed
R0005847,SL000117611,O00068449,2025-09-26,24,Changed mind,1,49.28,0.0,Completed
R0005848,SL000117654,O00068473,2024-12-30,3,Changed mind,1,73.79,0.0,Completed
R0005849,SL000117671,O00068484,2026-01-06,8,Damaged item,1,14.85,0.0,Completed
R0005850,SL000117678,O00068488,2024-08-12,16,Not as described,1,68.4,0.0,Completed
R0005851,SL000117716,O00068514,2023-08-20,15,Faulty product,1,36.85,0.0,Completed
R0005852,SL000117740,O00068531,2025-04-24,5,Faulty product,1,77.72,0.0,Completed
R0005853,SL000117794,O00068562,2023-12-07,9,Changed mind,1,28.12,4.96,Completed
R0005854,SL000117838,O00068588,2023-07-09,8,Not as described,1,48.71,0.0,Completed
R0005855,SL000117853,O00068597,2025-03-12,10,Size or fit issue,4,109.88,0.0,Completed
R0005856,SL000117880,O00068617,2024-07-23,11,Changed mind,1,35.0,0.0,Completed
R0005857,SL000117887,O00068621,2024-10-05,5,Changed mind,1,403.21,0.0,Completed
R0005858,SL000117925,O00068645,2025-01-04,4,Changed mind,1,7.57,1.33,Completed
R0005859,SL000117969,O00068669,2025-10-05,5,Incorrect item,3,24.0,0.0,Completed
R0005860,SL000118011,O00068697,2025-11-24,2,Changed mind,1,39.49,6.97,Completed
R0005861,SL000118045,O00068718,2024-08-07,17,Incorrect item,1,196.23,0.0,Completed
R0005862,SL000118059,O00068726,2024-08-05,15,Faulty product,1,281.7,0.0,Completed
R0005863,SL000118078,O00068740,2024-09-17,24,Late delivery,1,14.7,0.0,Completed
R0005864,SL000118099,O00068751,2024-08-02,23,Not as described,4,114.96,0.0,Completed
R0005865,SL000118105,O00068756,2023-07-02,5,Faulty product,1,194.67,0.0,Completed
R0005866,SL000118139,O00068777,2025-04-20,11,Size or fit issue,1,39.15,0.0,Completed
R0005867,SL000118163,O00068793,2023-03-22,4,Faulty product,1,53.32,0.0,Completed
R0005868,SL000118169,O00068797,2025-11-18,16,Changed mind,3,33.29,5.88,Completed
R0005869,SL000118173,O00068800,2023-07-21,9,Changed mind,1,131.59,23.22,Completed
R0005870,SL000118187,O00068808,2025-10-04,10,Damaged item,1,30.86,0.0,Completed
R0005871,SL000118195,O00068814,2025-04-15,6,Damaged item,3,149.63,0.0,Completed
R0005872,SL000118196,O00068814,2025-05-04,25,Changed mind,2,50.92,0.0,Completed
R0005873,SL000118205,O00068819,2025-12-17,8,Changed mind,2,20.03,0.0,Completed
R0005874,SL000118225,O00068831,2025-08-10,5,Changed mind,4,12.22,0.0,Completed
R0005875,SL000118242,O00068842,2023-03-20,17,Not as described,1,19.43,0.0,Completed
R0005876,SL000118269,O00068859,2025-11-18,9,Changed mind,1,109.01,0.0,Completed
R0005877,SL000118284,O00068866,2023-12-09,7,Changed mind,2,13.92,0.0,Completed
R0005878,SL000118305,O00068876,2025-07-03,4,Not as described,1,15.06,0.0,Completed
R0005879,SL000118338,O00068899,2024-12-27,7,Late delivery,1,126.16,0.0,Completed
R0005880,SL000118367,O00068912,2025-12-18,4,Damaged item,1,149.39,0.0,Completed
R0005881,SL000118373,O00068915,2023-02-25,18,Size or fit issue,1,93.47,0.0,Completed
R0005882,SL000118379,O00068918,2024-04-23,2,Changed mind,1,11.76,0.0,Completed
R0005883,SL000118487,O00068973,2025-01-14,17,Not as described,1,28.75,0.0,Completed
R0005884,SL000118609,O00069038,2025-06-08,3,Incorrect item,1,19.91,0.0,Completed
R0005885,SL000118626,O00069049,2024-11-30,2,Damaged item,1,53.59,0.0,Completed
R0005886,SL000118628,O00069050,2023-12-09,2,Faulty product,1,15.38,0.0,Completed
R0005887,SL000118643,O00069057,2025-08-17,7,Changed mind,1,29.15,5.14,Completed
R0005888,SL000118646,O00069059,2024-06-22,8,Incorrect item,2,104.54,0.0,Completed
R0005889,SL000118663,O00069066,2025-07-28,32,Changed mind,1,294.67,0.0,Completed
R0005890,SL000118677,O00069076,2025-06-26,17,Size or fit issue,4,138.6,0.0,Completed
R0005891,SL000118700,O00069086,2024-06-21,13,Changed mind,3,103.95,0.0,Completed
R0005892,SL000118708,O00069092,2024-08-08,2,Damaged item,1,11.44,0.0,Completed
R0005893,SL000118711,O00069094,2023-11-26,14,Size or fit issue,3,51.94,0.0,Completed
R0005894,SL000118750,O00069116,2023-03-06,19,Changed mind,1,18.21,0.0,Completed
R0005895,SL000118778,O00069133,2024-09-30,10,Changed mind,2,66.5,0.0,Completed
R0005896,SL000118808,O00069149,2025-02-24,21,Changed mind,3,47.52,0.0,Completed
R0005897,SL000118819,O00069158,2024-06-17,5,Faulty product,1,238.33,0.0,Completed
R0005898,SL000118840,O00069170,2024-12-18,17,Faulty product,1,69.09,0.0,Completed
R0005899,SL000118852,O00069178,2023-11-26,6,Size or fit issue,1,9.0,0.0,Completed
R0005900,SL000118891,O00069203,2024-05-14,34,Changed mind,1,3.99,0.0,Completed
R0005901,SL000118937,O00069225,2025-06-15,3,Faulty product,1,49.7,0.0,Completed
R0005902,SL000118945,O00069227,2024-01-23,31,Faulty product,2,310.57,0.0,Completed
R0005903,SL000118952,O00069230,2025-01-29,34,Faulty product,1,39.63,0.0,Completed
R0005904,SL000118960,O00069234,2025-02-23,4,Faulty product,1,15.46,0.0,Completed
R0005905,SL000118995,O00069258,2026-01-12,32,Not as described,2,52.46,0.0,Completed
R0005906,SL000119012,O00069268,2023-09-13,6,Damaged item,1,36.97,0.0,Completed
R0005907,SL000119024,O00069275,2024-03-05,8,Damaged item,1,149.22,0.0,Completed
R0005908,SL000119059,O00069295,2025-04-03,17,Late delivery,4,70.69,0.0,Completed
R0005909,SL000119082,O00069309,2025-05-29,12,Not as described,1,11.88,0.0,Completed
R0005910,SL000119101,O00069320,2025-03-24,5,Size or fit issue,2,78.2,0.0,Completed
R0005911,SL000119110,O00069325,2024-09-06,19,Late delivery,1,438.68,0.0,Completed
R0005912,SL000119114,O00069326,2025-07-08,2,Changed mind,2,31.02,5.48,Completed
R0005913,SL000119211,O00069384,2023-12-25,11,Damaged item,1,271.24,0.0,Completed
R0005914,SL000119223,O00069392,2023-04-14,8,Damaged item,1,24.55,0.0,Completed
R0005915,SL000119232,O00069398,2024-08-01,26,Not as described,1,17.55,0.0,Completed
R0005916,SL000119309,O00069441,2025-01-04,5,Changed mind,1,74.19,0.0,Completed
R0005917,SL000119314,O00069443,2025-06-02,20,Faulty product,1,46.91,0.0,Completed
R0005918,SL000119343,O00069463,2025-05-06,14,Damaged item,2,68.92,0.0,Completed
R0005919,SL000119352,O00069466,2024-01-10,4,Changed mind,1,10.08,0.0,Completed
R0005920,SL000119359,O00069470,2023-03-17,9,Faulty product,1,334.43,0.0,Pending
R0005921,SL000119368,O00069475,2025-01-07,4,Not as described,1,17.31,0.0,Completed
R0005922,SL000119370,O00069477,2024-01-04,14,Faulty product,1,146.13,0.0,Completed
R0005923,SL000119378,O00069481,2024-05-27,5,Not as described,1,109.68,0.0,Completed
R0005924,SL000119393,O00069489,2024-01-09,23,Faulty product,1,30.1,0.0,Completed
R0005925,SL000119396,O00069492,2025-06-20,5,Size or fit issue,1,95.62,0.0,Completed
R0005926,SL000119402,O00069495,2024-02-13,33,Damaged item,1,112.23,0.0,Completed
R0005927,SL000119404,O00069497,2025-07-21,4,Changed mind,2,178.42,0.0,Completed
R0005928,SL000119410,O00069503,2025-11-28,5,Changed mind,1,15.43,0.0,Completed
R0005929,SL000119414,O00069506,2025-12-27,21,Damaged item,2,175.2,0.0,Completed
R0005930,SL000119419,O00069509,2025-12-13,13,Faulty product,1,27.02,0.0,Completed
R0005931,SL000119440,O00069519,2024-06-17,2,Changed mind,3,48.7,0.0,Completed
R0005932,SL000119460,O00069532,2025-10-31,5,Faulty product,1,35.21,0.0,Completed
R0005933,SL000119472,O00069539,2024-01-18,5,Damaged item,1,25.32,0.0,Completed
R0005934,SL000119482,O00069547,2023-12-09,25,Changed mind,1,213.83,0.0,Completed
R0005935,SL000119483,O00069548,2023-06-12,45,Late delivery,2,68.6,0.0,Completed
R0005936,SL000119489,O00069553,2025-04-30,9,Size or fit issue,1,201.68,0.0,Completed
R0005937,SL000119524,O00069567,2023-02-18,7,Size or fit issue,1,269.55,0.0,Completed
R0005938,SL000119547,O00069581,2024-03-02,8,Damaged item,1,59.34,0.0,Completed
R0005939,SL000119578,O00069597,2024-02-13,6,Faulty product,1,14.55,0.0,Completed
R0005940,SL000119619,O00069616,2025-07-22,22,Changed mind,2,124.8,0.0,Completed
R0005941,SL000119632,O00069623,2023-04-20,2,Changed mind,1,407.28,0.0,Completed
R0005942,SL000119654,O00069635,2023-05-17,16,Late delivery,1,20.12,0.0,Completed
R0005943,SL000119662,O00069641,2024-07-23,5,Not as described,3,78.03,0.0,Pending
R0005944,SL000119667,O00069643,2025-12-21,26,Not as described,3,30.59,0.0,Completed
R0005945,SL000119669,O00069644,2024-08-16,9,Late delivery,1,79.2,0.0,Completed
R0005946,SL000119706,O00069668,2025-02-01,15,Size or fit issue,1,8.07,0.0,Completed
R0005947,SL000119708,O00069668,2025-01-26,9,Changed mind,1,26.51,4.68,Completed
R0005948,SL000119727,O00069681,2023-06-05,7,Not as described,1,17.93,0.0,Completed
R0005949,SL000119760,O00069695,2025-01-18,5,Faulty product,3,29.88,0.0,Completed
R0005950,SL000119771,O00069702,2025-06-19,5,Changed mind,1,23.41,4.13,Completed
R0005951,SL000119791,O00069716,2024-07-02,3,Damaged item,1,60.8,0.0,Completed
R0005952,SL000119804,O00069721,2024-12-19,13,Changed mind,1,55.81,0.0,Completed
R0005953,SL000119808,O00069724,2025-12-06,11,Not as described,4,57.72,0.0,Completed
R0005954,SL000119817,O00069729,2025-10-26,13,Changed mind,1,11.64,0.0,Completed
R0005955,SL000119839,O00069741,2023-02-16,21,Changed mind,1,26.18,4.62,Completed
R0005956,SL000119849,O00069749,2024-07-02,5,Not as described,2,69.03,0.0,Completed
R0005957,SL000119883,O00069765,2024-10-29,3,Size or fit issue,1,249.99,0.0,Completed
R0005958,SL000119910,O00069780,2023-12-16,6,Late delivery,1,23.91,0.0,Completed
R0005959,SL000119912,O00069780,2024-01-11,32,Faulty product,3,20.88,0.0,Completed
R0005960,SL000119941,O00069794,2025-09-29,15,Not as described,1,40.35,0.0,Completed
R0005961,SL000119954,O00069801,2024-01-14,15,Incorrect item,1,68.93,0.0,Completed
R0005962,SL000119968,O00069811,2024-02-16,22,Changed mind,1,183.79,32.43,Completed
R0005963,SL000119972,O00069813,2025-12-06,7,Changed mind,4,100.27,17.7,Completed
R0005964,SL000119997,O00069825,2023-05-08,24,Changed mind,1,11.88,0.0,Completed
R0005965,SL000120003,O00069828,2025-01-07,7,Faulty product,1,362.61,0.0,Completed
R0005966,SL000120057,O00069861,2024-05-03,7,Changed mind,1,41.97,0.0,Pending
R0005967,SL000120087,O00069877,2025-01-23,5,Damaged item,2,48.22,0.0,Completed
R0005968,SL000120152,O00069918,2024-08-09,21,Not as described,1,3.0,0.0,Completed
R0005969,SL000120198,O00069944,2025-12-26,11,Faulty product,2,71.64,0.0,Completed
R0005970,SL000120199,O00069945,2024-11-11,5,Changed mind,1,172.62,0.0,Completed
R0005971,SL000120210,O00069951,2023-04-30,20,Changed mind,3,28.59,5.04,Completed
R0005972,SL000120217,O00069954,2025-12-19,5,Changed mind,1,10.32,0.0,Completed
R0005973,SL000120220,O00069955,2023-01-09,6,Changed mind,1,61.17,10.79,Completed
R0005974,SL000120234,O00069962,2025-02-18,13,Damaged item,1,147.9,0.0,Completed
R0005975,SL000120254,O00069974,2024-11-18,5,Faulty product,4,214.4,0.0,Completed
R0005976,SL000120262,O00069978,2024-10-13,2,Size or fit issue,1,172.39,0.0,Pending
R0005977,SL000120303,O00069999,2025-01-05,18,Faulty product,1,16.12,0.0,Completed
R0005978,SL000120304,O00070000,2023-12-26,24,Changed mind,1,274.04,0.0,Completed
R0005979,SL000120307,O00070000,2023-12-09,7,Changed mind,2,238.2,0.0,Completed
R0005980,SL000120310,O00070002,2025-05-09,12,Incorrect item,1,300.25,0.0,Completed
R0005981,SL000120318,O00070006,2025-01-17,12,Not as described,1,90.33,0.0,Completed
R0005982,SL000120319,O00070007,2024-04-10,18,Changed mind,1,2.55,0.45,Completed
R0005983,SL000120321,O00070008,2025-12-04,7,Not as described,1,110.81,0.0,Completed
R0005984,SL000120368,O00070034,2024-03-15,23,Size or fit issue,1,42.21,0.0,Completed
R0005985,SL000120370,O00070034,2024-03-03,11,Changed mind,2,84.43,0.0,Completed
R0005986,SL000120389,O00070045,2025-12-27,20,Damaged item,1,273.13,0.0,Completed
R0005987,SL000120485,O00070097,2023-07-19,39,Not as described,3,57.11,0.0,Completed
R0005988,SL000120490,O00070099,2025-02-28,9,Changed mind,1,175.53,0.0,Completed
R0005989,SL000120491,O00070100,2025-05-19,5,Size or fit issue,2,129.32,0.0,Pending
R0005990,SL000120504,O00070106,2023-06-16,18,Changed mind,2,7.7,0.0,Completed
R0005991,SL000120524,O00070120,2025-09-07,14,Damaged item,2,52.06,0.0,Completed
R0005992,SL000120525,O00070120,2025-09-26,33,Damaged item,2,85.28,0.0,Completed
R0005993,SL000120543,O00070130,2025-04-17,4,Not as described,1,17.2,0.0,Pending
R0005994,SL000120551,O00070135,2023-03-20,10,Changed mind,1,35.21,0.0,Completed
R0005995,SL000120568,O00070143,2023-11-13,12,Late delivery,1,395.06,0.0,Completed
R0005996,SL000120626,O00070178,2025-04-21,2,Damaged item,1,374.07,0.0,Completed
R0005997,SL000120669,O00070205,2023-02-21,6,Late delivery,1,9.09,0.0,Completed
R0005998,SL000120679,O00070211,2025-04-24,5,Faulty product,1,287.51,0.0,Completed
R0005999,SL000120682,O00070212,2024-03-20,24,Changed mind,1,8.0,0.0,Pending
R0006000,SL000120690,O00070217,2025-07-07,9,Damaged item,1,12.47,0.0,Completed
R0006001,SL000120716,O00070233,2024-07-04,2,Incorrect item,1,392.9,0.0,Completed
R0006002,SL000120720,O00070237,2023-11-04,10,Not as described,1,78.4,0.0,Completed
R0006003,SL000120792,O00070281,2026-01-09,29,Faulty product,1,49.04,0.0,Completed
R0006004,SL000120806,O00070288,2023-09-11,13,Faulty product,1,72.38,0.0,Completed
R0006005,SL000120813,O00070292,2025-01-26,28,Changed mind,1,29.49,0.0,Completed
R0006006,SL000120886,O00070343,2025-10-11,1,Incorrect item,1,252.57,0.0,Completed
R0006007,SL000120924,O00070363,2024-07-30,9,Changed mind,1,27.95,0.0,Completed
R0006008,SL000120945,O00070375,2024-07-03,7,Damaged item,1,34.11,0.0,Completed
R0006009,SL000120968,O00070387,2025-10-16,1,Changed mind,1,18.39,0.0,Completed
R0006010,SL000120977,O00070393,2025-02-13,12,Incorrect item,2,15.52,0.0,Completed
R0006011,SL000121006,O00070410,2025-12-30,8,Changed mind,1,120.4,0.0,Completed
R0006012,SL000121009,O00070412,2024-08-17,7,Damaged item,1,3.96,0.0,Completed
R0006013,SL000121073,O00070449,2025-12-22,27,Changed mind,1,213.72,37.72,Completed
R0006014,SL000121078,O00070452,2024-12-20,23,Changed mind,1,248.04,0.0,Completed
R0006015,SL000121084,O00070457,2023-07-02,8,Faulty product,1,9.84,0.0,Completed
R0006016,SL000121114,O00070477,2023-11-24,1,Not as described,1,52.15,0.0,Completed
R0006017,SL000121155,O00070501,2025-08-19,8,Changed mind,1,8.47,0.0,Completed
R0006018,SL000121180,O00070519,2024-12-28,10,Faulty product,1,144.91,0.0,Completed
R0006019,SL000121203,O00070534,2025-01-21,29,Incorrect item,1,7.04,0.0,Completed
R0006020,SL000121212,O00070540,2023-08-25,3,Damaged item,1,37.06,0.0,Completed
R0006021,SL000121252,O00070562,2025-07-24,9,Faulty product,1,7.84,0.0,Completed
R0006022,SL000121268,O00070573,2025-04-23,17,Faulty product,1,16.92,0.0,Completed
R0006023,SL000121289,O00070584,2024-09-26,1,Not as described,2,69.3,0.0,Completed
R0006024,SL000121303,O00070591,2025-03-15,24,Damaged item,1,108.58,0.0,Completed
R0006025,SL000121306,O00070592,2024-06-02,4,Changed mind,1,7.68,0.0,Completed
R0006026,SL000121308,O00070594,2025-08-24,10,Faulty product,3,59.77,0.0,Completed
R0006027,SL000121311,O00070595,2025-02-27,14,Faulty product,2,23.02,0.0,Completed
R0006028,SL000121362,O00070627,2025-06-28,17,Faulty product,1,50.62,0.0,Completed
R0006029,SL000121366,O00070630,2025-11-01,3,Faulty product,4,209.72,0.0,Completed
R0006030,SL000121367,O00070631,2025-01-12,5,Changed mind,1,235.23,0.0,Completed
R0006031,SL000121394,O00070644,2023-06-01,13,Damaged item,1,2.94,0.0,Completed
R0006032,SL000121419,O00070656,2025-06-22,22,Incorrect item,1,121.12,0.0,Completed
R0006033,SL000121432,O00070661,2024-06-11,4,Faulty product,2,82.72,0.0,Completed
R0006034,SL000121471,O00070688,2025-11-14,2,Faulty product,3,114.6,0.0,Completed
R0006035,SL000121494,O00070700,2025-09-21,10,Incorrect item,1,33.74,0.0,Completed
R0006036,SL000121499,O00070704,2025-10-27,11,Changed mind,1,80.13,0.0,Completed
R0006037,SL000121508,O00070710,2025-08-19,1,Changed mind,1,94.83,0.0,Completed
R0006038,SL000121527,O00070718,2025-07-02,26,Changed mind,1,274.63,48.46,Completed
R0006039,SL000121534,O00070722,2025-02-13,6,Not as described,1,16.75,0.0,Completed
R0006040,SL000121564,O00070737,2023-06-19,9,Faulty product,1,19.39,0.0,Completed
R0006041,SL000121577,O00070745,2024-06-28,25,Changed mind,1,24.15,0.0,Completed
R0006042,SL000121588,O00070752,2023-09-01,7,Late delivery,4,233.56,0.0,Completed
R0006043,SL000121611,O00070769,2023-12-09,16,Not as described,1,55.56,0.0,Completed
R0006044,SL000121613,O00070770,2023-03-09,12,Size or fit issue,1,17.1,0.0,Completed
R0006045,SL000121647,O00070787,2023-04-09,6,Faulty product,1,42.64,0.0,Completed
R0006046,SL000121671,O00070800,2024-09-07,9,Size or fit issue,1,19.03,0.0,Completed
R0006047,SL000121697,O00070814,2024-01-07,7,Changed mind,1,80.0,0.0,Completed
R0006048,SL000121712,O00070825,2025-08-01,10,Damaged item,1,26.5,0.0,Completed
R0006049,SL000121713,O00070825,2025-08-15,24,Late delivery,1,8.0,0.0,Completed
R0006050,SL000121721,O00070833,2023-12-04,11,Faulty product,1,94.33,0.0,Completed
R0006051,SL000121781,O00070864,2024-07-07,5,Damaged item,1,137.18,0.0,Completed
R0006052,SL000121786,O00070867,2024-09-07,1,Incorrect item,1,104.45,0.0,Completed
R0006053,SL000121822,O00070888,2025-09-04,4,Damaged item,4,45.12,0.0,Completed
R0006054,SL000121824,O00070889,2023-09-19,3,Changed mind,1,63.88,0.0,Completed
R0006055,SL000121842,O00070897,2025-09-06,6,Faulty product,1,149.79,0.0,Completed
R0006056,SL000121863,O00070904,2023-03-06,8,Faulty product,1,8.0,0.0,Completed
R0006057,SL000121911,O00070936,2025-07-11,5,Damaged item,1,45.25,0.0,Completed
R0006058,SL000121913,O00070938,2024-05-20,10,Damaged item,4,101.96,0.0,Completed
R0006059,SL000121923,O00070942,2024-03-30,45,Damaged item,1,89.21,0.0,Completed
R0006060,SL000121964,O00070969,2025-04-12,11,Not as described,1,34.65,0.0,Completed
R0006061,SL000122006,O00070992,2025-08-16,12,Changed mind,1,12.0,0.0,Completed
R0006062,SL000122019,O00071001,2023-09-10,19,Incorrect item,4,138.6,0.0,Completed
R0006063,SL000122020,O00071001,2023-08-30,8,Late delivery,1,287.51,0.0,Completed
R0006064,SL000122036,O00071009,2024-05-16,12,Changed mind,1,141.75,0.0,Completed
R0006065,SL000122047,O00071016,2023-07-24,7,Incorrect item,4,89.3,0.0,Completed
R0006066,SL000122056,O00071021,2024-07-31,8,Changed mind,1,192.71,0.0,Completed
R0006067,SL000122062,O00071026,2025-12-19,5,Incorrect item,1,89.71,0.0,Completed
R0006068,SL000122065,O00071028,2023-08-06,14,Incorrect item,1,403.21,0.0,Completed
R0006069,SL000122094,O00071043,2025-12-17,15,Faulty product,1,287.51,0.0,Completed
R0006070,SL000122097,O00071045,2025-11-09,4,Changed mind,1,34.3,0.0,Completed
R0006071,SL000122120,O00071059,2023-07-03,12,Not as described,4,97.52,0.0,Completed
R0006072,SL000122168,O00071083,2024-01-30,3,Changed mind,1,395.06,0.0,Completed
R0006073,SL000122238,O00071127,2023-06-19,5,Changed mind,1,130.71,0.0,Completed
R0006074,SL000122282,O00071148,2024-06-03,11,Faulty product,4,223.52,0.0,Completed
R0006075,SL000122293,O00071155,2025-04-05,18,Damaged item,1,147.9,0.0,Completed
R0006076,SL000122314,O00071171,2024-04-10,17,Changed mind,1,32.9,0.0,Completed
R0006077,SL000122337,O00071186,2023-05-02,6,Faulty product,1,194.66,0.0,Completed
R0006078,SL000122367,O00071199,2024-08-04,5,Late delivery,1,102.62,0.0,Completed
R0006079,SL000122381,O00071207,2023-11-14,11,Changed mind,1,14.55,0.0,Completed
R0006080,SL000122382,O00071208,2023-07-07,26,Damaged item,1,327.68,0.0,Completed
R0006081,SL000122413,O00071224,2025-10-10,10,Not as described,1,43.02,0.0,Completed
R0006082,SL000122417,O00071226,2025-12-02,26,Changed mind,1,194.22,0.0,Completed
R0006083,SL000122421,O00071228,2025-12-09,10,Size or fit issue,1,235.03,0.0,Completed
R0006084,SL000122424,O00071230,2025-09-08,23,Not as described,1,235.87,0.0,Completed
R0006085,SL000122457,O00071251,2024-04-30,13,Faulty product,1,34.3,0.0,Completed
R0006086,SL000122474,O00071261,2025-11-20,3,Faulty product,4,40.7,0.0,Completed
R0006087,SL000122495,O00071274,2023-08-09,41,Damaged item,1,28.35,0.0,Completed
R0006088,SL000122503,O00071277,2024-07-23,21,Faulty product,1,13.12,0.0,Completed
R0006089,SL000122504,O00071277,2024-07-11,9,Changed mind,1,50.63,0.0,Completed
R0006090,SL000122551,O00071305,2025-11-11,12,Late delivery,1,153.24,0.0,Completed
R0006091,SL000122560,O00071310,2023-12-07,16,Faulty product,1,135.65,0.0,Completed
R0006092,SL000122590,O00071331,2024-02-11,16,Changed mind,1,128.78,0.0,Completed
R0006093,SL000122614,O00071341,2025-03-08,9,Faulty product,1,14.55,0.0,Completed
R0006094,SL000122615,O00071342,2025-04-22,5,Damaged item,1,23.58,0.0,Completed
R0006095,SL000122616,O00071342,2025-04-22,5,Changed mind,4,16.82,0.0,Completed
R0006096,SL000122618,O00071344,2024-10-18,15,Late delivery,1,33.6,0.0,Completed
R0006097,SL000122661,O00071372,2024-07-17,8,Faulty product,1,104.71,0.0,Completed
R0006098,SL000122670,O00071374,2025-11-01,17,Faulty product,1,153.24,0.0,Completed
R0006099,SL000122705,O00071396,2024-03-15,7,Changed mind,2,15.44,2.72,Completed
R0006100,SL000122728,O00071410,2024-09-06,6,Changed mind,1,194.66,0.0,Completed
R0006101,SL000122755,O00071423,2024-11-15,3,Faulty product,1,19.92,0.0,Completed
R0006102,SL000122795,O00071448,2024-08-08,5,Not as described,1,69.61,0.0,Completed
R0006103,SL000122834,O00071470,2023-03-31,3,Incorrect item,1,3.0,0.0,Completed
R0006104,SL000122835,O00071470,2023-04-18,21,Changed mind,4,135.93,0.0,Completed
R0006105,SL000122896,O00071506,2025-06-04,11,Size or fit issue,1,32.83,0.0,Completed
R0006106,SL000122949,O00071538,2024-01-05,6,Size or fit issue,1,121.64,0.0,Completed
R0006107,SL000122980,O00071555,2025-12-13,7,Changed mind,1,6.8,0.0,Completed
R0006108,SL000122995,O00071564,2023-04-18,8,Incorrect item,3,91.05,0.0,Completed
R0006109,SL000123057,O00071598,2023-12-19,23,Changed mind,1,31.9,0.0,Completed
R0006110,SL000123058,O00071599,2025-09-13,3,Not as described,1,3.22,0.0,Completed
R0006111,SL000123063,O00071602,2024-09-02,23,Changed mind,1,68.24,0.0,Completed
R0006112,SL000123112,O00071638,2024-02-20,28,Late delivery,1,106.39,0.0,Completed
R0006113,SL000123124,O00071646,2024-05-04,9,Damaged item,1,109.68,0.0,Completed
R0006114,SL000123159,O00071667,2024-07-05,2,Incorrect item,1,399.13,0.0,Completed
R0006115,SL000123162,O00071668,2023-07-15,9,Size or fit issue,1,80.13,0.0,Completed
R0006116,SL000123165,O00071671,2025-09-17,4,Not as described,3,72.42,0.0,Completed
R0006117,SL000123167,O00071672,2025-05-05,18,Not as described,3,42.06,0.0,Completed
R0006118,SL000123170,O00071673,2024-03-21,2,Changed mind,1,4.17,0.0,Completed
R0006119,SL000123185,O00071684,2024-06-26,5,Changed mind,1,22.91,4.04,Completed
R0006120,SL000123189,O00071687,2025-08-12,7,Late delivery,1,212.64,0.0,Completed
R0006121,SL000123198,O00071690,2025-09-12,19,Not as described,1,33.95,0.0,Completed
R0006122,SL000123239,O00071721,2024-03-14,5,Changed mind,1,24.15,0.0,Completed
R0006123,SL000123244,O00071723,2023-08-18,2,Not as described,1,42.89,0.0,Completed
R0006124,SL000123258,O00071731,2025-12-25,11,Size or fit issue,1,129.5,0.0,Completed
R0006125,SL000123262,O00071734,2023-02-19,14,Not as described,3,50.34,0.0,Completed
R0006126,SL000123285,O00071746,2024-06-11,11,Changed mind,1,93.23,16.45,Completed
R0006127,SL000123287,O00071748,2024-05-26,8,Incorrect item,2,82.47,0.0,Completed
R0006128,SL000123317,O00071765,2023-03-23,22,Not as described,1,19.2,0.0,Completed
R0006129,SL000123408,O00071816,2025-08-11,19,Changed mind,1,27.76,4.9,Completed
R0006130,SL000123431,O00071829,2025-08-04,22,Late delivery,1,83.3,0.0,Completed
R0006131,SL000123490,O00071862,2025-01-16,13,Faulty product,2,297.1,0.0,Completed
R0006132,SL000123497,O00071865,2024-01-03,4,Damaged item,1,29.22,0.0,Completed
R0006133,SL000123528,O00071881,2024-06-14,13,Damaged item,1,74.19,0.0,Completed
R0006134,SL000123539,O00071888,2024-05-27,8,Changed mind,1,43.19,0.0,Completed
R0006135,SL000123541,O00071889,2024-03-16,28,Faulty product,1,56.98,0.0,Completed
R0006136,SL000123620,O00071931,2025-02-06,5,Faulty product,1,73.12,0.0,Completed
R0006137,SL000123644,O00071944,2024-11-23,6,Faulty product,1,19.45,0.0,Completed
R0006138,SL000123653,O00071950,2024-12-24,2,Size or fit issue,1,337.81,0.0,Completed
R0006139,SL000123713,O00071989,2024-08-18,16,Incorrect item,1,121.53,0.0,Completed
R0006140,SL000123733,O00071999,2025-11-10,29,Damaged item,1,44.13,0.0,Completed
R0006141,SL000123735,O00072001,2024-07-23,26,Late delivery,1,28.5,0.0,Completed
R0006142,SL000123754,O00072011,2025-04-22,7,Faulty product,1,13.75,0.0,Completed
R0006143,SL000123770,O00072020,2024-05-08,24,Damaged item,1,3.95,0.0,Completed
R0006144,SL000123821,O00072053,2025-11-18,1,Not as described,1,284.07,0.0,Completed
R0006145,SL000123823,O00072053,2025-11-28,11,Damaged item,1,19.55,0.0,Completed
R0006146,SL000123841,O00072069,2024-11-11,10,Faulty product,2,240.73,0.0,Completed
R0006147,SL000123950,O00072133,2025-10-17,3,Changed mind,1,194.52,34.33,Completed
R0006148,SL000123983,O00072158,2023-12-01,7,Faulty product,1,10.95,0.0,Completed
R0006149,SL000123987,O00072159,2025-04-23,2,Damaged item,1,279.63,0.0,Completed
R0006150,SL000124011,O00072174,2024-08-03,4,Size or fit issue,2,254.94,0.0,Completed
R0006151,SL000124016,O00072177,2024-10-27,5,Not as described,1,30.25,0.0,Completed
R0006152,SL000124036,O00072188,2025-07-03,3,Damaged item,4,173.17,0.0,Completed
R0006153,SL000124085,O00072219,2025-04-20,11,Changed mind,1,26.72,0.0,Completed
R0006154,SL000124086,O00072219,2025-04-20,11,Not as described,4,64.94,0.0,Completed
R0006155,SL000124130,O00072248,2025-11-24,5,Changed mind,1,14.78,0.0,Completed
R0006156,SL000124147,O00072258,2025-12-26,14,Changed mind,3,106.22,0.0,Completed
R0006157,SL000124150,O00072260,2024-11-25,5,Incorrect item,2,83.72,0.0,Completed
R0006158,SL000124159,O00072262,2024-04-26,7,Changed mind,2,15.52,0.0,Completed
R0006159,SL000124179,O00072273,2024-09-24,17,Changed mind,3,105.0,0.0,Completed
R0006160,SL000124192,O00072280,2023-09-30,17,Changed mind,2,29.7,0.0,Completed
R0006161,SL000124198,O00072284,2025-04-06,16,Changed mind,1,92.46,0.0,Completed
R0006162,SL000124205,O00072289,2025-12-20,7,Incorrect item,1,118.63,0.0,Completed
R0006163,SL000124212,O00072293,2025-08-09,12,Incorrect item,2,54.42,0.0,Completed
R0006164,SL000124220,O00072298,2025-01-15,7,Changed mind,1,249.21,0.0,Completed
R0006165,SL000124239,O00072306,2023-02-02,6,Not as described,1,23.43,0.0,Completed
R0006166,SL000124261,O00072320,2023-07-08,12,Damaged item,1,25.31,0.0,Completed
R0006167,SL000124270,O00072326,2023-12-29,4,Not as described,1,17.73,0.0,Completed
R0006168,SL000124282,O00072334,2024-02-05,7,Changed mind,1,7.8,0.0,Completed
R0006169,SL000124309,O00072352,2025-08-22,8,Faulty product,2,126.56,0.0,Completed
R0006170,SL000124325,O00072360,2025-03-15,8,Faulty product,2,57.48,0.0,Completed
R0006171,SL000124352,O00072378,2025-11-10,12,Changed mind,1,91.73,16.19,Completed
R0006172,SL000124415,O00072412,2024-12-30,13,Faulty product,1,150.36,0.0,Completed
R0006173,SL000124428,O00072420,2025-05-06,26,Not as described,3,35.64,0.0,Completed
R0006174,SL000124435,O00072423,2023-08-05,6,Changed mind,1,27.0,0.0,Completed
R0006175,SL000124440,O00072426,2024-12-27,35,Changed mind,1,80.07,0.0,Completed
R0006176,SL000124455,O00072436,2023-09-11,5,Changed mind,1,196.23,0.0,Completed
R0006177,SL000124492,O00072464,2025-09-15,3,Faulty product,1,30.57,0.0,Completed
R0006178,SL000124493,O00072464,2025-09-18,6,Faulty product,1,63.24,0.0,Completed
R0006179,SL000124515,O00072475,2024-09-02,3,Changed mind,2,30.74,0.0,Completed
R0006180,SL000124528,O00072482,2023-02-12,12,Damaged item,1,27.47,0.0,Completed
R0006181,SL000124539,O00072486,2023-04-17,26,Changed mind,2,256.04,0.0,Completed
R0006182,SL000124554,O00072500,2025-11-12,1,Faulty product,1,240.79,0.0,Completed
R0006183,SL000124558,O00072503,2024-07-26,4,Faulty product,1,151.68,0.0,Pending
R0006184,SL000124569,O00072511,2025-02-17,6,Damaged item,1,29.14,0.0,Completed
R0006185,SL000124572,O00072514,2025-06-21,12,Size or fit issue,1,28.75,0.0,Completed
R0006186,SL000124591,O00072525,2023-06-11,22,Incorrect item,1,18.46,0.0,Completed
R0006187,SL000124655,O00072568,2025-03-03,13,Not as described,1,33.95,0.0,Completed
R0006188,SL000124700,O00072591,2025-03-19,24,Incorrect item,1,52.36,0.0,Completed
R0006189,SL000124719,O00072601,2025-09-15,25,Damaged item,1,153.24,0.0,Completed
R0006190,SL000124729,O00072608,2025-08-05,4,Faulty product,4,81.3,0.0,Completed
R0006191,SL000124740,O00072611,2025-04-30,20,Changed mind,1,15.0,0.0,Completed
R0006192,SL000124747,O00072616,2024-11-14,9,Damaged item,1,96.0,0.0,Completed
R0006193,SL000124800,O00072648,2024-06-18,13,Changed mind,1,276.83,0.0,Completed
R0006194,SL000124844,O00072669,2025-12-25,2,Size or fit issue,2,85.22,0.0,Completed
R0006195,SL000124850,O00072671,2025-01-10,14,Changed mind,1,190.55,0.0,Completed
R0006196,SL000124865,O00072680,2023-05-07,20,Incorrect item,1,34.3,0.0,Completed
R0006197,SL000124873,O00072683,2025-10-19,21,Changed mind,4,141.65,0.0,Completed
R0006198,SL000124880,O00072686,2024-03-10,12,Changed mind,1,14.55,0.0,Completed
R0006199,SL000124920,O00072712,2024-01-27,6,Faulty product,1,54.85,0.0,Completed
R0006200,SL000124929,O00072719,2023-07-10,17,Faulty product,1,150.84,0.0,Completed
R0006201,SL000124965,O00072743,2025-02-27,21,Changed mind,1,81.6,14.4,Completed
R0006202,SL000124974,O00072747,2025-12-20,3,Incorrect item,1,131.41,0.0,Completed
R0006203,SL000124993,O00072757,2024-11-28,1,Faulty product,1,19.31,0.0,Completed
R0006204,SL000124995,O00072758,2024-12-16,14,Changed mind,1,15.85,2.8,Completed
R0006205,SL000125009,O00072771,2023-09-23,3,Incorrect item,2,90.86,0.0,Pending
R0006206,SL000125013,O00072773,2025-09-06,5,Changed mind,1,83.77,0.0,Completed
R0006207,SL000125016,O00072776,2023-03-30,10,Not as described,1,20.15,0.0,Completed
R0006208,SL000125019,O00072779,2024-07-20,5,Damaged item,1,79.2,0.0,Completed
R0006209,SL000125059,O00072802,2024-04-01,13,Not as described,1,143.41,0.0,Completed
R0006210,SL000125141,O00072848,2025-05-10,9,Damaged item,1,11.76,0.0,Completed
R0006211,SL000125168,O00072862,2023-08-09,4,Changed mind,1,11.16,0.0,Completed
R0006212,SL000125189,O00072877,2024-01-08,6,Incorrect item,1,66.11,0.0,Completed
R0006213,SL000125191,O00072879,2025-07-19,11,Late delivery,1,60.63,0.0,Completed
R0006214,SL000125210,O00072887,2023-11-03,3,Damaged item,1,21.21,0.0,Completed
R0006215,SL000125214,O00072890,2024-01-05,10,Changed mind,2,204.67,36.12,Completed
R0006216,SL000125251,O00072917,2024-02-29,1,Faulty product,1,30.88,0.0,Completed
R0006217,SL000125256,O00072921,2024-10-02,9,Not as described,1,34.65,0.0,Completed
R0006218,SL000125302,O00072944,2023-12-31,4,Damaged item,1,125.38,0.0,Completed
R0006219,SL000125343,O00072969,2023-07-05,3,Faulty product,1,35.0,0.0,Completed
R0006220,SL000125389,O00072994,2024-02-19,16,Changed mind,1,30.1,0.0,Pending
R0006221,SL000125404,O00073000,2025-09-17,10,Changed mind,1,68.0,0.0,Completed
R0006222,SL000125431,O00073017,2024-12-23,5,Damaged item,1,14.34,0.0,Completed
R0006223,SL000125471,O00073041,2025-03-17,9,Faulty product,1,18.6,0.0,Completed
R0006224,SL000125472,O00073041,2025-03-17,9,Changed mind,1,73.06,0.0,Completed
R0006225,SL000125491,O00073051,2025-02-15,5,Faulty product,3,33.63,0.0,Completed
R0006226,SL000125506,O00073060,2024-12-02,12,Changed mind,2,68.87,0.0,Completed
R0006227,SL000125515,O00073065,2025-01-04,4,Incorrect item,1,198.85,0.0,Completed
R0006228,SL000125520,O00073068,2023-03-25,17,Damaged item,1,56.45,0.0,Completed
R0006229,SL000125535,O00073078,2024-12-26,11,Changed mind,1,18.26,0.0,Completed
R0006230,SL000125546,O00073085,2025-08-10,15,Damaged item,1,196.23,0.0,Completed
R0006231,SL000125568,O00073098,2023-11-19,6,Changed mind,4,117.49,0.0,Completed
R0006232,SL000125583,O00073107,2025-10-17,5,Damaged item,4,84.16,0.0,Completed
R0006233,SL000125591,O00073110,2023-02-03,14,Faulty product,1,129.62,0.0,Completed
R0006234,SL000125612,O00073120,2023-10-01,9,Changed mind,1,77.72,0.0,Completed
R0006235,SL000125627,O00073128,2025-07-16,5,Faulty product,1,79.2,0.0,Completed
R0006236,SL000125643,O00073137,2023-10-30,14,Changed mind,1,12.37,2.18,Completed
R0006237,SL000125660,O00073146,2023-05-17,16,Faulty product,1,11.28,0.0,Completed
R0006238,SL000125725,O00073181,2023-11-17,8,Faulty product,1,173.14,0.0,Completed
R0006239,SL000125824,O00073245,2025-02-25,15,Damaged item,1,141.75,0.0,Completed
R0006240,SL000125853,O00073264,2025-05-18,1,Incorrect item,1,20.1,0.0,Completed
R0006241,SL000125859,O00073268,2024-05-23,9,Faulty product,1,90.92,0.0,Completed
R0006242,SL000125878,O00073284,2024-08-22,7,Size or fit issue,1,11.44,0.0,Completed
R0006243,SL000125904,O00073298,2023-06-14,3,Changed mind,1,91.89,0.0,Completed
R0006244,SL000125909,O00073300,2025-02-17,3,Faulty product,1,126.43,0.0,Completed
R0006245,SL000125929,O00073311,2025-11-10,6,Damaged item,1,28.74,0.0,Completed
R0006246,SL000125965,O00073331,2023-10-18,13,Incorrect item,1,35.0,0.0,Completed
R0006247,SL000125971,O00073335,2023-12-05,7,Not as described,3,36.0,0.0,Completed
R0006248,SL000125994,O00073353,2024-07-28,4,Changed mind,1,67.32,11.88,Completed
R0006249,SL000126020,O00073367,2023-08-20,2,Not as described,1,333.08,0.0,Completed
R0006250,SL000126037,O00073374,2024-10-25,12,Changed mind,1,121.53,0.0,Completed
R0006251,SL000126181,O00073456,2024-02-09,13,Size or fit issue,1,19.04,0.0,Completed
R0006252,SL000126185,O00073458,2025-08-13,4,Faulty product,1,153.79,0.0,Completed
R0006253,SL000126190,O00073462,2025-04-24,12,Changed mind,1,369.33,0.0,Completed
R0006254,SL000126213,O00073476,2025-12-13,6,Changed mind,1,146.36,0.0,Completed
R0006255,SL000126219,O00073480,2024-02-11,14,Damaged item,1,59.95,0.0,Completed
R0006256,SL000126222,O00073482,2023-04-13,4,Not as described,1,63.24,0.0,Completed
R0006257,SL000126227,O00073486,2025-06-19,4,Late delivery,1,98.05,0.0,Completed
R0006258,SL000126233,O00073489,2025-04-21,12,Changed mind,1,54.85,9.68,Completed
R0006259,SL000126238,O00073492,2024-03-04,7,Incorrect item,1,27.32,0.0,Completed
R0006260,SL000126240,O00073493,2024-05-21,6,Damaged item,1,166.21,0.0,Completed
R0006261,SL000126241,O00073493,2024-05-26,11,Faulty product,2,34.46,0.0,Completed
R0006262,SL000126256,O00073500,2023-07-22,22,Not as described,2,57.4,0.0,Completed
R0006263,SL000126261,O00073502,2024-03-16,11,Not as described,2,101.71,0.0,Completed
R0006264,SL000126266,O00073505,2023-01-30,17,Damaged item,1,149.79,0.0,Completed
R0006265,SL000126269,O00073506,2023-07-18,7,Size or fit issue,4,140.0,0.0,Completed
R0006266,SL000126290,O00073516,2024-09-18,18,Damaged item,1,49.62,0.0,Completed
R0006267,SL000126346,O00073546,2024-03-06,1,Changed mind,1,67.22,0.0,Completed
R0006268,SL000126381,O00073562,2025-08-05,10,Incorrect item,1,179.15,0.0,Completed
R0006269,SL000126383,O00073564,2025-12-17,13,Damaged item,1,206.39,0.0,Completed
R0006270,SL000126395,O00073574,2024-03-22,7,Incorrect item,3,103.95,0.0,Completed
R0006271,SL000126405,O00073581,2025-07-11,6,Not as described,1,96.97,0.0,Completed
R0006272,SL000126411,O00073586,2023-02-15,16,Faulty product,1,8.0,0.0,Pending
R0006273,SL000126413,O00073586,2023-02-07,8,Damaged item,1,80.0,0.0,Completed
R0006274,SL000126429,O00073597,2025-05-04,7,Late delivery,1,150.36,0.0,Completed
R0006275,SL000126444,O00073608,2023-08-13,8,Faulty product,2,29.7,0.0,Completed
R0006276,SL000126445,O00073609,2025-11-25,5,Not as described,1,103.1,0.0,Completed
R0006277,SL000126481,O00073628,2025-04-10,4,Damaged item,1,139.82,0.0,Completed
R0006278,SL000126511,O00073644,2024-12-20,10,Faulty product,3,140.73,0.0,Completed
R0006279,SL000126529,O00073652,2025-12-26,13,Faulty product,1,57.66,0.0,Completed
R0006280,SL000126555,O00073663,2024-07-16,10,Changed mind,1,4.25,0.0,Completed
R0006281,SL000126570,O00073675,2025-06-17,37,Changed mind,1,190.22,0.0,Completed
R0006282,SL000126581,O00073683,2024-10-03,15,Not as described,3,102.9,0.0,Completed
R0006283,SL000126620,O00073706,2024-12-31,17,Faulty product,1,799.15,0.0,Pending
R0006284,SL000126664,O00073727,2023-12-09,16,Not as described,1,38.16,0.0,Completed
R0006285,SL000126672,O00073732,2025-11-16,4,Size or fit issue,1,370.25,0.0,Completed
R0006286,SL000126699,O00073745,2026-01-01,33,Incorrect item,1,35.0,0.0,Completed
R0006287,SL000126710,O00073750,2023-02-13,12,Size or fit issue,1,41.51,0.0,Completed
R0006288,SL000126792,O00073795,2026-01-25,30,Damaged item,1,7.52,0.0,Completed
R0006289,SL000126794,O00073796,2023-04-22,19,Changed mind,2,57.72,10.19,Completed
R0006290,SL000126832,O00073814,2024-05-12,13,Damaged item,2,238.39,0.0,Completed
R0006291,SL000126875,O00073837,2024-09-29,11,Damaged item,3,130.74,0.0,Completed
R0006292,SL000126950,O00073882,2025-10-28,11,Changed mind,1,11.4,0.0,Completed
R0006293,SL000126960,O00073887,2024-09-01,7,Late delivery,1,43.63,0.0,Completed
R0006294,SL000126963,O00073890,2025-04-14,10,Size or fit issue,1,76.0,0.0,Pending
R0006295,SL000127005,O00073912,2024-06-04,8,Changed mind,1,8.81,0.0,Completed
R0006296,SL000127028,O00073924,2023-12-02,13,Late delivery,1,167.78,0.0,Completed
R0006297,SL000127030,O00073925,2024-12-13,10,Damaged item,1,14.55,0.0,Completed
R0006298,SL000127047,O00073934,2025-12-28,3,Faulty product,1,28.04,0.0,Completed
R0006299,SL000127060,O00073941,2023-03-10,4,Not as described,1,184.1,0.0,Completed
R0006300,SL000127076,O00073952,2024-02-17,14,Incorrect item,1,35.57,0.0,Completed
R0006301,SL000127080,O00073953,2023-01-22,1,Changed mind,1,13.45,0.0,Completed
R0006302,SL000127114,O00073971,2025-08-20,12,Changed mind,1,42.64,0.0,Completed
R0006303,SL000127175,O00074002,2025-03-11,11,Faulty product,1,147.35,0.0,Completed
R0006304,SL000127184,O00074007,2024-03-21,5,Changed mind,1,29.15,5.14,Completed
R0006305,SL000127202,O00074018,2024-12-23,12,Changed mind,2,352.36,0.0,Completed
R0006306,SL000127227,O00074036,2024-12-07,13,Faulty product,2,112.0,0.0,Completed
R0006307,SL000127245,O00074048,2025-05-18,2,Changed mind,1,26.09,0.0,Completed
R0006308,SL000127274,O00074069,2025-11-22,13,Damaged item,1,39.43,0.0,Completed
R0006309,SL000127299,O00074079,2025-12-02,12,Faulty product,2,43.04,0.0,Completed
R0006310,SL000127322,O00074092,2025-12-12,10,Incorrect item,1,30.88,0.0,Completed
R0006311,SL000127335,O00074102,2024-11-08,7,Changed mind,1,33.25,0.0,Completed
R0006312,SL000127345,O00074107,2024-07-29,1,Damaged item,1,91.24,0.0,Completed
R0006313,SL000127356,O00074113,2024-01-20,23,Size or fit issue,1,77.6,0.0,Pending
R0006314,SL000127361,O00074118,2023-02-04,10,Faulty product,1,57.54,0.0,Pending
R0006315,SL000127382,O00074132,2025-01-03,10,Changed mind,1,374.07,0.0,Pending
R0006316,SL000127427,O00074153,2023-06-18,7,Not as described,1,88.74,0.0,Pending
R0006317,SL000127428,O00074154,2023-09-16,10,Damaged item,1,10.2,0.0,Completed
R0006318,SL000127471,O00074182,2025-12-16,21,Incorrect item,1,21.75,0.0,Completed
R0006319,SL000127474,O00074183,2025-06-02,4,Faulty product,1,53.24,0.0,Completed
R0006320,SL000127502,O00074203,2023-06-16,11,Damaged item,1,50.62,0.0,Completed
R0006321,SL000127504,O00074204,2024-04-15,2,Size or fit issue,1,50.12,0.0,Completed
R0006322,SL000127517,O00074212,2023-11-20,13,Faulty product,1,668.31,0.0,Completed
R0006323,SL000127520,O00074214,2023-12-03,13,Faulty product,2,6.18,0.0,Pending
R0006324,SL000127522,O00074216,2023-11-18,18,Faulty product,1,342.65,0.0,Completed
R0006325,SL000127548,O00074230,2025-08-30,9,Not as described,1,153.24,0.0,Completed
R0006326,SL000127571,O00074241,2023-05-29,1,Faulty product,1,31.19,0.0,Completed
R0006327,SL000127604,O00074263,2025-10-23,4,Size or fit issue,1,62.51,0.0,Completed
R0006328,SL000127647,O00074286,2025-01-13,7,Changed mind,1,7.96,1.41,Completed
R0006329,SL000127664,O00074296,2024-09-19,20,Changed mind,1,14.85,0.0,Completed
R0006330,SL000127677,O00074302,2025-01-02,11,Faulty product,1,292.21,0.0,Completed
R0006331,SL000127681,O00074303,2024-02-17,19,Size or fit issue,1,337.81,0.0,Completed
R0006332,SL000127719,O00074326,2025-10-25,21,Changed mind,1,294.69,0.0,Completed
R0006333,SL000127742,O00074340,2023-03-01,17,Damaged item,1,380.87,0.0,Completed
R0006334,SL000127784,O00074366,2023-12-05,2,Changed mind,1,11.97,0.0,Completed
R0006335,SL000127794,O00074372,2025-06-28,10,Not as described,1,14.88,0.0,Completed
R0006336,SL000127805,O00074377,2023-10-05,11,Damaged item,2,38.94,0.0,Completed
R0006337,SL000127817,O00074384,2024-08-27,4,Changed mind,1,96.0,0.0,Completed
R0006338,SL000127829,O00074392,2025-04-21,14,Faulty product,1,95.03,0.0,Completed
R0006339,SL000127852,O00074401,2024-07-26,19,Damaged item,1,3.19,0.0,Completed
R0006340,SL000127853,O00074402,2025-04-19,21,Changed mind,1,11.44,0.0,Completed
R0006341,SL000127865,O00074410,2023-09-30,11,Changed mind,2,37.54,0.0,Pending
R0006342,SL000127904,O00074430,2023-05-31,16,Not as described,1,171.35,0.0,Completed
R0006343,SL000127934,O00074452,2024-01-10,10,Changed mind,1,40.23,0.0,Completed
R0006344,SL000127947,O00074461,2023-04-21,3,Changed mind,3,127.92,0.0,Completed
R0006345,SL000127973,O00074475,2025-06-20,1,Not as described,3,84.0,0.0,Pending
R0006346,SL000127988,O00074486,2024-02-09,9,Damaged item,1,42.89,0.0,Completed
R0006347,SL000127989,O00074486,2024-02-14,14,Incorrect item,1,140.84,0.0,Completed
R0006348,SL000127992,O00074487,2025-12-09,13,Changed mind,1,8.64,0.0,Completed
R0006349,SL000128001,O00074492,2023-04-13,6,Changed mind,1,153.24,0.0,Completed
R0006350,SL000128008,O00074494,2025-08-24,5,Incorrect item,2,80.8,0.0,Completed
R0006351,SL000128014,O00074498,2025-03-21,1,Damaged item,3,34.18,0.0,Completed
R0006352,SL000128017,O00074499,2024-03-07,18,Changed mind,1,30.77,5.43,Completed
R0006353,SL000128026,O00074503,2023-12-08,15,Changed mind,1,144.17,0.0,Completed
R0006354,SL000128069,O00074527,2023-10-19,11,Changed mind,1,69.63,0.0,Completed
R0006355,SL000128090,O00074537,2023-06-24,1,Damaged item,1,22.75,0.0,Completed
R0006356,SL000128093,O00074538,2025-05-01,15,Changed mind,1,46.43,0.0,Completed
R0006357,SL000128107,O00074546,2024-12-28,5,Incorrect item,1,30.8,0.0,Completed
R0006358,SL000128129,O00074555,2025-02-12,7,Changed mind,1,72.75,12.84,Completed
R0006359,SL000128177,O00074581,2023-09-15,4,Late delivery,1,45.75,0.0,Completed
R0006360,SL000128213,O00074606,2024-11-29,10,Size or fit issue,1,265.46,0.0,Completed
R0006361,SL000128215,O00074607,2024-10-04,2,Not as described,1,32.17,0.0,Completed
R0006362,SL000128228,O00074619,2025-10-30,8,Not as described,2,35.7,0.0,Completed
R0006363,SL000128240,O00074626,2025-07-12,1,Damaged item,1,11.88,0.0,Completed
R0006364,SL000128250,O00074633,2023-08-08,9,Incorrect item,4,140.0,0.0,Completed
R0006365,SL000128257,O00074638,2023-12-21,5,Incorrect item,1,21.22,0.0,Completed
R0006366,SL000128265,O00074644,2023-08-05,12,Size or fit issue,1,29.98,0.0,Completed
R0006367,SL000128268,O00074645,2024-01-02,17,Not as described,1,120.31,0.0,Completed
R0006368,SL000128275,O00074651,2023-09-27,11,Damaged item,1,281.7,0.0,Completed
R0006369,SL000128338,O00074689,2025-12-22,9,Changed mind,1,79.2,0.0,Completed
R0006370,SL000128356,O00074696,2025-06-05,11,Changed mind,1,124.06,0.0,Completed
R0006371,SL000128360,O00074696,2025-05-31,6,Incorrect item,1,18.39,0.0,Completed
R0006372,SL000128383,O00074711,2023-05-10,22,Changed mind,1,98.68,0.0,Completed
R0006373,SL000128424,O00074736,2025-09-14,4,Incorrect item,1,11.72,0.0,Completed
R0006374,SL000128467,O00074756,2025-09-16,11,Late delivery,4,198.8,0.0,Completed
R0006375,SL000128482,O00074768,2024-07-04,12,Damaged item,1,16.14,0.0,Completed
R0006376,SL000128516,O00074790,2025-03-31,2,Incorrect item,1,135.8,0.0,Completed
R0006377,SL000128527,O00074793,2024-01-26,33,Changed mind,1,261.46,0.0,Pending
R0006378,SL000128569,O00074817,2024-03-18,23,Faulty product,1,51.1,0.0,Completed
R0006379,SL000128570,O00074817,2024-03-07,12,Faulty product,1,76.8,0.0,Completed
R0006380,SL000128628,O00074853,2025-03-08,42,Changed mind,1,96.97,0.0,Completed
R0006381,SL000128632,O00074855,2025-10-20,22,Faulty product,1,196.23,0.0,Completed
R0006382,SL000128641,O00074862,2025-10-12,6,Changed mind,1,24.81,4.38,Completed
R0006383,SL000128664,O00074873,2025-04-24,12,Damaged item,3,102.9,0.0,Completed
R0006384,SL000128674,O00074882,2024-02-02,18,Damaged item,2,45.82,0.0,Completed
R0006385,SL000128695,O00074896,2024-12-16,4,Damaged item,2,227.66,0.0,Completed
R0006386,SL000128732,O00074914,2025-06-09,9,Changed mind,3,103.95,0.0,Completed
R0006387,SL000128785,O00074938,2024-03-20,14,Changed mind,1,121.53,0.0,Completed
R0006388,SL000128793,O00074942,2025-09-25,14,Changed mind,1,19.64,0.0,Completed
R0006389,SL000128794,O00074943,2024-04-01,16,Faulty product,1,44.32,0.0,Completed
R0006390,SL000128818,O00074955,2023-09-27,5,Changed mind,1,160.34,28.3,Completed
R0006391,SL000128822,O00074958,2025-11-15,19,Size or fit issue,1,194.66,0.0,Completed
R0006392,SL000128830,O00074963,2023-05-06,11,Size or fit issue,2,35.71,0.0,Completed
R0006393,SL000128853,O00074979,2024-02-27,13,Faulty product,2,15.75,0.0,Completed
R0006394,SL000128858,O00074980,2024-10-02,2,Faulty product,1,32.9,0.0,Completed
R0006395,SL000128862,O00074982,2024-07-24,7,Changed mind,1,23.06,0.0,Completed
R0006396,SL000128940,O00075029,2024-02-08,7,Size or fit issue,1,41.04,0.0,Completed
R0006397,SL000128971,O00075048,2024-03-16,1,Damaged item,1,96.78,0.0,Completed
R0006398,SL000128974,O00075051,2025-07-25,9,Damaged item,1,388.97,0.0,Completed
R0006399,SL000129001,O00075069,2023-12-29,3,Damaged item,3,58.92,0.0,Completed
R0006400,SL000129007,O00075073,2024-08-16,11,Changed mind,1,34.3,0.0,Completed
R0006401,SL000129008,O00075073,2024-08-20,15,Changed mind,1,29.23,0.0,Completed
R0006402,SL000129025,O00075083,2024-01-26,12,Faulty product,1,57.57,0.0,Completed
R0006403,SL000129056,O00075104,2024-05-23,18,Damaged item,1,245.7,0.0,Completed
R0006404,SL000129103,O00075136,2024-04-04,13,Damaged item,1,177.96,0.0,Completed
R0006405,SL000129115,O00075144,2023-08-24,6,Faulty product,1,76.0,0.0,Completed
R0006406,SL000129122,O00075147,2025-02-08,18,Changed mind,1,67.32,11.88,Completed
R0006407,SL000129126,O00075149,2024-02-17,4,Size or fit issue,1,91.24,0.0,Completed
R0006408,SL000129158,O00075168,2024-10-05,4,Incorrect item,1,196.23,0.0,Completed
R0006409,SL000129185,O00075182,2024-06-29,2,Changed mind,1,28.35,0.0,Completed
R0006410,SL000129186,O00075182,2024-07-06,9,Not as described,1,9.72,0.0,Completed
R0006411,SL000129191,O00075186,2023-07-28,15,Changed mind,3,139.32,0.0,Completed
R0006412,SL000129193,O00075187,2025-12-27,5,Changed mind,1,392.9,0.0,Completed
R0006413,SL000129210,O00075197,2024-02-19,8,Late delivery,1,14.85,0.0,Completed
R0006414,SL000129213,O00075197,2024-02-17,6,Damaged item,1,130.1,0.0,Pending
R0006415,SL000129235,O00075210,2023-04-21,1,Damaged item,1,390.59,0.0,Completed
R0006416,SL000129262,O00075223,2025-02-15,17,Incorrect item,1,130.1,0.0,Completed
R0006417,SL000129297,O00075240,2024-04-22,5,Changed mind,1,290.41,0.0,Completed
R0006418,SL000129326,O00075259,2025-12-02,30,Changed mind,1,50.59,0.0,Completed
R0006419,SL000129341,O00075268,2025-03-19,9,Not as described,1,17.89,0.0,Completed
R0006420,SL000129354,O00075274,2024-04-11,7,Size or fit issue,1,79.2,0.0,Completed
R0006421,SL000129365,O00075281,2025-01-19,7,Not as described,2,90.86,0.0,Completed
R0006422,SL000129378,O00075288,2024-04-21,1,Size or fit issue,2,22.88,0.0,Completed
R0006423,SL000129382,O00075290,2023-11-14,2,Damaged item,1,7.68,0.0,Completed
R0006424,SL000129389,O00075296,2025-02-23,2,Changed mind,1,73.6,0.0,Completed
R0006425,SL000129408,O00075303,2023-07-22,32,Changed mind,1,59.35,0.0,Completed
R0006426,SL000129472,O00075345,2025-10-30,8,Faulty product,1,13.06,0.0,Completed
R0006427,SL000129474,O00075346,2025-02-16,2,Size or fit issue,1,188.82,0.0,Completed
R0006428,SL000129478,O00075348,2025-05-29,12,Not as described,1,17.49,0.0,Completed
R0006429,SL000129493,O00075356,2024-05-04,1,Changed mind,1,35.72,6.3,Completed
R0006430,SL000129506,O00075362,2025-07-22,8,Incorrect item,1,80.0,0.0,Completed
R0006431,SL000129510,O00075364,2024-03-26,15,Size or fit issue,1,53.43,0.0,Completed
R0006432,SL000129515,O00075367,2023-07-31,12,Changed mind,1,73.98,0.0,Completed
R0006433,SL000129548,O00075388,2025-09-21,4,Not as described,1,35.0,0.0,Pending
R0006434,SL000129564,O00075398,2025-04-05,13,Changed mind,1,9.37,0.0,Completed
R0006435,SL000129609,O00075429,2025-12-06,3,Incorrect item,1,44.6,0.0,Completed
R0006436,SL000129621,O00075438,2024-08-17,7,Incorrect item,1,18.25,0.0,Completed
R0006437,SL000129633,O00075445,2024-01-15,29,Late delivery,1,117.22,0.0,Completed
R0006438,SL000129634,O00075445,2023-12-20,3,Changed mind,2,60.49,0.0,Pending
R0006439,SL000129656,O00075457,2024-04-15,8,Changed mind,1,53.02,0.0,Completed
R0006440,SL000129657,O00075457,2024-04-19,12,Changed mind,2,58.08,0.0,Completed
R0006441,SL000129671,O00075467,2024-09-09,4,Changed mind,1,67.2,0.0,Completed
R0006442,SL000129695,O00075484,2023-04-18,8,Faulty product,2,144.35,0.0,Completed
R0006443,SL000129724,O00075498,2025-01-26,4,Incorrect item,1,30.45,0.0,Completed
R0006444,SL000129726,O00075500,2024-10-30,8,Changed mind,1,279.63,0.0,Completed
R0006445,SL000129737,O00075507,2025-04-29,9,Incorrect item,1,35.05,0.0,Completed
R0006446,SL000129791,O00075534,2024-01-19,34,Incorrect item,1,105.09,0.0,Completed
R0006447,SL000129804,O00075539,2025-03-04,10,Faulty product,2,44.2,0.0,Pending
R0006448,SL000129866,O00075576,2025-05-05,29,Size or fit issue,1,20.79,0.0,Completed
R0006449,SL000129930,O00075605,2024-12-10,5,Changed mind,1,35.85,6.33,Completed
R0006450,SL000130011,O00075652,2025-01-08,10,Changed mind,4,168.85,0.0,Completed
R0006451,SL000130025,O00075663,2023-06-10,4,Incorrect item,4,162.84,0.0,Completed
R0006452,SL000130034,O00075670,2023-12-04,9,Not as described,1,52.9,0.0,Completed
R0006453,SL000130040,O00075674,2025-08-04,9,Faulty product,1,32.39,0.0,Completed
R0006454,SL000130054,O00075680,2023-08-24,15,Damaged item,1,4.29,0.0,Completed
R0006455,SL000130073,O00075689,2025-12-11,1,Size or fit issue,1,14.76,0.0,Completed
R0006456,SL000130082,O00075694,2025-05-09,5,Faulty product,2,6.0,0.0,Completed
R0006457,SL000130191,O00075758,2025-10-07,10,Damaged item,1,28.46,0.0,Completed
R0006458,SL000130226,O00075777,2024-09-24,7,Late delivery,1,27.58,0.0,Completed
R0006459,SL000130231,O00075780,2025-03-29,9,Changed mind,1,252.57,0.0,Completed
R0006460,SL000130232,O00075781,2023-11-24,12,Changed mind,1,28.75,0.0,Completed
R0006461,SL000130252,O00075793,2024-07-07,11,Incorrect item,1,82.49,0.0,Completed
R0006462,SL000130259,O00075797,2024-04-17,9,Changed mind,1,101.28,17.87,Completed
R0006463,SL000130267,O00075800,2025-02-06,8,Changed mind,1,110.92,0.0,Completed
R0006464,SL000130295,O00075815,2024-01-12,12,Damaged item,1,287.51,0.0,Completed
R0006465,SL000130305,O00075821,2025-06-04,1,Not as described,1,370.25,0.0,Completed
R0006466,SL000130315,O00075828,2026-01-17,20,Faulty product,1,72.38,0.0,Completed
R0006467,SL000130327,O00075833,2025-01-25,7,Changed mind,1,19.77,3.49,Completed
R0006468,SL000130351,O00075846,2023-09-05,9,Changed mind,1,156.37,0.0,Completed
R0006469,SL000130371,O00075859,2024-05-20,32,Not as described,1,403.21,0.0,Completed
R0006470,SL000130374,O00075859,2024-04-28,10,Size or fit issue,1,11.88,0.0,Completed
R0006471,SL000130380,O00075862,2025-06-18,6,Damaged item,1,174.92,0.0,Completed
R0006472,SL000130381,O00075862,2025-06-26,14,Changed mind,1,174.4,0.0,Completed
R0006473,SL000130515,O00075937,2023-07-12,18,Not as described,1,28.15,0.0,Completed
R0006474,SL000130518,O00075939,2024-02-08,19,Late delivery,2,23.76,0.0,Completed
R0006475,SL000130520,O00075939,2024-02-13,24,Faulty product,1,198.23,0.0,Completed
R0006476,SL000130549,O00075957,2023-04-08,13,Faulty product,1,21.01,0.0,Completed
R0006477,SL000130572,O00075967,2025-11-27,16,Incorrect item,4,112.15,0.0,Completed
R0006478,SL000130581,O00075974,2024-09-16,5,Not as described,1,73.73,0.0,Completed
R0006479,SL000130583,O00075975,2025-05-04,11,Changed mind,1,121.42,0.0,Completed
R0006480,SL000130589,O00075980,2025-02-01,17,Damaged item,1,12.99,0.0,Completed
R0006481,SL000130593,O00075983,2024-06-23,2,Damaged item,1,9.12,0.0,Completed
R0006482,SL000130653,O00076022,2024-08-16,12,Faulty product,1,93.58,0.0,Completed
R0006483,SL000130658,O00076024,2024-11-08,2,Not as described,1,48.71,0.0,Completed
R0006484,SL000130661,O00076025,2024-03-03,3,Damaged item,2,73.38,0.0,Completed
R0006485,SL000130666,O00076029,2023-05-22,3,Changed mind,2,184.32,0.0,Completed
R0006486,SL000130672,O00076034,2023-12-04,4,Faulty product,1,200.22,0.0,Completed
R0006487,SL000130680,O00076038,2025-10-24,4,Faulty product,1,78.4,0.0,Completed
R0006488,SL000130693,O00076046,2024-10-28,17,Changed mind,1,98.68,0.0,Completed
R0006489,SL000130709,O00076052,2024-08-18,31,Not as described,1,34.3,0.0,Completed
R0006490,SL000130756,O00076079,2024-09-02,6,Faulty product,3,89.46,0.0,Completed
R0006491,SL000130783,O00076094,2025-10-23,2,Late delivery,1,8.0,0.0,Pending
R0006492,SL000130811,O00076110,2025-11-27,13,Not as described,1,214.84,0.0,Pending
R0006493,SL000130822,O00076117,2023-11-20,5,Changed mind,1,11.76,0.0,Pending
R0006494,SL000130886,O00076159,2024-01-21,13,Faulty product,1,149.49,0.0,Completed
R0006495,SL000131022,O00076240,2025-12-24,3,Changed mind,1,27.6,4.87,Completed
R0006496,SL000131039,O00076252,2024-12-21,19,Changed mind,1,30.1,0.0,Completed
R0006497,SL000131048,O00076256,2023-09-29,7,Changed mind,1,34.3,0.0,Completed
R0006498,SL000131059,O00076261,2025-04-12,26,Changed mind,1,35.95,0.0,Completed
R0006499,SL000131095,O00076280,2025-01-09,9,Late delivery,1,12.0,0.0,Completed
R0006500,SL000131127,O00076297,2025-04-10,10,Size or fit issue,1,274.04,0.0,Completed
R0006501,SL000131128,O00076298,2025-11-23,4,Late delivery,2,98.73,0.0,Completed
R0006502,SL000131151,O00076312,2025-01-05,5,Size or fit issue,1,290.41,0.0,Completed
R0006503,SL000131175,O00076324,2024-03-22,15,Damaged item,2,66.66,0.0,Completed
R0006504,SL000131183,O00076328,2023-07-06,10,Changed mind,3,59.41,0.0,Completed
R0006505,SL000131208,O00076340,2024-01-31,3,Changed mind,4,101.11,0.0,Completed
R0006506,SL000131225,O00076349,2024-01-22,8,Changed mind,1,37.73,0.0,Completed
R0006507,SL000131247,O00076361,2024-05-08,4,Changed mind,2,8.34,0.0,Completed
R0006508,SL000131256,O00076370,2025-10-29,7,Faulty product,1,91.24,0.0,Completed
R0006509,SL000131262,O00076373,2025-04-16,3,Changed mind,1,29.79,0.0,Completed
R0006510,SL000131291,O00076387,2024-03-22,25,Faulty product,2,12.32,0.0,Completed
R0006511,SL000131298,O00076391,2025-04-21,21,Changed mind,1,103.11,0.0,Completed
R0006512,SL000131345,O00076421,2025-09-27,20,Not as described,1,25.13,0.0,Completed
R0006513,SL000131382,O00076440,2025-01-05,8,Faulty product,1,178.49,0.0,Completed
R0006514,SL000131401,O00076450,2025-11-01,6,Damaged item,4,47.52,0.0,Completed
R0006515,SL000131410,O00076454,2025-01-23,9,Damaged item,1,63.88,0.0,Completed
R0006516,SL000131417,O00076461,2024-03-23,4,Faulty product,1,219.52,0.0,Completed
R0006517,SL000131420,O00076463,2024-01-01,8,Changed mind,1,80.55,0.0,Completed
R0006518,SL000131459,O00076488,2025-12-02,3,Faulty product,1,200.23,0.0,Completed
R0006519,SL000131466,O00076493,2023-06-30,3,Damaged item,1,28.35,0.0,Completed
R0006520,SL000131489,O00076505,2023-10-03,8,Changed mind,1,61.88,0.0,Completed
R0006521,SL000131498,O00076508,2023-06-19,8,Size or fit issue,1,117.03,0.0,Pending
R0006522,SL000131532,O00076534,2025-12-06,10,Size or fit issue,1,244.64,0.0,Completed
R0006523,SL000131538,O00076536,2023-07-16,1,Not as described,2,15.68,0.0,Completed
R0006524,SL000131541,O00076539,2025-03-25,4,Not as described,1,78.51,0.0,Completed
R0006525,SL000131556,O00076548,2023-02-19,19,Changed mind,3,51.92,9.16,Completed
R0006526,SL000131558,O00076549,2025-10-27,23,Damaged item,1,194.22,0.0,Completed
R0006527,SL000131561,O00076551,2023-12-05,15,Late delivery,1,5.84,0.0,Completed
R0006528,SL000131572,O00076558,2024-07-04,22,Late delivery,2,23.04,0.0,Completed
R0006529,SL000131605,O00076576,2025-03-25,4,Changed mind,1,287.51,0.0,Completed
R0006530,SL000131609,O00076577,2025-10-16,4,Not as described,1,196.23,0.0,Completed
R0006531,SL000131611,O00076578,2025-05-01,17,Changed mind,1,94.06,0.0,Completed
R0006532,SL000131630,O00076589,2023-07-18,5,Damaged item,2,5.64,0.0,Completed
R0006533,SL000131669,O00076616,2025-05-04,36,Changed mind,1,22.1,0.0,Completed
R0006534,SL000131702,O00076639,2024-12-31,11,Incorrect item,1,140.84,0.0,Completed
R0006535,SL000131713,O00076645,2023-10-05,7,Damaged item,1,28.75,0.0,Completed
R0006536,SL000131726,O00076653,2023-12-16,4,Faulty product,1,155.29,0.0,Completed
R0006537,SL000131734,O00076657,2024-01-06,23,Changed mind,1,54.72,0.0,Completed
R0006538,SL000131749,O00076667,2026-01-08,19,Faulty product,4,149.39,0.0,Completed
R0006539,SL000131764,O00076675,2023-06-27,9,Late delivery,4,43.99,0.0,Completed
R0006540,SL000131773,O00076680,2025-08-19,12,Changed mind,1,9.63,1.7,Pending
R0006541,SL000131845,O00076725,2025-04-21,5,Late delivery,1,11.21,0.0,Completed
R0006542,SL000131850,O00076729,2025-01-30,8,Changed mind,1,53.59,0.0,Completed
R0006543,SL000131852,O00076731,2025-12-31,13,Damaged item,1,130.45,0.0,Completed
R0006544,SL000131854,O00076732,2024-02-03,18,Late delivery,1,214.84,0.0,Completed
R0006545,SL000131859,O00076737,2025-05-14,15,Damaged item,1,80.67,0.0,Completed
R0006546,SL000131879,O00076749,2023-10-26,6,Incorrect item,2,16.0,0.0,Completed
R0006547,SL000131903,O00076760,2023-08-14,11,Changed mind,1,174.92,0.0,Completed
R0006548,SL000131938,O00076781,2024-10-31,8,Changed mind,1,87.55,0.0,Completed
R0006549,SL000131983,O00076801,2025-07-28,15,Faulty product,1,236.82,0.0,Completed
R0006550,SL000132006,O00076816,2024-12-10,8,Changed mind,2,30.71,5.42,Completed
R0006551,SL000132010,O00076818,2024-08-01,21,Not as described,1,279.63,0.0,Completed
R0006552,SL000132022,O00076827,2025-07-09,6,Faulty product,1,44.34,0.0,Completed
R0006553,SL000132025,O00076828,2024-02-03,7,Damaged item,1,156.37,0.0,Completed
R0006554,SL000132036,O00076835,2025-09-28,13,Late delivery,2,84.37,0.0,Completed
R0006555,SL000132089,O00076863,2025-06-25,10,Damaged item,2,250.19,0.0,Completed
R0006556,SL000132119,O00076878,2023-10-01,3,Faulty product,1,96.97,0.0,Completed
R0006557,SL000132121,O00076879,2024-06-22,1,Not as described,1,40.62,0.0,Completed
R0006558,SL000132124,O00076881,2025-07-16,17,Changed mind,1,9.0,0.0,Completed
R0006559,SL000132142,O00076892,2024-01-11,32,Faulty product,1,399.13,0.0,Completed
R0006560,SL000132184,O00076915,2023-07-01,22,Changed mind,2,340.2,0.0,Completed
R0006561,SL000132196,O00076921,2025-06-29,10,Faulty product,1,78.54,0.0,Completed
R0006562,SL000132223,O00076936,2026-01-01,17,Not as described,1,96.97,0.0,Completed
R0006563,SL000132249,O00076955,2024-02-02,15,Incorrect item,1,22.55,0.0,Completed
R0006564,SL000132258,O00076962,2023-09-05,6,Incorrect item,2,22.65,0.0,Completed
R0006565,SL000132264,O00076965,2024-07-27,2,Size or fit issue,1,76.15,0.0,Completed
R0006566,SL000132283,O00076978,2025-07-23,7,Not as described,1,290.41,0.0,Pending
R0006567,SL000132318,O00076999,2024-06-15,27,Size or fit issue,1,35.0,0.0,Completed
R0006568,SL000132386,O00077035,2023-08-28,12,Damaged item,1,122.88,0.0,Pending
R0006569,SL000132403,O00077047,2024-12-15,3,Faulty product,3,128.23,0.0,Completed
R0006570,SL000132408,O00077049,2025-10-17,19,Faulty product,2,51.5,0.0,Completed
R0006571,SL000132417,O00077055,2023-12-31,3,Late delivery,1,287.51,0.0,Completed
R0006572,SL000132429,O00077061,2025-10-15,15,Late delivery,1,77.72,0.0,Completed
R0006573,SL000132468,O00077087,2024-10-18,10,Not as described,1,27.75,0.0,Completed
R0006574,SL000132494,O00077099,2024-01-09,17,Damaged item,1,140.84,0.0,Completed
R0006575,SL000132510,O00077107,2024-06-15,22,Changed mind,1,83.3,0.0,Pending
R0006576,SL000132538,O00077120,2025-06-18,18,Late delivery,2,16.89,0.0,Completed
R0006577,SL000132580,O00077143,2025-09-19,2,Faulty product,2,5.94,0.0,Completed
R0006578,SL000132584,O00077144,2025-03-12,5,Faulty product,1,66.43,0.0,Completed
R0006579,SL000132592,O00077149,2024-05-03,10,Damaged item,1,63.28,0.0,Completed
R0006580,SL000132597,O00077152,2025-10-01,5,Damaged item,1,30.57,0.0,Completed
R0006581,SL000132613,O00077160,2024-01-09,8,Late delivery,1,67.39,0.0,Completed
R0006582,SL000132622,O00077168,2023-10-12,22,Incorrect item,1,40.4,0.0,Completed
R0006583,SL000132656,O00077184,2024-12-19,18,Damaged item,1,136.99,0.0,Completed
R0006584,SL000132661,O00077189,2025-12-20,18,Damaged item,1,119.59,0.0,Completed
R0006585,SL000132665,O00077192,2025-08-11,10,Damaged item,1,38.25,0.0,Completed
R0006586,SL000132678,O00077200,2023-08-07,2,Changed mind,1,11.44,0.0,Completed
R0006587,SL000132763,O00077253,2025-01-19,11,Changed mind,2,60.51,0.0,Completed
R0006588,SL000132771,O00077259,2024-09-12,4,Faulty product,1,38.11,0.0,Completed
R0006589,SL000132790,O00077273,2023-11-01,4,Changed mind,1,82.44,0.0,Pending
R0006590,SL000132794,O00077275,2025-11-09,15,Faulty product,4,135.93,0.0,Completed
R0006591,SL000132815,O00077287,2025-07-24,11,Late delivery,1,128.78,0.0,Completed
R0006592,SL000132840,O00077298,2025-09-03,11,Not as described,1,386.65,0.0,Completed
R0006593,SL000132854,O00077306,2024-06-25,11,Not as described,3,40.41,0.0,Completed
R0006594,SL000132872,O00077316,2024-05-27,19,Incorrect item,3,23.28,0.0,Completed
R0006595,SL000132881,O00077321,2023-12-30,5,Size or fit issue,1,95.03,0.0,Completed
R0006596,SL000132890,O00077325,2024-02-13,3,Not as described,4,138.6,0.0,Completed
R0006597,SL000132906,O00077332,2026-01-05,11,Faulty product,2,283.04,0.0,Completed
R0006598,SL000132912,O00077335,2023-03-30,21,Faulty product,2,30.0,0.0,Completed
R0006599,SL000132920,O00077341,2024-10-30,11,Changed mind,3,58.35,0.0,Completed
R0006600,SL000132947,O00077359,2025-06-21,23,Changed mind,1,60.09,0.0,Completed
R0006601,SL000132950,O00077360,2024-04-02,14,Changed mind,1,120.31,0.0,Completed
R0006602,SL000133023,O00077407,2026-01-08,21,Size or fit issue,1,142.84,0.0,Completed
R0006603,SL000133042,O00077417,2025-05-18,10,Faulty product,1,36.83,0.0,Completed
R0006604,SL000133101,O00077459,2024-07-02,6,Changed mind,1,123.53,0.0,Completed
R0006605,SL000133105,O00077463,2024-03-29,6,Damaged item,1,31.73,0.0,Pending
R0006606,SL000133156,O00077497,2023-03-29,1,Late delivery,1,35.52,0.0,Completed
R0006607,SL000133179,O00077509,2025-11-24,4,Size or fit issue,2,69.73,0.0,Completed
R0006608,SL000133207,O00077524,2025-10-13,1,Faulty product,1,23.43,0.0,Completed
R0006609,SL000133261,O00077549,2023-12-20,8,Changed mind,1,151.72,0.0,Completed
R0006610,SL000133279,O00077560,2024-04-22,12,Damaged item,1,15.56,0.0,Completed
R0006611,SL000133293,O00077566,2024-02-21,18,Faulty product,1,191.85,0.0,Completed
R0006612,SL000133339,O00077596,2025-12-05,6,Faulty product,1,23.45,0.0,Completed
R0006613,SL000133349,O00077602,2025-02-02,8,Damaged item,4,121.8,0.0,Completed
R0006614,SL000133384,O00077621,2023-06-09,4,Changed mind,1,240.79,0.0,Completed
R0006615,SL000133390,O00077625,2025-01-12,5,Damaged item,1,38.64,0.0,Completed
R0006616,SL000133402,O00077633,2023-02-19,9,Changed mind,3,24.0,0.0,Completed
R0006617,SL000133406,O00077636,2024-06-10,11,Damaged item,4,114.96,0.0,Completed
R0006618,SL000133408,O00077637,2023-11-17,16,Faulty product,2,26.12,0.0,Completed
R0006619,SL000133414,O00077642,2024-06-09,7,Changed mind,1,127.47,0.0,Completed
R0006620,SL000133435,O00077653,2023-09-16,5,Late delivery,1,60.66,0.0,Completed
R0006621,SL000133448,O00077658,2025-07-30,8,Changed mind,1,80.5,0.0,Completed
R0006622,SL000133454,O00077663,2025-04-21,6,Incorrect item,3,122.3,0.0,Completed
R0006623,SL000133459,O00077665,2024-03-27,6,Changed mind,2,188.12,0.0,Completed
R0006624,SL000133478,O00077679,2023-07-26,16,Late delivery,1,4.29,0.0,Completed
R0006625,SL000133488,O00077683,2025-12-22,12,Size or fit issue,1,30.45,0.0,Completed
R0006626,SL000133515,O00077698,2023-07-06,3,Damaged item,1,78.4,0.0,Completed
R0006627,SL000133539,O00077710,2024-01-21,12,Changed mind,1,34.26,0.0,Completed
R0006628,SL000133543,O00077711,2024-10-18,7,Incorrect item,1,16.0,0.0,Completed
R0006629,SL000133557,O00077719,2024-11-30,8,Damaged item,1,251.44,0.0,Completed
R0006630,SL000133566,O00077724,2025-06-18,11,Changed mind,1,11.64,0.0,Completed
R0006631,SL000133585,O00077737,2024-10-16,5,Faulty product,1,17.55,0.0,Completed
R0006632,SL000133587,O00077739,2025-07-05,13,Faulty product,1,268.43,0.0,Completed
R0006633,SL000133622,O00077759,2024-12-10,6,Damaged item,4,196.81,0.0,Completed
R0006634,SL000133627,O00077764,2025-01-22,8,Damaged item,2,24.83,0.0,Completed
R0006635,SL000133641,O00077769,2024-12-15,1,Changed mind,1,49.48,0.0,Completed
R0006636,SL000133683,O00077793,2024-06-23,2,Damaged item,3,51.64,0.0,Completed
R0006637,SL000133707,O00077806,2023-06-02,2,Size or fit issue,2,193.94,0.0,Completed
R0006638,SL000133710,O00077808,2023-05-19,2,Not as described,1,94.06,0.0,Completed
R0006639,SL000133738,O00077827,2023-05-26,18,Changed mind,1,12.0,0.0,Completed
R0006640,SL000133739,O00077827,2023-05-27,19,Damaged item,1,394.54,0.0,Completed
R0006641,SL000133762,O00077842,2025-01-04,13,Size or fit issue,1,85.88,0.0,Completed
R0006642,SL000133765,O00077844,2025-02-02,6,Size or fit issue,1,219.52,0.0,Completed
R0006643,SL000133782,O00077854,2023-02-06,1,Changed mind,2,8.53,0.0,Completed
R0006644,SL000133784,O00077855,2024-05-07,8,Size or fit issue,1,329.59,0.0,Completed
R0006645,SL000133825,O00077879,2023-01-22,15,Changed mind,2,15.52,0.0,Completed
R0006646,SL000133830,O00077881,2025-01-06,3,Changed mind,1,8.0,0.0,Completed
R0006647,SL000133845,O00077890,2023-01-20,15,Changed mind,1,235.03,0.0,Completed
R0006648,SL000133912,O00077929,2024-08-31,16,Size or fit issue,1,33.57,0.0,Pending
R0006649,SL000133922,O00077935,2023-03-03,11,Late delivery,1,35.41,0.0,Completed
R0006650,SL000133978,O00077964,2024-12-23,10,Changed mind,1,44.55,0.0,Completed
R0006651,SL000133980,O00077965,2025-07-17,5,Not as described,1,331.05,0.0,Completed
R0006652,SL000133995,O00077974,2023-04-19,12,Damaged item,1,50.86,0.0,Completed
R0006653,SL000133999,O00077977,2025-11-15,8,Not as described,1,68.14,0.0,Completed
R0006654,SL000134024,O00077992,2024-08-04,14,Faulty product,1,146.13,0.0,Completed
R0006655,SL000134038,O00078004,2023-07-04,7,Changed mind,1,21.21,3.74,Completed
R0006656,SL000134047,O00078009,2024-10-06,12,Not as described,2,67.9,0.0,Completed
R0006657,SL000134061,O00078019,2025-12-04,2,Late delivery,1,36.11,0.0,Completed
R0006658,SL000134070,O00078025,2023-12-24,20,Changed mind,1,7.11,0.0,Completed
R0006659,SL000134121,O00078054,2025-12-12,7,Damaged item,1,75.2,0.0,Completed
R0006660,SL000134174,O00078087,2024-09-13,5,Incorrect item,2,69.3,0.0,Completed
R0006661,SL000134181,O00078089,2025-02-02,6,Faulty product,1,62.21,0.0,Completed
R0006662,SL000134259,O00078135,2024-04-28,9,Faulty product,1,14.4,0.0,Completed
R0006663,SL000134287,O00078148,2023-07-11,12,Late delivery,2,43.31,0.0,Completed
R0006664,SL000134310,O00078164,2023-04-22,15,Not as described,1,33.95,0.0,Completed
R0006665,SL000134323,O00078173,2024-03-10,13,Incorrect item,4,34.24,0.0,Completed
R0006666,SL000134339,O00078182,2025-06-17,5,Incorrect item,1,177.34,0.0,Completed
R0006667,SL000134346,O00078186,2024-10-14,2,Faulty product,2,58.08,0.0,Pending
R0006668,SL000134347,O00078187,2025-12-05,8,Incorrect item,4,83.83,0.0,Completed
R0006669,SL000134350,O00078189,2024-12-03,8,Not as described,1,8.76,0.0,Completed
R0006670,SL000134371,O00078202,2026-01-09,9,Faulty product,1,169.57,0.0,Completed
R0006671,SL000134389,O00078214,2025-10-02,17,Damaged item,1,10.52,0.0,Completed
R0006672,SL000134413,O00078232,2025-11-21,3,Size or fit issue,1,6.87,0.0,Completed
R0006673,SL000134450,O00078256,2025-01-12,11,Incorrect item,1,87.85,0.0,Completed
R0006674,SL000134479,O00078275,2025-01-15,45,Not as described,1,85.26,0.0,Completed
R0006675,SL000134500,O00078285,2025-03-30,21,Size or fit issue,1,46.23,0.0,Completed
R0006676,SL000134508,O00078288,2026-01-13,14,Changed mind,1,84.16,0.0,Completed
R0006677,SL000134524,O00078296,2025-11-29,3,Changed mind,1,16.93,2.99,Completed
R0006678,SL000134545,O00078307,2024-07-08,8,Late delivery,1,40.5,0.0,Completed
R0006679,SL000134554,O00078311,2025-09-13,18,Changed mind,1,111.7,19.71,Completed
R0006680,SL000134566,O00078317,2024-11-02,30,Faulty product,1,106.83,0.0,Completed
R0006681,SL000134589,O00078328,2024-12-14,22,Faulty product,1,13.75,0.0,Completed
R0006682,SL000134591,O00078330,2024-04-08,1,Late delivery,4,161.6,0.0,Completed
R0006683,SL000134616,O00078344,2024-07-05,16,Damaged item,1,12.8,0.0,Completed
R0006684,SL000134621,O00078347,2024-08-27,1,Faulty product,1,34.65,0.0,Completed
R0006685,SL000134623,O00078349,2025-09-14,22,Changed mind,1,135.58,0.0,Completed
R0006686,SL000134624,O00078350,2023-12-25,10,Not as described,1,33.23,0.0,Completed
R0006687,SL000134704,O00078399,2023-07-28,8,Changed mind,1,152.23,26.86,Completed
R0006688,SL000134731,O00078413,2025-07-20,4,Changed mind,1,137.89,0.0,Completed
R0006689,SL000134734,O00078415,2025-07-20,13,Changed mind,1,12.0,0.0,Completed
R0006690,SL000134744,O00078420,2025-03-30,8,Changed mind,1,16.92,2.99,Completed
R0006691,SL000134761,O00078430,2025-01-03,2,Incorrect item,1,290.41,0.0,Completed
R0006692,SL000134763,O00078431,2023-12-13,1,Size or fit issue,3,89.25,0.0,Completed
R0006693,SL000134789,O00078447,2024-12-21,10,Late delivery,3,91.35,0.0,Completed
R0006694,SL000134806,O00078459,2025-12-22,9,Incorrect item,1,107.49,0.0,Completed
R0006695,SL000134818,O00078465,2023-07-11,19,Not as described,1,260.11,0.0,Pending
R0006696,SL000134822,O00078466,2025-07-13,8,Damaged item,1,172.62,0.0,Completed
R0006697,SL000134824,O00078468,2025-04-17,9,Changed mind,1,43.2,0.0,Pending
R0006698,SL000134846,O00078482,2023-12-28,12,Changed mind,1,73.6,0.0,Completed
R0006699,SL000134894,O00078505,2024-04-21,13,Not as described,1,339.78,0.0,Completed
R0006700,SL000134898,O00078508,2025-02-26,2,Faulty product,4,59.4,0.0,Completed
R0006701,SL000134910,O00078515,2024-08-17,10,Changed mind,1,10.0,1.76,Completed
R0006702,SL000134923,O00078522,2023-10-05,4,Changed mind,1,72.33,0.0,Completed
R0006703,SL000134929,O00078525,2024-09-26,9,Damaged item,1,148.55,0.0,Completed
R0006704,SL000134937,O00078528,2026-01-06,16,Faulty product,4,61.4,0.0,Completed
R0006705,SL000134949,O00078538,2025-01-09,22,Size or fit issue,1,154.81,0.0,Completed
R0006706,SL000134971,O00078547,2024-12-13,5,Changed mind,4,143.12,0.0,Completed
R0006707,SL000134974,O00078549,2023-12-04,8,Damaged item,1,29.18,0.0,Completed
R0006708,SL000135051,O00078592,2023-03-23,4,Changed mind,1,16.92,0.0,Completed
R0006709,SL000135121,O00078627,2024-12-07,7,Not as described,1,7.52,0.0,Completed
R0006710,SL000135167,O00078648,2025-12-20,10,Faulty product,3,89.25,0.0,Completed
R0006711,SL000135255,O00078703,2024-01-07,14,Incorrect item,1,243.46,0.0,Completed
R0006712,SL000135273,O00078716,2024-01-12,13,Damaged item,1,91.04,0.0,Completed
R0006713,SL000135278,O00078718,2025-03-19,1,Changed mind,1,137.6,24.28,Completed
R0006714,SL000135309,O00078733,2023-01-10,5,Size or fit issue,3,73.14,0.0,Completed
R0006715,SL000135319,O00078737,2023-01-18,7,Size or fit issue,1,93.41,0.0,Pending
R0006716,SL000135368,O00078763,2026-01-08,11,Incorrect item,2,166.61,0.0,Completed
R0006717,SL000135389,O00078773,2023-11-27,12,Damaged item,3,86.25,0.0,Completed
R0006718,SL000135397,O00078778,2023-12-27,19,Faulty product,1,25.13,0.0,Pending
R0006719,SL000135400,O00078780,2023-12-24,5,Not as described,2,30.97,0.0,Completed
R0006720,SL000135402,O00078781,2023-10-07,9,Size or fit issue,4,198.8,0.0,Completed
R0006721,SL000135407,O00078784,2024-10-04,22,Changed mind,2,49.24,0.0,Completed
R0006722,SL000135439,O00078805,2024-01-16,6,Changed mind,1,87.63,0.0,Completed
R0006723,SL000135441,O00078806,2025-12-18,3,Incorrect item,1,10.44,0.0,Completed
R0006724,SL000135461,O00078815,2025-12-15,27,Damaged item,1,67.93,0.0,Completed
R0006725,SL000135473,O00078821,2023-07-16,7,Incorrect item,1,560.16,0.0,Completed
R0006726,SL000135474,O00078822,2025-12-18,15,Damaged item,1,21.21,0.0,Completed
R0006727,SL000135475,O00078822,2025-12-05,2,Changed mind,2,72.38,0.0,Completed
R0006728,SL000135533,O00078860,2025-11-28,6,Changed mind,4,45.76,8.08,Completed
R0006729,SL000135551,O00078872,2026-01-06,6,Faulty product,1,91.03,0.0,Completed
R0006730,SL000135576,O00078888,2024-04-05,1,Incorrect item,1,24.87,0.0,Completed
R0006731,SL000135590,O00078896,2023-03-26,3,Size or fit issue,1,77.6,0.0,Completed
R0006732,SL000135607,O00078907,2025-03-05,10,Faulty product,1,88.5,0.0,Completed
R0006733,SL000135621,O00078913,2025-11-25,10,Late delivery,1,648.06,0.0,Completed
R0006734,SL000135630,O00078920,2023-04-07,8,Damaged item,1,30.86,0.0,Completed
R0006735,SL000135635,O00078924,2024-01-18,8,Late delivery,1,50.62,0.0,Completed
R0006736,SL000135650,O00078934,2025-03-24,9,Faulty product,1,58.39,0.0,Completed
R0006737,SL000135659,O00078937,2025-10-31,8,Incorrect item,1,228.85,0.0,Completed
R0006738,SL000135685,O00078947,2025-03-04,31,Faulty product,2,306.49,0.0,Completed
R0006739,SL000135715,O00078965,2023-12-28,18,Late delivery,1,219.22,0.0,Completed
R0006740,SL000135728,O00078972,2025-12-12,9,Changed mind,1,15.17,0.0,Completed
R0006741,SL000135777,O00078998,2023-10-21,3,Changed mind,1,386.65,0.0,Completed
R0006742,SL000135803,O00079014,2024-03-06,9,Changed mind,1,34.3,0.0,Completed
R0006743,SL000135807,O00079015,2025-12-12,11,Changed mind,1,111.1,19.61,Completed
R0006744,SL000135815,O00079019,2025-02-22,6,Faulty product,4,82.12,0.0,Completed
R0006745,SL000135822,O00079023,2024-08-15,23,Changed mind,3,39.19,6.92,Completed
R0006746,SL000135839,O00079032,2024-02-23,36,Size or fit issue,2,193.94,0.0,Completed
R0006747,SL000135858,O00079044,2023-11-24,15,Not as described,1,3.04,0.0,Completed
R0006748,SL000135885,O00079061,2024-01-21,16,Changed mind,1,47.67,8.41,Completed
R0006749,SL000135891,O00079065,2024-04-18,9,Damaged item,1,267.18,0.0,Completed
R0006750,SL000135902,O00079069,2024-01-20,8,Faulty product,1,33.95,0.0,Completed
R0006751,SL000135917,O00079082,2025-09-30,4,Late delivery,1,20.32,0.0,Completed
R0006752,SL000135943,O00079097,2026-01-02,13,Faulty product,1,15.0,0.0,Completed
R0006753,SL000135968,O00079115,2023-05-02,3,Changed mind,2,19.57,3.45,Completed
R0006754,SL000135971,O00079118,2024-05-14,12,Damaged item,1,179.12,0.0,Pending
R0006755,SL000135977,O00079121,2024-02-23,22,Changed mind,1,13.33,0.0,Completed
R0006756,SL000136035,O00079154,2025-08-20,26,Changed mind,4,99.36,17.53,Completed
R0006757,SL000136037,O00079156,2025-05-21,10,Changed mind,1,4.25,0.0,Completed
R0006758,SL000136058,O00079171,2024-11-12,3,Not as described,1,35.41,0.0,Completed
R0006759,SL000136077,O00079183,2024-11-16,16,Changed mind,1,675.06,0.0,Completed
R0006760,SL000136091,O00079195,2023-09-04,6,Changed mind,1,14.87,2.62,Completed
R0006761,SL000136093,O00079196,2023-08-04,8,Faulty product,1,34.3,0.0,Completed
R0006762,SL000136116,O00079207,2023-07-16,17,Damaged item,1,14.01,0.0,Completed
R0006763,SL000136127,O00079213,2023-07-25,9,Faulty product,1,121.58,0.0,Completed
R0006764,SL000136128,O00079214,2024-06-16,15,Changed mind,1,41.97,0.0,Completed
R0006765,SL000136140,O00079223,2025-12-25,20,Faulty product,1,10.08,0.0,Completed
R0006766,SL000136187,O00079249,2023-05-09,9,Damaged item,1,196.23,0.0,Completed
R0006767,SL000136195,O00079255,2025-12-21,2,Not as described,1,30.28,0.0,Completed
R0006768,SL000136225,O00079271,2025-11-06,1,Changed mind,1,33.95,0.0,Completed
R0006769,SL000136228,O00079273,2025-08-06,4,Size or fit issue,1,274.04,0.0,Completed
R0006770,SL000136284,O00079305,2024-12-10,10,Changed mind,1,107.49,0.0,Completed
R0006771,SL000136286,O00079306,2023-06-08,5,Changed mind,2,67.9,0.0,Completed
R0006772,SL000136301,O00079313,2025-03-06,22,Changed mind,1,80.0,0.0,Completed
R0006773,SL000136327,O00079328,2023-12-04,12,Changed mind,1,4.95,0.0,Completed
R0006774,SL000136366,O00079349,2023-09-13,26,Not as described,1,5.11,0.0,Completed
R0006775,SL000136384,O00079359,2025-11-28,3,Faulty product,1,282.46,0.0,Completed
R0006776,SL000136398,O00079368,2023-01-20,16,Changed mind,1,115.01,0.0,Completed
R0006777,SL000136408,O00079373,2024-12-21,19,Faulty product,1,16.68,0.0,Completed
R0006778,SL000136416,O00079378,2023-04-10,9,Faulty product,1,188.82,0.0,Completed
R0006779,SL000136431,O00079386,2024-02-12,12,Not as described,4,57.6,0.0,Completed
R0006780,SL000136433,O00079387,2025-08-30,10,Damaged item,2,16.95,0.0,Completed
R0006781,SL000136467,O00079407,2025-01-24,10,Damaged item,1,9.72,0.0,Completed
R0006782,SL000136470,O00079407,2025-01-15,1,Late delivery,3,49.3,0.0,Completed
R0006783,SL000136474,O00079409,2023-10-19,14,Faulty product,1,403.21,0.0,Completed
R0006784,SL000136476,O00079409,2023-10-20,15,Damaged item,1,150.12,0.0,Completed
R0006785,SL000136479,O00079411,2025-12-23,12,Size or fit issue,1,143.8,0.0,Completed
R0006786,SL000136487,O00079414,2024-10-03,8,Not as described,1,34.3,0.0,Completed
R0006787,SL000136494,O00079419,2025-04-05,11,Damaged item,1,73.06,0.0,Completed
R0006788,SL000136535,O00079444,2025-06-22,19,Incorrect item,1,35.0,0.0,Completed
R0006789,SL000136571,O00079465,2025-12-19,2,Incorrect item,1,29.37,0.0,Completed
R0006790,SL000136578,O00079471,2024-01-12,19,Faulty product,1,203.93,0.0,Completed
R0006791,SL000136586,O00079477,2025-12-25,9,Changed mind,1,52.0,0.0,Completed
R0006792,SL000136607,O00079492,2023-09-27,6,Incorrect item,1,18.34,0.0,Completed
R0006793,SL000136618,O00079499,2024-05-25,10,Changed mind,1,407.28,0.0,Completed
R0006794,SL000136633,O00079507,2024-12-11,15,Changed mind,1,143.4,0.0,Completed
R0006795,SL000136645,O00079513,2025-08-22,8,Changed mind,3,77.9,13.75,Completed
R0006796,SL000136648,O00079515,2024-01-30,9,Late delivery,1,226.79,0.0,Completed
R0006797,SL000136660,O00079522,2025-07-19,13,Changed mind,1,174.92,0.0,Completed
R0006798,SL000136673,O00079533,2025-09-16,15,Size or fit issue,3,56.15,0.0,Completed
R0006799,SL000136685,O00079538,2025-08-23,9,Changed mind,2,72.96,0.0,Pending
R0006800,SL000136690,O00079541,2024-02-22,3,Late delivery,1,86.48,0.0,Completed
R0006801,SL000136715,O00079557,2023-10-24,3,Faulty product,1,37.67,0.0,Completed
R0006802,SL000136736,O00079569,2025-07-26,14,Size or fit issue,1,153.24,0.0,Pending
R0006803,SL000136751,O00079578,2025-08-01,8,Changed mind,3,42.11,7.43,Completed
R0006804,SL000136801,O00079606,2023-12-18,2,Not as described,1,68.3,0.0,Completed
R0006805,SL000136852,O00079639,2025-11-19,24,Damaged item,1,32.83,0.0,Completed
R0006806,SL000136871,O00079652,2024-06-08,3,Not as described,1,6.31,0.0,Completed
R0006807,SL000136896,O00079669,2024-05-17,8,Late delivery,1,35.0,0.0,Completed
R0006808,SL000136903,O00079673,2024-07-13,15,Not as described,1,28.0,0.0,Completed
R0006809,SL000136915,O00079678,2025-10-21,12,Changed mind,2,180.63,0.0,Completed
R0006810,SL000136966,O00079707,2024-08-03,7,Changed mind,1,153.24,0.0,Completed
R0006811,SL000136981,O00079719,2023-12-22,11,Faulty product,1,377.88,0.0,Completed
R0006812,SL000136983,O00079720,2025-07-16,15,Changed mind,1,179.81,31.73,Completed
R0006813,SL000137004,O00079729,2023-12-08,16,Changed mind,1,105.31,0.0,Completed
R0006814,SL000137027,O00079742,2023-09-04,1,Faulty product,1,8.0,0.0,Completed
R0006815,SL000137045,O00079756,2023-07-23,19,Not as described,1,240.79,0.0,Completed
R0006816,SL000137097,O00079791,2023-06-10,15,Changed mind,1,316.0,0.0,Completed
R0006817,SL000137104,O00079794,2025-08-03,13,Damaged item,2,23.76,0.0,Completed
R0006818,SL000137175,O00079834,2025-12-21,3,Incorrect item,1,43.07,0.0,Completed
R0006819,SL000137221,O00079861,2023-04-03,2,Damaged item,1,64.99,0.0,Completed
R0006820,SL000137227,O00079866,2023-11-24,18,Not as described,1,29.49,0.0,Completed
R0006821,SL000137231,O00079868,2023-12-18,1,Faulty product,1,7.58,0.0,Completed
R0006822,SL000137234,O00079870,2025-12-28,8,Changed mind,2,189.65,0.0,Completed
R0006823,SL000137258,O00079886,2024-12-21,8,Not as described,1,252.57,0.0,Completed
R0006824,SL000137292,O00079905,2025-09-25,10,Changed mind,1,198.4,35.01,Completed
R0006825,SL000137295,O00079908,2025-06-13,12,Changed mind,2,23.52,0.0,Completed
R0006826,SL000137323,O00079926,2025-06-26,35,Faulty product,1,339.78,0.0,Completed
R0006827,SL000137355,O00079943,2024-03-09,28,Size or fit issue,1,10.23,0.0,Completed
R0006828,SL000137363,O00079949,2025-05-27,8,Faulty product,3,101.85,0.0,Completed
R0006829,SL000137448,O00080004,2023-08-26,15,Changed mind,2,64.84,0.0,Completed
R0006830,SL000137478,O00080025,2025-12-01,12,Faulty product,2,51.1,0.0,Completed
R0006831,SL000137481,O00080025,2025-11-22,3,Incorrect item,1,27.89,0.0,Completed
R0006832,SL000137500,O00080038,2024-12-05,25,Late delivery,1,11.44,0.0,Completed
R0006833,SL000137530,O00080057,2023-07-19,15,Damaged item,1,9.19,0.0,Completed
R0006834,SL000137557,O00080073,2025-04-24,11,Not as described,4,180.23,0.0,Completed
R0006835,SL000137590,O00080089,2024-06-22,6,Damaged item,1,203.35,0.0,Completed
R0006836,SL000137593,O00080091,2024-03-13,2,Changed mind,1,60.47,0.0,Completed
R0006837,SL000137602,O00080097,2023-05-21,17,Changed mind,1,50.12,0.0,Completed
R0006838,SL000137605,O00080099,2023-02-25,11,Late delivery,1,87.85,0.0,Completed
R0006839,SL000137617,O00080108,2024-05-22,16,Damaged item,1,28.04,0.0,Completed
R0006840,SL000137710,O00080159,2024-04-23,15,Changed mind,1,18.26,0.0,Completed
R0006841,SL000137770,O00080191,2024-12-30,13,Faulty product,1,151.72,0.0,Completed
R0006842,SL000137773,O00080192,2025-02-05,3,Changed mind,2,13.6,2.4,Completed
R0006843,SL000137796,O00080206,2025-07-26,11,Faulty product,3,54.77,0.0,Completed
R0006844,SL000137803,O00080211,2024-01-04,5,Changed mind,1,83.3,0.0,Completed
R0006845,SL000137835,O00080229,2023-04-01,10,Damaged item,2,103.92,0.0,Completed
R0006846,SL000137859,O00080240,2023-04-16,5,Size or fit issue,1,31.1,0.0,Completed
R0006847,SL000137860,O00080241,2023-12-22,12,Changed mind,1,25.88,4.57,Completed
R0006848,SL000137992,O00080317,2023-03-12,5,Changed mind,1,49.7,0.0,Completed
R0006849,SL000138060,O00080351,2025-08-12,6,Damaged item,1,8.47,0.0,Completed
R0006850,SL000138097,O00080375,2024-02-24,12,Incorrect item,1,16.68,0.0,Completed
R0006851,SL000138122,O00080393,2025-12-25,12,Damaged item,1,109.68,0.0,Completed
R0006852,SL000138130,O00080396,2025-09-23,26,Size or fit issue,2,39.28,0.0,Completed
R0006853,SL000138157,O00080409,2025-12-13,16,Not as described,4,51.84,0.0,Completed
R0006854,SL000138163,O00080411,2024-07-16,5,Faulty product,2,38.94,0.0,Completed
R0006855,SL000138190,O00080425,2024-12-24,9,Changed mind,3,87.12,0.0,Completed
R0006856,SL000138196,O00080429,2024-12-15,25,Damaged item,1,57.48,0.0,Completed
R0006857,SL000138204,O00080434,2024-07-19,15,Changed mind,1,175.05,0.0,Completed
R0006858,SL000138219,O00080443,2025-08-22,25,Size or fit issue,1,23.58,0.0,Completed
R0006859,SL000138227,O00080446,2025-12-27,16,Incorrect item,1,29.4,0.0,Completed
R0006860,SL000138242,O00080457,2023-06-23,3,Changed mind,2,44.99,7.94,Completed
R0006861,SL000138254,O00080462,2025-03-07,5,Changed mind,1,45.07,7.95,Completed
R0006862,SL000138264,O00080469,2023-12-21,10,Changed mind,1,44.55,0.0,Completed
R0006863,SL000138265,O00080470,2025-12-07,4,Faulty product,1,381.7,0.0,Completed
R0006864,SL000138293,O00080484,2025-01-09,16,Damaged item,1,29.32,0.0,Completed
R0006865,SL000138295,O00080485,2023-12-10,17,Damaged item,1,5.92,0.0,Completed
R0006866,SL000138298,O00080486,2024-02-26,11,Damaged item,1,31.41,0.0,Completed
R0006867,SL000138300,O00080486,2024-03-03,17,Changed mind,1,47.61,0.0,Completed
R0006868,SL000138304,O00080490,2024-09-27,13,Incorrect item,1,439.66,0.0,Pending
R0006869,SL000138309,O00080494,2023-10-12,13,Damaged item,1,11.52,0.0,Completed
R0006870,SL000138336,O00080510,2024-09-03,12,Changed mind,2,221.76,39.13,Completed
R0006871,SL000138340,O00080511,2024-07-06,6,Damaged item,1,100.73,0.0,Completed
R0006872,SL000138397,O00080543,2024-04-25,24,Changed mind,1,16.78,0.0,Completed
R0006873,SL000138405,O00080550,2023-10-13,4,Changed mind,1,146.7,0.0,Completed
R0006874,SL000138431,O00080563,2025-09-10,3,Incorrect item,1,290.2,0.0,Completed
R0006875,SL000138447,O00080571,2023-09-04,26,Faulty product,1,178.49,0.0,Completed
R0006876,SL000138454,O00080576,2023-10-15,10,Changed mind,1,173.76,0.0,Completed
R0006877,SL000138478,O00080592,2023-05-02,6,Incorrect item,1,184.93,0.0,Completed
R0006878,SL000138547,O00080637,2023-12-24,10,Changed mind,1,403.21,0.0,Completed
R0006879,SL000138549,O00080637,2023-12-30,16,Size or fit issue,3,86.1,0.0,Completed
R0006880,SL000138556,O00080642,2023-10-25,1,Late delivery,1,33.95,0.0,Completed
R0006881,SL000138587,O00080665,2024-04-12,5,Size or fit issue,1,83.3,0.0,Completed
R0006882,SL000138610,O00080676,2025-02-13,10,Incorrect item,2,59.5,0.0,Completed
R0006883,SL000138624,O00080687,2025-12-30,4,Changed mind,3,43.45,0.0,Completed
R0006884,SL000138629,O00080691,2023-05-07,16,Faulty product,2,6.0,0.0,Completed
R0006885,SL000138645,O00080700,2025-12-11,7,Changed mind,1,132.91,23.46,Completed
R0006886,SL000138680,O00080720,2024-07-08,7,Damaged item,1,14.19,0.0,Completed
R0006887,SL000138704,O00080734,2024-06-02,7,Size or fit issue,1,68.91,0.0,Completed
R0006888,SL000138721,O00080746,2024-06-03,11,Changed mind,1,120.31,0.0,Completed
R0006889,SL000138740,O00080756,2023-12-14,9,Damaged item,1,18.25,0.0,Completed
R0006890,SL000138743,O00080758,2024-09-06,9,Changed mind,1,2.71,0.48,Completed
R0006891,SL000138783,O00080780,2026-01-17,18,Damaged item,1,174.92,0.0,Completed
R0006892,SL000138822,O00080799,2025-11-28,11,Changed mind,1,20.41,0.0,Completed
R0006893,SL000138880,O00080834,2023-05-07,6,Faulty product,1,11.97,0.0,Completed
R0006894,SL000138885,O00080837,2023-11-12,20,Faulty product,1,11.64,0.0,Completed
R0006895,SL000138889,O00080837,2023-11-12,20,Incorrect item,1,2.91,0.0,Completed
R0006896,SL000138892,O00080840,2025-05-14,3,Changed mind,1,33.25,0.0,Pending
R0006897,SL000138897,O00080843,2024-07-12,1,Faulty product,1,78.4,0.0,Completed
R0006898,SL000138913,O00080852,2025-11-24,9,Damaged item,2,86.64,0.0,Completed
R0006899,SL000138940,O00080867,2025-04-19,5,Damaged item,1,5.85,0.0,Completed
R0006900,SL000138998,O00080902,2025-04-22,21,Faulty product,1,35.0,0.0,Completed
R0006901,SL000139017,O00080912,2025-01-04,6,Incorrect item,3,39.54,0.0,Completed
R0006902,SL000139024,O00080914,2024-01-28,8,Incorrect item,1,154.81,0.0,Completed
R0006903,SL000139048,O00080929,2023-12-15,11,Faulty product,1,59.49,0.0,Completed
R0006904,SL000139080,O00080945,2024-04-21,3,Incorrect item,1,189.91,0.0,Completed
R0006905,SL000139096,O00080955,2025-02-10,10,Changed mind,2,66.21,0.0,Completed
R0006906,SL000139097,O00080955,2025-02-15,15,Size or fit issue,2,22.8,0.0,Completed
R0006907,SL000139104,O00080959,2025-12-08,16,Changed mind,1,39.34,0.0,Completed
R0006908,SL000139113,O00080963,2025-11-20,3,Damaged item,1,31.13,0.0,Completed
R0006909,SL000139174,O00081003,2023-12-24,11,Damaged item,1,10.07,0.0,Completed
R0006910,SL000139181,O00081009,2024-10-14,9,Faulty product,1,73.45,0.0,Completed
R0006911,SL000139182,O00081010,2024-12-08,12,Faulty product,1,97.24,0.0,Completed
R0006912,SL000139236,O00081040,2024-07-02,5,Size or fit issue,2,18.3,0.0,Completed
R0006913,SL000139243,O00081043,2024-11-10,12,Faulty product,1,69.61,0.0,Completed
R0006914,SL000139277,O00081063,2025-07-15,5,Changed mind,1,146.99,0.0,Completed
R0006915,SL000139298,O00081075,2024-07-08,12,Not as described,2,61.98,0.0,Completed
R0006916,SL000139313,O00081085,2025-11-02,2,Damaged item,1,62.21,0.0,Completed
R0006917,SL000139341,O00081099,2024-12-18,4,Changed mind,1,140.7,0.0,Completed
R0006918,SL000139359,O00081110,2024-12-04,9,Faulty product,1,217.81,0.0,Completed
R0006919,SL000139373,O00081120,2024-11-13,19,Incorrect item,1,34.3,0.0,Completed
R0006920,SL000139408,O00081141,2025-01-17,25,Changed mind,1,109.65,0.0,Completed
R0006921,SL000139417,O00081146,2024-08-07,7,Faulty product,2,58.08,0.0,Completed
R0006922,SL000139428,O00081151,2024-06-09,9,Size or fit issue,4,32.0,0.0,Completed
R0006923,SL000139437,O00081158,2024-05-13,1,Changed mind,3,35.64,0.0,Completed
R0006924,SL000139478,O00081179,2023-04-07,4,Damaged item,1,131.41,0.0,Completed
R0006925,SL000139485,O00081183,2025-09-18,6,Incorrect item,3,8.91,0.0,Completed
R0006926,SL000139507,O00081197,2025-12-11,11,Changed mind,2,72.49,12.79,Completed
R0006927,SL000139538,O00081215,2025-08-30,6,Not as described,1,290.41,0.0,Completed
R0006928,SL000139567,O00081233,2023-05-01,5,Changed mind,1,15.0,0.0,Completed
R0006929,SL000139572,O00081236,2024-11-30,1,Incorrect item,1,36.45,0.0,Completed
R0006930,SL000139612,O00081260,2025-06-24,20,Changed mind,1,381.11,0.0,Completed
R0006931,SL000139633,O00081270,2023-11-02,15,Changed mind,2,70.0,0.0,Completed
R0006932,SL000139634,O00081271,2025-11-17,15,Incorrect item,1,443.11,0.0,Completed
R0006933,SL000139636,O00081272,2023-05-11,26,Changed mind,1,129.34,22.83,Completed
R0006934,SL000139671,O00081293,2025-10-05,1,Not as described,1,29.23,0.0,Completed
R0006935,SL000139691,O00081306,2023-04-26,11,Size or fit issue,1,407.28,0.0,Completed
R0006936,SL000139697,O00081310,2025-12-17,3,Changed mind,2,118.52,20.91,Completed
R0006937,SL000139737,O00081335,2025-08-02,7,Changed mind,1,73.17,12.91,Completed
R0006938,SL000139746,O00081340,2024-02-15,6,Changed mind,1,122.88,0.0,Pending
R0006939,SL000139750,O00081342,2023-11-16,4,Faulty product,1,151.68,0.0,Completed
R0006940,SL000139826,O00081385,2023-12-10,14,Changed mind,1,125.75,22.19,Completed
R0006941,SL000139834,O00081390,2023-12-13,1,Faulty product,1,60.68,0.0,Completed
R0006942,SL000139847,O00081396,2025-07-01,7,Not as described,4,60.29,0.0,Completed
R0006943,SL000139866,O00081405,2025-02-24,5,Incorrect item,1,33.25,0.0,Completed
R0006944,SL000139875,O00081410,2025-05-29,6,Changed mind,2,71.54,0.0,Pending
R0006945,SL000139892,O00081419,2025-06-23,5,Damaged item,1,24.68,0.0,Completed
R0006946,SL000139904,O00081425,2023-01-20,10,Damaged item,1,35.0,0.0,Completed
R0006947,SL000139972,O00081467,2024-07-25,6,Changed mind,1,77.6,0.0,Completed
R0006948,SL000139985,O00081477,2024-02-18,2,Incorrect item,3,35.64,0.0,Completed
R0006949,SL000140015,O00081492,2024-05-12,18,Faulty product,1,92.16,0.0,Completed
R0006950,SL000140026,O00081498,2026-01-01,11,Faulty product,1,137.6,0.0,Completed
R0006951,SL000140056,O00081515,2023-04-21,5,Size or fit issue,1,57.54,0.0,Completed
R0006952,SL000140064,O00081520,2024-02-13,19,Not as described,1,56.79,0.0,Completed
R0006953,SL000140073,O00081525,2025-10-04,3,Damaged item,1,34.84,0.0,Completed
R0006954,SL000140092,O00081536,2024-12-28,7,Damaged item,3,93.9,0.0,Completed
R0006955,SL000140157,O00081568,2023-07-14,10,Faulty product,1,91.04,0.0,Completed
R0006956,SL000140160,O00081570,2023-01-19,11,Changed mind,1,2.79,0.0,Completed
R0006957,SL000140165,O00081573,2024-09-29,11,Size or fit issue,3,44.45,0.0,Completed
R0006958,SL000140186,O00081584,2025-06-22,18,Incorrect item,1,229.31,0.0,Completed
R0006959,SL000140189,O00081585,2023-12-15,5,Size or fit issue,1,30.8,0.0,Completed
R0006960,SL000140214,O00081601,2023-12-21,11,Damaged item,2,61.6,0.0,Completed
R0006961,SL000140284,O00081649,2023-02-02,8,Late delivery,1,30.8,0.0,Completed
R0006962,SL000140296,O00081658,2023-12-11,16,Changed mind,1,162.51,0.0,Completed
R0006963,SL000140301,O00081661,2024-05-13,6,Late delivery,2,369.56,0.0,Completed
R0006964,SL000140320,O00081673,2026-01-10,15,Changed mind,3,87.47,15.44,Completed
R0006965,SL000140346,O00081689,2023-01-19,3,Damaged item,4,167.03,0.0,Completed
R0006966,SL000140359,O00081696,2024-06-02,4,Size or fit issue,1,276.83,0.0,Completed
R0006967,SL000140364,O00081697,2024-08-23,5,Late delivery,1,76.83,0.0,Completed
R0006968,SL000140376,O00081707,2024-04-06,4,Size or fit issue,1,49.81,0.0,Completed
R0006969,SL000140401,O00081721,2025-11-11,15,Not as described,1,14.85,0.0,Completed
R0006970,SL000140414,O00081729,2025-11-25,10,Changed mind,1,15.51,2.74,Completed
R0006971,SL000140459,O00081751,2024-04-10,3,Late delivery,2,38.12,0.0,Completed
R0006972,SL000140480,O00081763,2025-11-09,6,Changed mind,3,102.9,0.0,Completed
R0006973,SL000140498,O00081774,2024-09-29,1,Incorrect item,1,77.72,0.0,Pending
R0006974,SL000140512,O00081780,2024-12-16,4,Changed mind,1,7.04,0.0,Completed
R0006975,SL000140523,O00081784,2024-12-26,5,Changed mind,1,98.13,17.32,Completed
R0006976,SL000140552,O00081801,2023-09-17,7,Size or fit issue,1,103.11,0.0,Completed
R0006977,SL000140555,O00081803,2024-11-17,15,Size or fit issue,1,244.83,0.0,Completed
R0006978,SL000140571,O00081812,2023-07-25,4,Damaged item,1,32.9,0.0,Completed
R0006979,SL000140581,O00081818,2024-05-09,9,Not as described,2,13.48,0.0,Completed
R0006980,SL000140598,O00081828,2023-02-08,10,Not as described,1,43.88,0.0,Completed
R0006981,SL000140610,O00081833,2024-11-29,2,Not as described,2,18.0,0.0,Completed
R0006982,SL000140646,O00081856,2024-04-07,2,Size or fit issue,1,49.7,0.0,Pending
R0006983,SL000140649,O00081858,2025-07-21,12,Changed mind,1,128.02,0.0,Completed
R0006984,SL000140663,O00081867,2024-07-09,11,Faulty product,1,9.72,0.0,Completed
R0006985,SL000140716,O00081899,2025-09-04,10,Faulty product,1,84.16,0.0,Pending
R0006986,SL000140719,O00081901,2024-10-01,2,Incorrect item,1,6.74,0.0,Completed
R0006987,SL000140729,O00081905,2024-08-23,31,Size or fit issue,1,128.7,0.0,Completed
R0006988,SL000140743,O00081914,2025-09-06,5,Faulty product,1,156.37,0.0,Completed
R0006989,SL000140771,O00081931,2024-03-25,11,Size or fit issue,1,334.43,0.0,Completed
R0006990,SL000140781,O00081936,2023-03-12,16,Damaged item,1,177.31,0.0,Completed
R0006991,SL000140783,O00081937,2025-07-17,5,Changed mind,1,29.45,5.2,Completed
R0006992,SL000140827,O00081967,2023-01-07,4,Not as described,1,22.55,0.0,Completed
R0006993,SL000140877,O00082003,2025-12-09,19,Late delivery,1,23.45,0.0,Completed
R0006994,SL000140899,O00082018,2023-04-09,2,Changed mind,1,156.37,0.0,Completed
R0006995,SL000140919,O00082034,2023-05-03,6,Changed mind,4,133.32,0.0,Completed
R0006996,SL000140921,O00082035,2024-02-11,30,Changed mind,1,31.19,0.0,Completed
R0006997,SL000140933,O00082044,2025-12-05,5,Faulty product,1,63.24,0.0,Completed
R0006998,SL000140961,O00082058,2023-02-01,13,Late delivery,2,300.56,0.0,Completed
R0006999,SL000140985,O00082070,2023-04-04,17,Damaged item,1,549.47,0.0,Completed
R0007000,SL000140996,O00082075,2025-10-29,38,Incorrect item,1,24.26,0.0,Completed
R0007001,SL000141004,O00082078,2025-02-22,8,Changed mind,1,290.41,0.0,Completed
R0007002,SL000141009,O00082080,2025-01-22,8,Not as described,1,192.71,0.0,Completed
R0007003,SL000141033,O00082094,2024-01-18,13,Changed mind,1,25.02,4.41,Completed
R0007004,SL000141036,O00082095,2025-03-29,11,Changed mind,2,38.16,0.0,Completed
R0007005,SL000141066,O00082113,2025-06-17,7,Damaged item,3,46.38,0.0,Completed
R0007006,SL000141101,O00082130,2025-01-11,33,Faulty product,1,89.21,0.0,Completed
R0007007,SL000141120,O00082142,2024-01-21,8,Changed mind,1,54.3,9.58,Completed
R0007008,SL000141138,O00082152,2025-02-17,11,Not as described,1,25.44,0.0,Completed
R0007009,SL000141162,O00082169,2023-02-06,20,Late delivery,4,48.0,0.0,Completed
R0007010,SL000141232,O00082208,2025-10-03,11,Changed mind,1,7.76,0.0,Completed
R0007011,SL000141238,O00082212,2023-08-09,25,Changed mind,2,15.52,0.0,Pending
R0007012,SL000141242,O00082213,2024-02-26,8,Not as described,1,272.54,0.0,Completed
R0007013,SL000141268,O00082231,2024-12-27,19,Changed mind,1,25.93,0.0,Completed
R0007014,SL000141277,O00082235,2024-11-24,9,Incorrect item,1,33.25,0.0,Completed
R0007015,SL000141281,O00082237,2023-07-14,9,Faulty product,1,191.85,0.0,Completed
R0007016,SL000141324,O00082261,2024-12-11,14,Not as described,1,10.09,0.0,Completed
R0007017,SL000141339,O00082274,2025-11-27,3,Faulty product,2,48.3,0.0,Completed
R0007018,SL000141373,O00082293,2023-12-03,15,Changed mind,1,33.95,0.0,Completed
R0007019,SL000141407,O00082313,2025-03-25,3,Faulty product,1,30.57,0.0,Completed
R0007020,SL000141432,O00082327,2024-10-28,9,Late delivery,3,133.02,0.0,Completed
R0007021,SL000141442,O00082335,2024-09-25,5,Changed mind,2,8.58,0.0,Completed
R0007022,SL000141447,O00082336,2024-06-16,13,Damaged item,1,14.85,0.0,Completed
R0007023,SL000141456,O00082340,2025-01-09,14,Changed mind,1,40.09,7.08,Completed
R0007024,SL000141492,O00082364,2023-01-12,5,Size or fit issue,1,293.7,0.0,Completed
R0007025,SL000141493,O00082364,2023-01-23,16,Changed mind,1,100.24,17.69,Completed
R0007026,SL000141512,O00082374,2024-09-20,7,Faulty product,1,34.65,0.0,Completed
R0007027,SL000141518,O00082377,2023-11-10,11,Faulty product,1,19.66,0.0,Completed
R0007028,SL000141525,O00082382,2025-11-01,4,Faulty product,1,14.16,0.0,Completed
R0007029,SL000141526,O00082383,2024-10-11,6,Not as described,1,41.97,0.0,Completed
R0007030,SL000141536,O00082388,2025-02-12,15,Damaged item,1,40.75,0.0,Completed
R0007031,SL000141538,O00082390,2023-12-23,8,Changed mind,2,74.12,0.0,Completed
R0007032,SL000141556,O00082398,2023-12-14,26,Damaged item,1,75.34,0.0,Completed
R0007033,SL000141559,O00082399,2024-01-31,9,Faulty product,4,31.04,0.0,Completed
R0007034,SL000141570,O00082407,2023-11-29,6,Damaged item,1,5.84,0.0,Completed
R0007035,SL000141571,O00082407,2023-12-04,11,Late delivery,1,309.53,0.0,Completed
R0007036,SL000141579,O00082412,2023-06-18,36,Late delivery,4,87.49,0.0,Completed
R0007037,SL000141591,O00082419,2025-01-05,1,Faulty product,1,39.83,0.0,Completed
R0007038,SL000141618,O00082434,2025-10-30,16,Changed mind,1,34.65,0.0,Completed
R0007039,SL000141632,O00082439,2024-12-26,7,Changed mind,1,59.86,0.0,Completed
R0007040,SL000141635,O00082439,2024-12-24,5,Changed mind,1,92.12,0.0,Completed
R0007041,SL000141638,O00082440,2023-04-03,11,Changed mind,1,38.46,6.79,Completed
R0007042,SL000141647,O00082444,2023-11-17,3,Changed mind,3,103.95,0.0,Completed
R0007043,SL000141674,O00082462,2024-10-21,17,Changed mind,2,16.0,0.0,Completed
R0007044,SL000141684,O00082468,2025-12-02,15,Not as described,1,18.35,0.0,Completed
R0007045,SL000141698,O00082478,2023-03-13,6,Damaged item,1,255.14,0.0,Completed
R0007046,SL000141720,O00082491,2025-11-05,4,Late delivery,1,75.2,0.0,Completed
R0007047,SL000141776,O00082529,2025-08-07,6,Faulty product,1,100.69,0.0,Completed
R0007048,SL000141777,O00082529,2025-08-06,5,Late delivery,1,78.51,0.0,Completed
R0007049,SL000141778,O00082529,2025-08-17,16,Not as described,1,31.29,0.0,Completed
R0007050,SL000141780,O00082530,2023-01-27,10,Changed mind,1,226.79,0.0,Completed
R0007051,SL000141810,O00082545,2024-10-16,8,Damaged item,1,34.3,0.0,Completed
R0007052,SL000141812,O00082546,2024-03-13,34,Incorrect item,3,23.76,0.0,Pending
R0007053,SL000141837,O00082558,2023-04-12,7,Changed mind,2,21.11,3.72,Completed
R0007054,SL000141847,O00082564,2024-10-16,3,Changed mind,2,105.77,0.0,Completed
R0007055,SL000141869,O00082578,2024-10-19,6,Changed mind,1,154.81,0.0,Completed
R0007056,SL000141883,O00082587,2025-10-20,20,Not as described,2,15.84,0.0,Completed
R0007057,SL000141913,O00082603,2023-04-27,7,Incorrect item,1,46.7,0.0,Pending
R0007058,SL000141972,O00082639,2024-02-05,13,Incorrect item,1,11.88,0.0,Completed
R0007059,SL000141982,O00082643,2023-09-19,23,Changed mind,1,17.67,0.0,Completed
R0007060,SL000141993,O00082651,2023-01-25,8,Faulty product,1,11.4,0.0,Completed
R0007061,SL000142008,O00082660,2024-07-23,1,Incorrect item,1,89.4,0.0,Completed
R0007062,SL000142049,O00082679,2025-05-19,9,Damaged item,1,80.0,0.0,Completed
R0007063,SL000142071,O00082689,2024-05-10,1,Incorrect item,1,186.66,0.0,Completed
R0007064,SL000142082,O00082695,2023-07-18,2,Changed mind,1,43.96,7.76,Completed
R0007065,SL000142085,O00082696,2024-12-03,8,Incorrect item,2,26.28,0.0,Completed
R0007066,SL000142105,O00082709,2023-06-12,5,Faulty product,1,560.16,0.0,Completed
R0007067,SL000142149,O00082732,2024-09-16,3,Changed mind,3,51.65,0.0,Completed
R0007068,SL000142173,O00082747,2025-04-12,8,Incorrect item,1,14.85,0.0,Completed
R0007069,SL000142198,O00082766,2023-10-09,7,Damaged item,1,28.8,0.0,Completed
R0007070,SL000142213,O00082775,2023-07-17,7,Size or fit issue,1,190.77,0.0,Completed
R0007071,SL000142222,O00082781,2025-08-22,13,Faulty product,1,177.34,0.0,Completed
R0007072,SL000142225,O00082783,2023-12-23,1,Incorrect item,1,377.88,0.0,Completed
R0007073,SL000142241,O00082791,2024-11-07,9,Faulty product,1,73.01,0.0,Completed
R0007074,SL000142287,O00082822,2024-10-12,3,Changed mind,4,82.12,0.0,Completed
R0007075,SL000142292,O00082825,2024-07-27,17,Changed mind,4,84.84,0.0,Completed
R0007076,SL000142312,O00082840,2024-11-14,12,Not as described,1,300.25,0.0,Completed
R0007077,SL000142316,O00082841,2025-01-09,10,Changed mind,1,60.57,0.0,Completed
R0007078,SL000142320,O00082844,2024-12-20,6,Faulty product,2,47.78,0.0,Completed
R0007079,SL000142328,O00082849,2024-05-18,18,Size or fit issue,1,12.0,0.0,Completed
R0007080,SL000142355,O00082859,2025-01-30,9,Faulty product,1,24.36,0.0,Completed
R0007081,SL000142436,O00082903,2025-10-29,2,Size or fit issue,3,33.98,0.0,Completed
R0007082,SL000142445,O00082911,2024-01-05,22,Faulty product,4,28.16,0.0,Completed
R0007083,SL000142458,O00082917,2023-09-30,12,Changed mind,1,3.22,0.0,Completed
R0007084,SL000142461,O00082919,2023-02-27,38,Not as described,2,59.5,0.0,Completed
R0007085,SL000142466,O00082922,2023-02-04,7,Not as described,1,76.89,0.0,Completed
R0007086,SL000142477,O00082925,2025-02-09,11,Not as described,1,12.0,0.0,Completed
R0007087,SL000142567,O00082977,2023-10-11,8,Damaged item,1,33.79,0.0,Completed
R0007088,SL000142585,O00082987,2023-10-04,19,Damaged item,1,33.24,0.0,Pending
R0007089,SL000142589,O00082990,2025-01-18,1,Changed mind,1,28.7,0.0,Completed
R0007090,SL000142620,O00083007,2025-11-27,9,Changed mind,1,16.83,0.0,Completed
R0007091,SL000142625,O00083009,2024-05-04,6,Late delivery,1,245.7,0.0,Completed
R0007092,SL000142645,O00083022,2024-09-11,33,Not as described,1,238.33,0.0,Completed
R0007093,SL000142671,O00083037,2023-04-20,4,Damaged item,2,32.03,0.0,Completed
R0007094,SL000142762,O00083088,2024-05-13,13,Changed mind,1,12.0,0.0,Completed
R0007095,SL000142778,O00083097,2025-03-26,29,Changed mind,1,137.27,0.0,Completed
R0007096,SL000142786,O00083101,2024-12-01,9,Changed mind,1,72.18,0.0,Completed
R0007097,SL000142793,O00083106,2025-06-19,5,Faulty product,1,170.99,0.0,Completed
R0007098,SL000142807,O00083112,2025-12-05,13,Faulty product,2,51.1,0.0,Completed
R0007099,SL000142826,O00083122,2026-01-05,15,Late delivery,1,215.13,0.0,Completed
R0007100,SL000142854,O00083137,2025-05-22,5,Not as described,3,117.11,0.0,Completed
R0007101,SL000142877,O00083150,2024-12-19,17,Size or fit issue,1,56.25,0.0,Completed
R0007102,SL000142892,O00083157,2024-05-28,12,Late delivery,1,40.23,0.0,Completed
R0007103,SL000142896,O00083160,2024-05-31,5,Changed mind,1,27.02,0.0,Completed
R0007104,SL000142898,O00083161,2023-03-17,9,Faulty product,1,29.79,0.0,Pending
R0007105,SL000142921,O00083175,2024-09-25,4,Not as described,1,21.0,0.0,Completed
R0007106,SL000142940,O00083189,2025-05-20,8,Not as described,1,107.92,0.0,Completed
R0007107,SL000143020,O00083237,2023-12-27,10,Late delivery,1,50.64,0.0,Completed
R0007108,SL000143070,O00083264,2023-04-22,3,Faulty product,1,35.19,0.0,Completed
R0007109,SL000143095,O00083279,2024-12-03,7,Changed mind,1,8.76,0.0,Completed
R0007110,SL000143108,O00083287,2024-01-12,24,Not as described,1,78.69,0.0,Completed
R0007111,SL000143115,O00083289,2025-10-19,3,Damaged item,1,173.14,0.0,Completed
R0007112,SL000143130,O00083296,2023-08-07,1,Changed mind,1,201.96,0.0,Completed
R0007113,SL000143135,O00083300,2023-09-02,12,Changed mind,1,154.81,0.0,Completed
R0007114,SL000143137,O00083301,2024-12-21,8,Changed mind,2,227.66,0.0,Completed
R0007115,SL000143152,O00083308,2023-12-21,26,Late delivery,1,70.79,0.0,Completed
R0007116,SL000143158,O00083312,2024-11-04,6,Late delivery,2,47.82,0.0,Pending
R0007117,SL000143199,O00083334,2024-08-17,13,Damaged item,2,51.45,0.0,Completed
R0007118,SL000143205,O00083338,2023-03-24,2,Faulty product,1,23.26,0.0,Completed
R0007119,SL000143219,O00083348,2023-09-11,6,Changed mind,1,80.0,0.0,Completed
R0007120,SL000143220,O00083348,2023-09-08,3,Damaged item,1,31.19,0.0,Completed
R0007121,SL000143221,O00083348,2023-09-19,14,Faulty product,4,140.0,0.0,Completed
R0007122,SL000143222,O00083348,2023-09-09,4,Changed mind,1,66.73,11.78,Completed
R0007123,SL000143223,O00083349,2024-06-23,7,Damaged item,1,12.78,0.0,Completed
R0007124,SL000143229,O00083352,2023-01-22,18,Changed mind,1,83.76,0.0,Completed
R0007125,SL000143268,O00083373,2025-12-24,9,Not as described,1,196.23,0.0,Completed
R0007126,SL000143275,O00083376,2024-12-22,10,Changed mind,1,172.62,0.0,Completed
R0007127,SL000143310,O00083391,2024-03-31,16,Faulty product,1,281.7,0.0,Completed
R0007128,SL000143316,O00083395,2025-01-22,7,Changed mind,3,43.65,0.0,Completed
R0007129,SL000143323,O00083399,2024-07-13,16,Changed mind,1,122.89,21.69,Completed
R0007130,SL000143337,O00083412,2024-02-22,6,Changed mind,1,40.05,0.0,Completed
R0007131,SL000143360,O00083424,2025-10-27,16,Incorrect item,2,58.39,0.0,Completed
R0007132,SL000143365,O00083429,2025-09-13,6,Changed mind,4,150.76,26.6,Completed
R0007133,SL000143383,O00083438,2023-05-09,5,Changed mind,1,42.61,0.0,Completed
R0007134,SL000143392,O00083442,2025-03-12,8,Damaged item,1,30.04,0.0,Completed
R0007135,SL000143411,O00083453,2025-01-13,16,Not as described,1,32.33,0.0,Completed
R0007136,SL000143425,O00083463,2025-03-16,11,Changed mind,1,93.09,0.0,Completed
R0007137,SL000143427,O00083465,2025-12-27,13,Incorrect item,2,13.6,0.0,Completed
R0007138,SL000143445,O00083475,2023-11-17,2,Changed mind,1,11.76,0.0,Completed
R0007139,SL000143456,O00083483,2025-12-24,6,Not as described,1,390.99,0.0,Completed
R0007140,SL000143475,O00083492,2023-10-15,8,Faulty product,2,296.58,0.0,Completed
R0007141,SL000143485,O00083500,2023-12-07,4,Size or fit issue,4,61.95,0.0,Completed
R0007142,SL000143505,O00083510,2024-04-19,5,Changed mind,1,14.69,0.0,Completed
R0007143,SL000143518,O00083515,2023-04-08,15,Faulty product,1,111.58,0.0,Completed
R0007144,SL000143532,O00083524,2025-10-02,5,Incorrect item,3,50.04,0.0,Completed
R0007145,SL000143548,O00083535,2025-11-02,13,Not as described,1,34.3,0.0,Completed
R0007146,SL000143598,O00083558,2023-09-29,27,Not as described,2,70.0,0.0,Completed
R0007147,SL000143599,O00083559,2023-11-21,4,Faulty product,1,153.24,0.0,Completed
R0007148,SL000143639,O00083582,2025-07-27,3,Damaged item,3,8.91,0.0,Completed
R0007149,SL000143641,O00083584,2024-04-25,6,Not as described,2,353.41,0.0,Completed
R0007150,SL000143649,O00083589,2024-03-30,4,Changed mind,1,377.88,0.0,Completed
R0007151,SL000143686,O00083612,2024-12-13,10,Changed mind,1,182.61,32.23,Pending
R0007152,SL000143711,O00083627,2025-11-12,13,Damaged item,1,120.31,0.0,Completed
R0007153,SL000143732,O00083637,2025-10-21,5,Incorrect item,1,149.79,0.0,Completed
R0007154,SL000143845,O00083709,2024-01-19,17,Not as described,2,28.52,0.0,Completed
R0007155,SL000143857,O00083716,2023-08-20,2,Changed mind,1,80.13,0.0,Completed
R0007156,SL000143861,O00083717,2023-05-16,13,Faulty product,1,71.6,0.0,Completed
R0007157,SL000143885,O00083734,2024-06-10,10,Changed mind,2,38.88,0.0,Completed
R0007158,SL000143889,O00083735,2025-11-30,6,Faulty product,1,99.77,0.0,Completed
R0007159,SL000143899,O00083740,2026-01-12,13,Changed mind,4,133.0,0.0,Completed
R0007160,SL000143902,O00083741,2024-11-16,20,Changed mind,1,20.1,0.0,Completed
R0007161,SL000143907,O00083744,2023-06-12,15,Faulty product,1,94.06,0.0,Completed
R0007162,SL000143912,O00083746,2024-09-26,22,Not as described,1,96.01,0.0,Completed
R0007163,SL000143917,O00083751,2025-03-03,7,Not as described,1,89.22,0.0,Completed
R0007164,SL000143940,O00083766,2024-04-01,10,Changed mind,3,60.97,0.0,Completed
R0007165,SL000143945,O00083770,2023-11-30,12,Changed mind,1,106.39,0.0,Completed
R0007166,SL000143951,O00083774,2025-10-31,11,Incorrect item,1,34.3,0.0,Completed
R0007167,SL000143978,O00083788,2024-07-18,16,Late delivery,2,65.44,0.0,Completed
R0007168,SL000143979,O00083789,2025-12-25,10,Faulty product,1,10.2,0.0,Completed
R0007169,SL000143999,O00083799,2025-03-22,16,Faulty product,1,399.13,0.0,Pending
R0007170,SL000144019,O00083808,2024-01-10,12,Not as described,1,46.91,0.0,Completed
R0007171,SL000144051,O00083827,2026-01-04,4,Size or fit issue,4,32.0,0.0,Completed
R0007172,SL000144078,O00083841,2024-12-21,6,Not as described,1,76.89,0.0,Completed
R0007173,SL000144085,O00083843,2024-12-23,31,Not as described,1,209.1,0.0,Completed
R0007174,SL000144096,O00083849,2025-12-16,18,Changed mind,1,22.07,0.0,Completed
R0007175,SL000144104,O00083853,2026-01-04,20,Changed mind,1,140.84,0.0,Completed
R0007176,SL000144124,O00083865,2024-02-10,6,Changed mind,1,392.9,0.0,Completed
R0007177,SL000144127,O00083868,2025-12-15,6,Not as described,1,382.84,0.0,Pending
R0007178,SL000144143,O00083882,2025-10-27,2,Faulty product,3,170.89,0.0,Completed
R0007179,SL000144144,O00083882,2025-11-09,15,Changed mind,1,39.17,0.0,Pending
R0007180,SL000144150,O00083885,2023-11-10,31,Faulty product,1,42.64,0.0,Completed
R0007181,SL000144169,O00083896,2025-07-20,15,Damaged item,1,148.86,0.0,Completed
R0007182,SL000144176,O00083899,2023-12-29,2,Faulty product,2,92.88,0.0,Completed
R0007183,SL000144182,O00083903,2025-07-07,1,Changed mind,1,19.72,0.0,Completed
R0007184,SL000144248,O00083944,2026-01-06,9,Changed mind,1,124.12,0.0,Completed
R0007185,SL000144275,O00083960,2025-05-19,5,Size or fit issue,1,34.3,0.0,Completed
R0007186,SL000144299,O00083976,2026-01-03,17,Faulty product,1,43.07,0.0,Completed
R0007187,SL000144357,O00084008,2023-03-02,5,Damaged item,1,63.88,0.0,Completed
R0007188,SL000144385,O00084023,2024-10-03,11,Faulty product,1,74.19,0.0,Completed
R0007189,SL000144387,O00084024,2024-05-08,12,Changed mind,1,668.31,0.0,Completed
R0007190,SL000144403,O00084031,2025-02-15,33,Damaged item,1,215.04,0.0,Completed
R0007191,SL000144438,O00084052,2025-07-10,4,Changed mind,1,207.31,0.0,Completed
R0007192,SL000144443,O00084055,2024-12-19,2,Size or fit issue,1,30.8,0.0,Completed
R0007193,SL000144460,O00084064,2023-01-17,2,Changed mind,1,66.4,0.0,Completed
R0007194,SL000144479,O00084074,2024-08-20,17,Faulty product,1,8.12,0.0,Completed
R0007195,SL000144487,O00084079,2024-12-28,19,Changed mind,1,54.13,9.55,Completed
R0007196,SL000144513,O00084091,2025-12-20,1,Damaged item,1,38.75,0.0,Completed
R0007197,SL000144531,O00084099,2025-11-09,13,Faulty product,1,34.3,0.0,Completed
R0007198,SL000144552,O00084113,2025-04-10,4,Faulty product,1,386.65,0.0,Pending
R0007199,SL000144560,O00084117,2025-08-06,5,Size or fit issue,2,71.04,0.0,Completed
R0007200,SL000144593,O00084137,2024-02-11,3,Faulty product,3,118.71,0.0,Completed
R0007201,SL000144645,O00084169,2023-12-18,16,Changed mind,1,196.73,0.0,Pending
R0007202,SL000144653,O00084172,2024-01-08,15,Damaged item,2,61.8,0.0,Completed
R0007203,SL000144661,O00084178,2024-12-19,21,Not as described,2,84.93,0.0,Completed
R0007204,SL000144664,O00084179,2023-03-26,13,Size or fit issue,2,53.18,0.0,Completed
R0007205,SL000144687,O00084195,2023-04-09,8,Incorrect item,1,7.55,0.0,Completed
R0007206,SL000144693,O00084199,2023-04-26,2,Faulty product,1,35.0,0.0,Completed
R0007207,SL000144709,O00084210,2023-05-27,21,Damaged item,1,102.62,0.0,Completed
R0007208,SL000144726,O00084220,2025-03-21,9,Not as described,1,95.03,0.0,Completed
R0007209,SL000144733,O00084224,2024-02-03,8,Damaged item,1,153.5,0.0,Completed
R0007210,SL000144735,O00084225,2024-09-11,32,Not as described,1,68.4,0.0,Completed
R0007211,SL000144811,O00084265,2024-12-07,6,Changed mind,1,200.23,0.0,Completed
R0007212,SL000144814,O00084267,2023-11-25,4,Damaged item,1,7.05,0.0,Completed
R0007213,SL000144816,O00084267,2023-11-25,4,Not as described,1,14.08,0.0,Completed
R0007214,SL000144824,O00084271,2025-01-30,21,Changed mind,1,323.16,0.0,Completed
R0007215,SL000144851,O00084286,2023-07-21,14,Not as described,3,61.45,0.0,Completed
R0007216,SL000144873,O00084300,2024-02-09,6,Not as described,1,403.21,0.0,Completed
R0007217,SL000144911,O00084323,2025-03-17,11,Faulty product,3,23.52,0.0,Completed
R0007218,SL000144936,O00084340,2025-05-27,10,Size or fit issue,1,151.68,0.0,Completed
R0007219,SL000144976,O00084366,2025-08-17,22,Faulty product,4,133.0,0.0,Pending
R0007220,SL000145007,O00084386,2024-01-14,10,Incorrect item,1,100.69,0.0,Completed
R0007221,SL000145017,O00084390,2025-03-29,41,Damaged item,1,17.65,0.0,Completed
R0007222,SL000145037,O00084400,2024-12-20,5,Damaged item,1,14.85,0.0,Pending
R0007223,SL000145068,O00084418,2025-09-02,9,Changed mind,1,200.23,0.0,Completed
R0007224,SL000145072,O00084419,2023-05-08,13,Faulty product,1,14.55,0.0,Completed
R0007225,SL000145106,O00084436,2023-07-14,6,Faulty product,1,228.85,0.0,Completed
R0007226,SL000145175,O00084468,2024-01-01,3,Changed mind,1,53.43,0.0,Completed
R0007227,SL000145187,O00084473,2024-12-27,8,Faulty product,2,100.12,0.0,Completed
R0007228,SL000145213,O00084488,2025-12-14,16,Size or fit issue,4,42.0,0.0,Completed
R0007229,SL000145225,O00084496,2023-03-10,13,Damaged item,1,131.41,0.0,Completed
R0007230,SL000145272,O00084529,2024-01-04,12,Size or fit issue,1,15.0,0.0,Completed
R0007231,SL000145341,O00084569,2025-05-17,16,Incorrect item,2,66.9,0.0,Completed
R0007232,SL000145350,O00084576,2024-09-03,10,Late delivery,4,12.0,0.0,Completed
R0007233,SL000145358,O00084581,2024-11-29,10,Size or fit issue,1,6.72,0.0,Completed
R0007234,SL000145360,O00084582,2024-04-20,30,Changed mind,1,130.66,0.0,Completed
R0007235,SL000145384,O00084598,2024-03-05,6,Changed mind,1,86.49,0.0,Pending
R0007236,SL000145411,O00084613,2024-08-19,20,Changed mind,2,51.7,0.0,Completed
R0007237,SL000145419,O00084619,2025-05-05,10,Late delivery,1,136.99,0.0,Completed
R0007238,SL000145429,O00084623,2025-04-09,16,Faulty product,1,64.25,0.0,Completed
R0007239,SL000145454,O00084638,2024-02-27,17,Changed mind,2,13.6,2.4,Completed
R0007240,SL000145554,O00084691,2023-04-08,16,Incorrect item,3,56.51,0.0,Completed
R0007241,SL000145637,O00084738,2025-02-22,20,Not as described,1,16.95,0.0,Completed
R0007242,SL000145726,O00084787,2023-02-02,19,Size or fit issue,1,8.2,0.0,Completed
R0007243,SL000145755,O00084804,2024-03-16,5,Incorrect item,1,7.84,0.0,Completed
R0007244,SL000145782,O00084821,2024-06-19,4,Incorrect item,1,23.44,0.0,Completed
R0007245,SL000145808,O00084835,2025-11-13,18,Changed mind,1,287.51,0.0,Completed
R0007246,SL000145858,O00084863,2025-09-17,1,Changed mind,1,18.34,3.24,Completed
R0007247,SL000145869,O00084867,2025-12-10,12,Damaged item,1,206.19,0.0,Completed
R0007248,SL000145895,O00084880,2023-12-30,8,Faulty product,1,9.84,0.0,Completed
R0007249,SL000145899,O00084883,2024-10-26,10,Damaged item,1,17.85,0.0,Completed
R0007250,SL000145913,O00084890,2023-08-22,8,Incorrect item,1,13.61,0.0,Completed
R0007251,SL000145929,O00084897,2023-06-12,9,Faulty product,1,34.65,0.0,Completed
R0007252,SL000145930,O00084897,2023-06-13,10,Faulty product,1,90.33,0.0,Completed
R0007253,SL000145959,O00084914,2025-07-16,11,Faulty product,1,194.22,0.0,Completed
R0007254,SL000145966,O00084918,2023-11-30,12,Not as described,2,28.94,0.0,Completed
R0007255,SL000145971,O00084923,2025-10-15,12,Not as described,1,142.84,0.0,Completed
R0007256,SL000145976,O00084926,2025-09-26,18,Changed mind,1,67.2,0.0,Completed
R0007257,SL000145983,O00084929,2023-11-27,9,Changed mind,2,35.7,0.0,Completed
R0007258,SL000146003,O00084944,2024-02-12,1,Changed mind,1,96.0,0.0,Completed
R0007259,SL000146010,O00084949,2024-01-01,11,Changed mind,1,95.03,0.0,Completed
R0007260,SL000146017,O00084953,2023-09-07,8,Incorrect item,1,276.83,0.0,Completed
R0007261,SL000146020,O00084956,2023-06-05,20,Damaged item,2,5.64,0.0,Completed
R0007262,SL000146023,O00084957,2023-11-10,26,Damaged item,4,164.52,0.0,Pending
R0007263,SL000146032,O00084962,2024-01-09,17,Size or fit issue,1,25.94,0.0,Completed
R0007264,SL000146056,O00084976,2023-01-10,7,Late delivery,2,80.8,0.0,Completed
R0007265,SL000146120,O00085012,2025-05-23,30,Faulty product,1,142.61,0.0,Completed
R0007266,SL000146134,O00085021,2024-11-28,3,Faulty product,1,129.08,0.0,Completed
R0007267,SL000146135,O00085022,2025-12-09,4,Faulty product,1,29.75,0.0,Completed
R0007268,SL000146148,O00085026,2023-06-29,13,Changed mind,3,75.57,0.0,Completed
R0007269,SL000146157,O00085029,2025-03-15,21,Not as described,1,80.0,0.0,Completed
R0007270,SL000146182,O00085042,2024-03-09,6,Faulty product,1,55.53,0.0,Completed
R0007271,SL000146186,O00085044,2025-01-06,25,Changed mind,1,139.22,0.0,Completed
R0007272,SL000146252,O00085083,2024-03-04,3,Changed mind,1,153.24,0.0,Completed
R0007273,SL000146264,O00085089,2024-12-21,13,Not as described,2,115.6,0.0,Completed
R0007274,SL000146268,O00085092,2025-12-10,13,Changed mind,1,57.6,0.0,Completed
R0007275,SL000146288,O00085104,2024-11-14,5,Changed mind,1,381.7,0.0,Completed
R0007276,SL000146295,O00085109,2023-05-16,16,Damaged item,1,236.16,0.0,Completed
R0007277,SL000146315,O00085125,2024-02-23,6,Damaged item,2,349.84,0.0,Completed
R0007278,SL000146316,O00085125,2024-02-22,5,Damaged item,2,55.51,0.0,Completed
R0007279,SL000146353,O00085151,2025-03-10,18,Size or fit issue,1,40.82,0.0,Completed
R0007280,SL000146360,O00085156,2024-03-18,24,Changed mind,3,69.08,0.0,Completed
R0007281,SL000146397,O00085178,2023-02-13,9,Faulty product,1,511.23,0.0,Completed
R0007282,SL000146399,O00085180,2024-11-16,6,Not as described,1,22.55,0.0,Completed
R0007283,SL000146414,O00085188,2025-01-02,10,Damaged item,1,43.43,0.0,Completed
R0007284,SL000146433,O00085199,2024-05-03,2,Not as described,4,91.18,0.0,Completed
R0007285,SL000146476,O00085223,2024-12-23,1,Late delivery,2,57.56,0.0,Completed
R0007286,SL000146541,O00085258,2025-05-11,3,Changed mind,1,76.89,0.0,Completed
R0007287,SL000146546,O00085263,2024-10-26,6,Faulty product,4,118.9,0.0,Completed
R0007288,SL000146580,O00085283,2024-10-10,5,Faulty product,4,203.03,0.0,Completed
R0007289,SL000146588,O00085287,2025-01-03,8,Incorrect item,1,59.87,0.0,Completed
R0007290,SL000146613,O00085304,2023-07-05,14,Late delivery,1,59.22,0.0,Completed
R0007291,SL000146615,O00085304,2023-07-02,11,Damaged item,1,157.67,0.0,Completed
R0007292,SL000146690,O00085349,2025-07-17,35,Not as described,1,115.84,0.0,Completed
R0007293,SL000146725,O00085369,2024-08-31,8,Size or fit issue,1,11.4,0.0,Completed
R0007294,SL000146767,O00085393,2025-06-21,8,Incorrect item,1,40.5,0.0,Completed
R0007295,SL000146847,O00085435,2023-06-05,10,Damaged item,1,143.21,0.0,Completed
R0007296,SL000146856,O00085440,2025-10-02,28,Changed mind,4,73.76,0.0,Completed
R0007297,SL000146858,O00085442,2023-10-18,27,Changed mind,1,249.99,0.0,Completed
R0007298,SL000146867,O00085445,2024-03-08,8,Changed mind,1,106.39,0.0,Completed
R0007299,SL000146904,O00085468,2023-12-05,26,Size or fit issue,3,69.18,0.0,Completed
R0007300,SL000146922,O00085476,2023-01-17,5,Size or fit issue,2,8.49,0.0,Completed
R0007301,SL000146931,O00085483,2024-08-27,5,Damaged item,1,109.68,0.0,Completed
R0007302,SL000146952,O00085497,2024-01-16,16,Faulty product,1,33.79,0.0,Completed
R0007303,SL000146956,O00085498,2025-06-07,9,Incorrect item,1,138.41,0.0,Completed
R0007304,SL000146970,O00085508,2025-04-19,4,Faulty product,1,40.71,0.0,Completed
R0007305,SL000146985,O00085517,2025-07-05,12,Size or fit issue,1,2.31,0.0,Completed
R0007306,SL000147000,O00085525,2023-12-13,18,Changed mind,1,15.72,0.0,Completed
R0007307,SL000147007,O00085528,2024-07-17,23,Incorrect item,1,121.33,0.0,Completed
R0007308,SL000147021,O00085534,2025-12-20,9,Damaged item,1,370.25,0.0,Completed
R0007309,SL000147025,O00085536,2023-01-20,6,Faulty product,1,25.68,0.0,Completed
R0007310,SL000147026,O00085536,2023-01-20,6,Changed mind,1,194.22,0.0,Completed
R0007311,SL000147030,O00085540,2023-07-15,9,Late delivery,1,243.24,0.0,Completed
R0007312,SL000147044,O00085549,2025-05-13,2,Changed mind,1,188.82,0.0,Completed
R0007313,SL000147055,O00085554,2023-08-22,24,Damaged item,1,10.75,0.0,Completed
R0007314,SL000147083,O00085574,2025-07-20,15,Damaged item,1,77.6,0.0,Completed
R0007315,SL000147122,O00085598,2024-09-18,6,Changed mind,2,33.47,5.91,Completed
R0007316,SL000147212,O00085652,2024-04-07,13,Faulty product,1,34.65,0.0,Completed
R0007317,SL000147215,O00085654,2025-03-13,18,Changed mind,1,217.03,0.0,Completed
R0007318,SL000147217,O00085656,2024-08-13,2,Changed mind,3,76.0,0.0,Completed
R0007319,SL000147223,O00085659,2024-05-15,7,Changed mind,1,151.72,26.77,Completed
R0007320,SL000147282,O00085689,2024-12-20,9,Not as described,1,11.44,0.0,Completed
R0007321,SL000147337,O00085723,2025-09-08,6,Late delivery,1,64.47,0.0,Completed
R0007322,SL000147341,O00085726,2025-10-01,4,Changed mind,1,16.34,0.0,Completed
R0007323,SL000147355,O00085732,2025-06-09,1,Not as described,2,33.1,0.0,Completed
R0007324,SL000147365,O00085738,2024-07-07,8,Changed mind,1,15.83,0.0,Completed
R0007325,SL000147384,O00085747,2023-10-09,12,Incorrect item,1,18.25,0.0,Completed
R0007326,SL000147386,O00085747,2023-10-13,16,Changed mind,1,45.07,7.95,Completed
R0007327,SL000147453,O00085789,2025-06-05,4,Changed mind,4,71.4,0.0,Completed
R0007328,SL000147456,O00085790,2024-12-04,7,Changed mind,1,58.4,0.0,Completed
R0007329,SL000147483,O00085805,2025-12-20,6,Changed mind,1,83.3,0.0,Completed
R0007330,SL000147565,O00085857,2023-11-30,14,Changed mind,1,281.7,0.0,Completed
R0007331,SL000147573,O00085859,2023-03-01,10,Size or fit issue,1,10.78,0.0,Completed
R0007332,SL000147615,O00085882,2024-05-12,6,Changed mind,2,70.0,0.0,Completed
R0007333,SL000147643,O00085897,2024-07-05,16,Late delivery,4,48.0,0.0,Completed
R0007334,SL000147654,O00085903,2025-08-29,39,Damaged item,1,5.44,0.0,Completed
R0007335,SL000147694,O00085921,2024-08-16,6,Changed mind,1,17.67,0.0,Pending
R0007336,SL000147695,O00085921,2024-08-24,14,Faulty product,1,20.32,0.0,Completed
R0007337,SL000147702,O00085926,2023-11-29,7,Changed mind,2,49.9,0.0,Completed
R0007338,SL000147716,O00085934,2026-01-05,15,Not as described,1,61.34,0.0,Completed
R0007339,SL000147808,O00085985,2024-01-07,1,Changed mind,1,7.92,0.0,Completed
R0007340,SL000147906,O00086044,2023-04-02,12,Not as described,2,41.38,0.0,Completed
R0007341,SL000147961,O00086077,2023-11-02,8,Changed mind,1,22.83,0.0,Completed
R0007342,SL000147983,O00086092,2025-01-25,11,Faulty product,1,42.64,0.0,Completed
R0007343,SL000148013,O00086107,2025-05-26,12,Incorrect item,1,151.68,0.0,Completed
R0007344,SL000148016,O00086109,2024-12-12,32,Not as described,1,11.39,0.0,Completed
R0007345,SL000148025,O00086117,2023-09-30,12,Changed mind,1,35.05,0.0,Completed
R0007346,SL000148075,O00086147,2025-12-22,5,Changed mind,1,31.0,0.0,Completed
R0007347,SL000148089,O00086154,2026-01-17,25,Size or fit issue,1,294.25,0.0,Completed
R0007348,SL000148128,O00086181,2025-11-02,15,Faulty product,1,79.33,0.0,Completed
R0007349,SL000148147,O00086192,2025-11-25,19,Faulty product,1,21.21,0.0,Completed
R0007350,SL000148148,O00086192,2025-11-29,23,Incorrect item,3,58.77,0.0,Completed
R0007351,SL000148190,O00086220,2025-07-09,21,Changed mind,1,64.1,0.0,Completed
R0007352,SL000148194,O00086223,2024-01-26,34,Damaged item,2,60.9,0.0,Completed
R0007353,SL000148210,O00086230,2024-07-28,16,Changed mind,1,92.12,0.0,Completed
R0007354,SL000148251,O00086255,2024-11-27,17,Not as described,1,22.83,0.0,Completed
R0007355,SL000148311,O00086290,2023-02-28,1,Changed mind,1,332.16,0.0,Completed
R0007356,SL000148317,O00086293,2023-06-17,7,Late delivery,1,32.9,0.0,Completed
R0007357,SL000148373,O00086327,2025-05-26,18,Incorrect item,4,71.4,0.0,Completed
R0007358,SL000148391,O00086340,2024-09-05,11,Damaged item,1,172.39,0.0,Completed
R0007359,SL000148471,O00086384,2026-01-23,25,Damaged item,1,377.88,0.0,Completed
R0007360,SL000148484,O00086391,2023-06-12,10,Incorrect item,1,176.71,0.0,Completed
R0007361,SL000148493,O00086397,2023-10-30,11,Not as described,1,35.21,0.0,Completed
R0007362,SL000148545,O00086427,2024-09-25,45,Damaged item,1,16.55,0.0,Completed
R0007363,SL000148549,O00086428,2023-04-12,3,Changed mind,1,266.04,0.0,Completed
R0007364,SL000148574,O00086444,2024-02-03,7,Changed mind,3,17.54,0.0,Completed
R0007365,SL000148599,O00086455,2025-11-24,15,Late delivery,2,68.23,0.0,Completed
R0007366,SL000148614,O00086464,2024-08-22,7,Size or fit issue,1,309.76,0.0,Completed
R0007367,SL000148616,O00086465,2025-05-26,4,Not as described,1,63.92,0.0,Completed
R0007368,SL000148649,O00086483,2023-12-14,11,Incorrect item,1,24.75,0.0,Completed
R0007369,SL000148673,O00086501,2025-03-10,11,Incorrect item,1,380.87,0.0,Completed
R0007370,SL000148702,O00086515,2025-12-26,9,Not as described,1,62.14,0.0,Completed
R0007371,SL000148737,O00086534,2024-12-01,3,Late delivery,2,18.0,0.0,Completed
R0007372,SL000148742,O00086538,2025-07-17,43,Changed mind,1,165.46,29.2,Completed
R0007373,SL000148757,O00086545,2024-12-10,10,Late delivery,3,158.69,0.0,Completed
R0007374,SL000148794,O00086565,2025-08-10,25,Size or fit issue,2,102.86,0.0,Completed
R0007375,SL000148822,O00086579,2025-03-02,3,Not as described,1,287.51,0.0,Completed
R0007376,SL000148840,O00086591,2025-12-15,17,Size or fit issue,1,3.17,0.0,Completed
R0007377,SL000148842,O00086593,2025-04-25,9,Changed mind,1,29.09,0.0,Completed
R0007378,SL000148899,O00086624,2025-10-03,9,Incorrect item,2,22.46,0.0,Completed
R0007379,SL000148901,O00086624,2025-10-12,18,Faulty product,1,18.25,0.0,Completed
R0007380,SL000148930,O00086638,2024-09-06,18,Size or fit issue,1,25.28,0.0,Completed
R0007381,SL000148933,O00086640,2026-01-06,15,Changed mind,1,42.18,0.0,Completed
R0007382,SL000148949,O00086648,2023-10-26,5,Changed mind,1,151.8,0.0,Completed
R0007383,SL000148981,O00086670,2023-12-21,13,Faulty product,1,92.16,0.0,Completed
R0007384,SL000148982,O00086671,2023-08-22,13,Faulty product,1,12.0,0.0,Pending
R0007385,SL000149000,O00086683,2025-07-14,6,Changed mind,1,70.87,0.0,Completed
R0007386,SL000149042,O00086702,2025-01-27,14,Changed mind,1,29.63,0.0,Completed
R0007387,SL000149050,O00086708,2024-12-15,13,Faulty product,1,32.09,0.0,Completed
R0007388,SL000149060,O00086712,2025-10-09,12,Incorrect item,1,65.11,0.0,Completed
R0007389,SL000149062,O00086713,2023-12-21,7,Size or fit issue,1,100.2,0.0,Completed
R0007390,SL000149103,O00086737,2024-02-29,10,Damaged item,1,17.49,0.0,Completed
R0007391,SL000149170,O00086783,2025-02-15,6,Damaged item,1,14.7,0.0,Completed
R0007392,SL000149192,O00086796,2025-11-19,4,Faulty product,1,35.0,0.0,Completed
R0007393,SL000149209,O00086804,2023-10-08,17,Size or fit issue,1,284.6,0.0,Completed
R0007394,SL000149217,O00086809,2025-03-25,9,Changed mind,1,77.61,0.0,Completed
R0007395,SL000149239,O00086822,2023-12-09,18,Changed mind,1,65.55,0.0,Completed
R0007396,SL000149306,O00086860,2024-12-18,5,Changed mind,4,40.8,7.2,Completed
R0007397,SL000149315,O00086865,2023-09-23,18,Changed mind,4,73.76,0.0,Completed
R0007398,SL000149322,O00086868,2023-02-11,19,Faulty product,1,124.28,0.0,Completed
R0007399,SL000149382,O00086899,2025-04-27,13,Faulty product,1,141.23,0.0,Completed
R0007400,SL000149385,O00086901,2025-02-01,4,Incorrect item,1,30.55,0.0,Completed
R0007401,SL000149405,O00086916,2023-11-27,20,Damaged item,1,7.92,0.0,Completed
R0007402,SL000149409,O00086917,2024-07-28,5,Changed mind,1,69.09,0.0,Completed
R0007403,SL000149417,O00086922,2024-01-02,8,Faulty product,1,12.73,0.0,Completed
R0007404,SL000149493,O00086962,2024-02-05,38,Changed mind,1,339.26,59.87,Completed
R0007405,SL000149496,O00086963,2025-03-20,8,Late delivery,1,131.98,0.0,Pending
R0007406,SL000149554,O00086997,2025-09-02,6,Not as described,1,194.66,0.0,Completed
R0007407,SL000149634,O00087044,2023-06-07,10,Faulty product,1,64.99,0.0,Completed
R0007408,SL000149649,O00087053,2023-10-24,6,Size or fit issue,1,675.06,0.0,Completed
R0007409,SL000149655,O00087058,2024-12-18,10,Not as described,2,40.82,0.0,Completed
R0007410,SL000149668,O00087063,2024-03-21,15,Changed mind,4,20.51,0.0,Completed
R0007411,SL000149670,O00087064,2025-05-07,2,Changed mind,1,229.12,40.43,Completed
R0007412,SL000149699,O00087080,2023-01-14,6,Faulty product,1,204.51,0.0,Completed
R0007413,SL000149715,O00087091,2024-07-14,2,Damaged item,1,68.24,0.0,Pending
R0007414,SL000149727,O00087098,2025-10-24,29,Incorrect item,1,63.88,0.0,Completed
R0007415,SL000149739,O00087107,2023-07-10,23,Damaged item,1,27.65,0.0,Completed
R0007416,SL000149764,O00087124,2024-02-11,11,Size or fit issue,1,7.92,0.0,Completed
R0007417,SL000149779,O00087132,2025-08-20,7,Damaged item,4,47.04,0.0,Completed
R0007418,SL000149803,O00087155,2025-10-19,6,Faulty product,1,4.29,0.0,Completed
R0007419,SL000149818,O00087162,2024-06-11,6,Faulty product,1,20.58,0.0,Completed
R0007420,SL000149840,O00087176,2024-09-26,6,Late delivery,1,90.12,0.0,Completed
R0007421,SL000149863,O00087192,2025-08-23,11,Changed mind,1,239.68,0.0,Completed
R0007422,SL000149878,O00087199,2023-12-29,20,Incorrect item,2,173.19,0.0,Completed
R0007423,SL000149881,O00087202,2025-10-04,6,Faulty product,2,109.94,0.0,Completed
R0007424,SL000149887,O00087206,2025-03-28,4,Not as described,3,66.39,0.0,Completed
R0007425,SL000149902,O00087214,2026-01-03,12,Faulty product,2,84.49,0.0,Completed
R0007426,SL000149914,O00087222,2023-06-16,12,Not as described,1,8.3,0.0,Completed
R0007427,SL000149951,O00087242,2024-12-11,1,Damaged item,2,66.86,0.0,Completed
R0007428,SL000149957,O00087248,2024-01-05,13,Damaged item,1,22.41,0.0,Completed
R0007429,SL000149966,O00087252,2024-09-11,11,Changed mind,1,88.57,15.63,Completed
R0007430,SL000149978,O00087262,2025-10-06,1,Late delivery,2,254.94,0.0,Completed
